//! The Unicode case and category tables of PostgreSQL.
//!
//! @generated by `cargo xtask pg-vendor` from `crates/rudb-kernels/vendor/unicode_case_table.h`,
//! `unicode_category_table.h` and `unicode_category.h`. Do not edit. `cargo xtask pg-check`
//! runs in the gate and fails if this file and the vendored files disagree.
//!
//! `CASES` has each code point that has a case mapping, sorted, with its lowercase,
//! titlecase, uppercase and case folded code point, and the index in `SPECIALS` of its
//! special mapping, or 0. A special mapping has its conditions and up to three code points
//! for each kind, in the same order. `CATEGORIES` has the general category of each range
//! of code points that has one, and the other tables are the ranges of a property.

/// The condition `Final_Sigma` of a special mapping.
pub(super) const FINAL_SIGMA: u8 = 1;

/// The general category of a code point, as `pg_unicode_category` has it.
#[derive(Debug, Clone, Copy, PartialEq, Eq)]
pub(super) enum Category {
    Unassigned = 0,
    UppercaseLetter = 1,
    LowercaseLetter = 2,
    TitlecaseLetter = 3,
    ModifierLetter = 4,
    OtherLetter = 5,
    NonspacingMark = 6,
    EnclosingMark = 7,
    SpacingMark = 8,
    DecimalNumber = 9,
    LetterNumber = 10,
    OtherNumber = 11,
    SpaceSeparator = 12,
    LineSeparator = 13,
    ParagraphSeparator = 14,
    Control = 15,
    Format = 16,
    PrivateUse = 17,
    Surrogate = 18,
    DashPunctuation = 19,
    OpenPunctuation = 20,
    ClosePunctuation = 21,
    ConnectorPunctuation = 22,
    OtherPunctuation = 23,
    MathSymbol = 24,
    CurrencySymbol = 25,
    ModifierSymbol = 26,
    OtherSymbol = 27,
    InitialPunctuation = 28,
    FinalPunctuation = 29,
}

#[rustfmt::skip]
pub(super) static CASES: [(u32, [u32; 4], u8); 3113] = [
    (0x00000, [0x00000, 0x00000, 0x00000, 0x00000], 0),
    (0x00001, [0x00001, 0x00001, 0x00001, 0x00001], 0),
    (0x00002, [0x00002, 0x00002, 0x00002, 0x00002], 0),
    (0x00003, [0x00003, 0x00003, 0x00003, 0x00003], 0),
    (0x00004, [0x00004, 0x00004, 0x00004, 0x00004], 0),
    (0x00005, [0x00005, 0x00005, 0x00005, 0x00005], 0),
    (0x00006, [0x00006, 0x00006, 0x00006, 0x00006], 0),
    (0x00007, [0x00007, 0x00007, 0x00007, 0x00007], 0),
    (0x00008, [0x00008, 0x00008, 0x00008, 0x00008], 0),
    (0x00009, [0x00009, 0x00009, 0x00009, 0x00009], 0),
    (0x0000A, [0x0000A, 0x0000A, 0x0000A, 0x0000A], 0),
    (0x0000B, [0x0000B, 0x0000B, 0x0000B, 0x0000B], 0),
    (0x0000C, [0x0000C, 0x0000C, 0x0000C, 0x0000C], 0),
    (0x0000D, [0x0000D, 0x0000D, 0x0000D, 0x0000D], 0),
    (0x0000E, [0x0000E, 0x0000E, 0x0000E, 0x0000E], 0),
    (0x0000F, [0x0000F, 0x0000F, 0x0000F, 0x0000F], 0),
    (0x00010, [0x00010, 0x00010, 0x00010, 0x00010], 0),
    (0x00011, [0x00011, 0x00011, 0x00011, 0x00011], 0),
    (0x00012, [0x00012, 0x00012, 0x00012, 0x00012], 0),
    (0x00013, [0x00013, 0x00013, 0x00013, 0x00013], 0),
    (0x00014, [0x00014, 0x00014, 0x00014, 0x00014], 0),
    (0x00015, [0x00015, 0x00015, 0x00015, 0x00015], 0),
    (0x00016, [0x00016, 0x00016, 0x00016, 0x00016], 0),
    (0x00017, [0x00017, 0x00017, 0x00017, 0x00017], 0),
    (0x00018, [0x00018, 0x00018, 0x00018, 0x00018], 0),
    (0x00019, [0x00019, 0x00019, 0x00019, 0x00019], 0),
    (0x0001A, [0x0001A, 0x0001A, 0x0001A, 0x0001A], 0),
    (0x0001B, [0x0001B, 0x0001B, 0x0001B, 0x0001B], 0),
    (0x0001C, [0x0001C, 0x0001C, 0x0001C, 0x0001C], 0),
    (0x0001D, [0x0001D, 0x0001D, 0x0001D, 0x0001D], 0),
    (0x0001E, [0x0001E, 0x0001E, 0x0001E, 0x0001E], 0),
    (0x0001F, [0x0001F, 0x0001F, 0x0001F, 0x0001F], 0),
    (0x00020, [0x00020, 0x00020, 0x00020, 0x00020], 0),
    (0x00021, [0x00021, 0x00021, 0x00021, 0x00021], 0),
    (0x00022, [0x00022, 0x00022, 0x00022, 0x00022], 0),
    (0x00023, [0x00023, 0x00023, 0x00023, 0x00023], 0),
    (0x00024, [0x00024, 0x00024, 0x00024, 0x00024], 0),
    (0x00025, [0x00025, 0x00025, 0x00025, 0x00025], 0),
    (0x00026, [0x00026, 0x00026, 0x00026, 0x00026], 0),
    (0x00027, [0x00027, 0x00027, 0x00027, 0x00027], 0),
    (0x00028, [0x00028, 0x00028, 0x00028, 0x00028], 0),
    (0x00029, [0x00029, 0x00029, 0x00029, 0x00029], 0),
    (0x0002A, [0x0002A, 0x0002A, 0x0002A, 0x0002A], 0),
    (0x0002B, [0x0002B, 0x0002B, 0x0002B, 0x0002B], 0),
    (0x0002C, [0x0002C, 0x0002C, 0x0002C, 0x0002C], 0),
    (0x0002D, [0x0002D, 0x0002D, 0x0002D, 0x0002D], 0),
    (0x0002E, [0x0002E, 0x0002E, 0x0002E, 0x0002E], 0),
    (0x0002F, [0x0002F, 0x0002F, 0x0002F, 0x0002F], 0),
    (0x00030, [0x00030, 0x00030, 0x00030, 0x00030], 0),
    (0x00031, [0x00031, 0x00031, 0x00031, 0x00031], 0),
    (0x00032, [0x00032, 0x00032, 0x00032, 0x00032], 0),
    (0x00033, [0x00033, 0x00033, 0x00033, 0x00033], 0),
    (0x00034, [0x00034, 0x00034, 0x00034, 0x00034], 0),
    (0x00035, [0x00035, 0x00035, 0x00035, 0x00035], 0),
    (0x00036, [0x00036, 0x00036, 0x00036, 0x00036], 0),
    (0x00037, [0x00037, 0x00037, 0x00037, 0x00037], 0),
    (0x00038, [0x00038, 0x00038, 0x00038, 0x00038], 0),
    (0x00039, [0x00039, 0x00039, 0x00039, 0x00039], 0),
    (0x0003A, [0x0003A, 0x0003A, 0x0003A, 0x0003A], 0),
    (0x0003B, [0x0003B, 0x0003B, 0x0003B, 0x0003B], 0),
    (0x0003C, [0x0003C, 0x0003C, 0x0003C, 0x0003C], 0),
    (0x0003D, [0x0003D, 0x0003D, 0x0003D, 0x0003D], 0),
    (0x0003E, [0x0003E, 0x0003E, 0x0003E, 0x0003E], 0),
    (0x0003F, [0x0003F, 0x0003F, 0x0003F, 0x0003F], 0),
    (0x00040, [0x00040, 0x00040, 0x00040, 0x00040], 0),
    (0x00041, [0x00061, 0x00041, 0x00041, 0x00061], 0),
    (0x00042, [0x00062, 0x00042, 0x00042, 0x00062], 0),
    (0x00043, [0x00063, 0x00043, 0x00043, 0x00063], 0),
    (0x00044, [0x00064, 0x00044, 0x00044, 0x00064], 0),
    (0x00045, [0x00065, 0x00045, 0x00045, 0x00065], 0),
    (0x00046, [0x00066, 0x00046, 0x00046, 0x00066], 0),
    (0x00047, [0x00067, 0x00047, 0x00047, 0x00067], 0),
    (0x00048, [0x00068, 0x00048, 0x00048, 0x00068], 0),
    (0x00049, [0x00069, 0x00049, 0x00049, 0x00069], 0),
    (0x0004A, [0x0006A, 0x0004A, 0x0004A, 0x0006A], 0),
    (0x0004B, [0x0006B, 0x0004B, 0x0004B, 0x0006B], 0),
    (0x0004C, [0x0006C, 0x0004C, 0x0004C, 0x0006C], 0),
    (0x0004D, [0x0006D, 0x0004D, 0x0004D, 0x0006D], 0),
    (0x0004E, [0x0006E, 0x0004E, 0x0004E, 0x0006E], 0),
    (0x0004F, [0x0006F, 0x0004F, 0x0004F, 0x0006F], 0),
    (0x00050, [0x00070, 0x00050, 0x00050, 0x00070], 0),
    (0x00051, [0x00071, 0x00051, 0x00051, 0x00071], 0),
    (0x00052, [0x00072, 0x00052, 0x00052, 0x00072], 0),
    (0x00053, [0x00073, 0x00053, 0x00053, 0x00073], 0),
    (0x00054, [0x00074, 0x00054, 0x00054, 0x00074], 0),
    (0x00055, [0x00075, 0x00055, 0x00055, 0x00075], 0),
    (0x00056, [0x00076, 0x00056, 0x00056, 0x00076], 0),
    (0x00057, [0x00077, 0x00057, 0x00057, 0x00077], 0),
    (0x00058, [0x00078, 0x00058, 0x00058, 0x00078], 0),
    (0x00059, [0x00079, 0x00059, 0x00059, 0x00079], 0),
    (0x0005A, [0x0007A, 0x0005A, 0x0005A, 0x0007A], 0),
    (0x0005B, [0x0005B, 0x0005B, 0x0005B, 0x0005B], 0),
    (0x0005C, [0x0005C, 0x0005C, 0x0005C, 0x0005C], 0),
    (0x0005D, [0x0005D, 0x0005D, 0x0005D, 0x0005D], 0),
    (0x0005E, [0x0005E, 0x0005E, 0x0005E, 0x0005E], 0),
    (0x0005F, [0x0005F, 0x0005F, 0x0005F, 0x0005F], 0),
    (0x00060, [0x00060, 0x00060, 0x00060, 0x00060], 0),
    (0x00061, [0x00061, 0x00041, 0x00041, 0x00061], 0),
    (0x00062, [0x00062, 0x00042, 0x00042, 0x00062], 0),
    (0x00063, [0x00063, 0x00043, 0x00043, 0x00063], 0),
    (0x00064, [0x00064, 0x00044, 0x00044, 0x00064], 0),
    (0x00065, [0x00065, 0x00045, 0x00045, 0x00065], 0),
    (0x00066, [0x00066, 0x00046, 0x00046, 0x00066], 0),
    (0x00067, [0x00067, 0x00047, 0x00047, 0x00067], 0),
    (0x00068, [0x00068, 0x00048, 0x00048, 0x00068], 0),
    (0x00069, [0x00069, 0x00049, 0x00049, 0x00069], 0),
    (0x0006A, [0x0006A, 0x0004A, 0x0004A, 0x0006A], 0),
    (0x0006B, [0x0006B, 0x0004B, 0x0004B, 0x0006B], 0),
    (0x0006C, [0x0006C, 0x0004C, 0x0004C, 0x0006C], 0),
    (0x0006D, [0x0006D, 0x0004D, 0x0004D, 0x0006D], 0),
    (0x0006E, [0x0006E, 0x0004E, 0x0004E, 0x0006E], 0),
    (0x0006F, [0x0006F, 0x0004F, 0x0004F, 0x0006F], 0),
    (0x00070, [0x00070, 0x00050, 0x00050, 0x00070], 0),
    (0x00071, [0x00071, 0x00051, 0x00051, 0x00071], 0),
    (0x00072, [0x00072, 0x00052, 0x00052, 0x00072], 0),
    (0x00073, [0x00073, 0x00053, 0x00053, 0x00073], 0),
    (0x00074, [0x00074, 0x00054, 0x00054, 0x00074], 0),
    (0x00075, [0x00075, 0x00055, 0x00055, 0x00075], 0),
    (0x00076, [0x00076, 0x00056, 0x00056, 0x00076], 0),
    (0x00077, [0x00077, 0x00057, 0x00057, 0x00077], 0),
    (0x00078, [0x00078, 0x00058, 0x00058, 0x00078], 0),
    (0x00079, [0x00079, 0x00059, 0x00059, 0x00079], 0),
    (0x0007A, [0x0007A, 0x0005A, 0x0005A, 0x0007A], 0),
    (0x0007B, [0x0007B, 0x0007B, 0x0007B, 0x0007B], 0),
    (0x0007C, [0x0007C, 0x0007C, 0x0007C, 0x0007C], 0),
    (0x0007D, [0x0007D, 0x0007D, 0x0007D, 0x0007D], 0),
    (0x0007E, [0x0007E, 0x0007E, 0x0007E, 0x0007E], 0),
    (0x0007F, [0x0007F, 0x0007F, 0x0007F, 0x0007F], 0),
    (0x000B5, [0x000B5, 0x0039C, 0x0039C, 0x003BC], 0),
    (0x000C0, [0x000E0, 0x000C0, 0x000C0, 0x000E0], 0),
    (0x000C1, [0x000E1, 0x000C1, 0x000C1, 0x000E1], 0),
    (0x000C2, [0x000E2, 0x000C2, 0x000C2, 0x000E2], 0),
    (0x000C3, [0x000E3, 0x000C3, 0x000C3, 0x000E3], 0),
    (0x000C4, [0x000E4, 0x000C4, 0x000C4, 0x000E4], 0),
    (0x000C5, [0x000E5, 0x000C5, 0x000C5, 0x000E5], 0),
    (0x000C6, [0x000E6, 0x000C6, 0x000C6, 0x000E6], 0),
    (0x000C7, [0x000E7, 0x000C7, 0x000C7, 0x000E7], 0),
    (0x000C8, [0x000E8, 0x000C8, 0x000C8, 0x000E8], 0),
    (0x000C9, [0x000E9, 0x000C9, 0x000C9, 0x000E9], 0),
    (0x000CA, [0x000EA, 0x000CA, 0x000CA, 0x000EA], 0),
    (0x000CB, [0x000EB, 0x000CB, 0x000CB, 0x000EB], 0),
    (0x000CC, [0x000EC, 0x000CC, 0x000CC, 0x000EC], 0),
    (0x000CD, [0x000ED, 0x000CD, 0x000CD, 0x000ED], 0),
    (0x000CE, [0x000EE, 0x000CE, 0x000CE, 0x000EE], 0),
    (0x000CF, [0x000EF, 0x000CF, 0x000CF, 0x000EF], 0),
    (0x000D0, [0x000F0, 0x000D0, 0x000D0, 0x000F0], 0),
    (0x000D1, [0x000F1, 0x000D1, 0x000D1, 0x000F1], 0),
    (0x000D2, [0x000F2, 0x000D2, 0x000D2, 0x000F2], 0),
    (0x000D3, [0x000F3, 0x000D3, 0x000D3, 0x000F3], 0),
    (0x000D4, [0x000F4, 0x000D4, 0x000D4, 0x000F4], 0),
    (0x000D5, [0x000F5, 0x000D5, 0x000D5, 0x000F5], 0),
    (0x000D6, [0x000F6, 0x000D6, 0x000D6, 0x000F6], 0),
    (0x000D8, [0x000F8, 0x000D8, 0x000D8, 0x000F8], 0),
    (0x000D9, [0x000F9, 0x000D9, 0x000D9, 0x000F9], 0),
    (0x000DA, [0x000FA, 0x000DA, 0x000DA, 0x000FA], 0),
    (0x000DB, [0x000FB, 0x000DB, 0x000DB, 0x000FB], 0),
    (0x000DC, [0x000FC, 0x000DC, 0x000DC, 0x000FC], 0),
    (0x000DD, [0x000FD, 0x000DD, 0x000DD, 0x000FD], 0),
    (0x000DE, [0x000FE, 0x000DE, 0x000DE, 0x000FE], 0),
    (0x000DF, [0x000DF, 0x000DF, 0x000DF, 0x000DF], 1),
    (0x000E0, [0x000E0, 0x000C0, 0x000C0, 0x000E0], 0),
    (0x000E1, [0x000E1, 0x000C1, 0x000C1, 0x000E1], 0),
    (0x000E2, [0x000E2, 0x000C2, 0x000C2, 0x000E2], 0),
    (0x000E3, [0x000E3, 0x000C3, 0x000C3, 0x000E3], 0),
    (0x000E4, [0x000E4, 0x000C4, 0x000C4, 0x000E4], 0),
    (0x000E5, [0x000E5, 0x000C5, 0x000C5, 0x000E5], 0),
    (0x000E6, [0x000E6, 0x000C6, 0x000C6, 0x000E6], 0),
    (0x000E7, [0x000E7, 0x000C7, 0x000C7, 0x000E7], 0),
    (0x000E8, [0x000E8, 0x000C8, 0x000C8, 0x000E8], 0),
    (0x000E9, [0x000E9, 0x000C9, 0x000C9, 0x000E9], 0),
    (0x000EA, [0x000EA, 0x000CA, 0x000CA, 0x000EA], 0),
    (0x000EB, [0x000EB, 0x000CB, 0x000CB, 0x000EB], 0),
    (0x000EC, [0x000EC, 0x000CC, 0x000CC, 0x000EC], 0),
    (0x000ED, [0x000ED, 0x000CD, 0x000CD, 0x000ED], 0),
    (0x000EE, [0x000EE, 0x000CE, 0x000CE, 0x000EE], 0),
    (0x000EF, [0x000EF, 0x000CF, 0x000CF, 0x000EF], 0),
    (0x000F0, [0x000F0, 0x000D0, 0x000D0, 0x000F0], 0),
    (0x000F1, [0x000F1, 0x000D1, 0x000D1, 0x000F1], 0),
    (0x000F2, [0x000F2, 0x000D2, 0x000D2, 0x000F2], 0),
    (0x000F3, [0x000F3, 0x000D3, 0x000D3, 0x000F3], 0),
    (0x000F4, [0x000F4, 0x000D4, 0x000D4, 0x000F4], 0),
    (0x000F5, [0x000F5, 0x000D5, 0x000D5, 0x000F5], 0),
    (0x000F6, [0x000F6, 0x000D6, 0x000D6, 0x000F6], 0),
    (0x000F8, [0x000F8, 0x000D8, 0x000D8, 0x000F8], 0),
    (0x000F9, [0x000F9, 0x000D9, 0x000D9, 0x000F9], 0),
    (0x000FA, [0x000FA, 0x000DA, 0x000DA, 0x000FA], 0),
    (0x000FB, [0x000FB, 0x000DB, 0x000DB, 0x000FB], 0),
    (0x000FC, [0x000FC, 0x000DC, 0x000DC, 0x000FC], 0),
    (0x000FD, [0x000FD, 0x000DD, 0x000DD, 0x000FD], 0),
    (0x000FE, [0x000FE, 0x000DE, 0x000DE, 0x000FE], 0),
    (0x000FF, [0x000FF, 0x00178, 0x00178, 0x000FF], 0),
    (0x00100, [0x00101, 0x00100, 0x00100, 0x00101], 0),
    (0x00101, [0x00101, 0x00100, 0x00100, 0x00101], 0),
    (0x00102, [0x00103, 0x00102, 0x00102, 0x00103], 0),
    (0x00103, [0x00103, 0x00102, 0x00102, 0x00103], 0),
    (0x00104, [0x00105, 0x00104, 0x00104, 0x00105], 0),
    (0x00105, [0x00105, 0x00104, 0x00104, 0x00105], 0),
    (0x00106, [0x00107, 0x00106, 0x00106, 0x00107], 0),
    (0x00107, [0x00107, 0x00106, 0x00106, 0x00107], 0),
    (0x00108, [0x00109, 0x00108, 0x00108, 0x00109], 0),
    (0x00109, [0x00109, 0x00108, 0x00108, 0x00109], 0),
    (0x0010A, [0x0010B, 0x0010A, 0x0010A, 0x0010B], 0),
    (0x0010B, [0x0010B, 0x0010A, 0x0010A, 0x0010B], 0),
    (0x0010C, [0x0010D, 0x0010C, 0x0010C, 0x0010D], 0),
    (0x0010D, [0x0010D, 0x0010C, 0x0010C, 0x0010D], 0),
    (0x0010E, [0x0010F, 0x0010E, 0x0010E, 0x0010F], 0),
    (0x0010F, [0x0010F, 0x0010E, 0x0010E, 0x0010F], 0),
    (0x00110, [0x00111, 0x00110, 0x00110, 0x00111], 0),
    (0x00111, [0x00111, 0x00110, 0x00110, 0x00111], 0),
    (0x00112, [0x00113, 0x00112, 0x00112, 0x00113], 0),
    (0x00113, [0x00113, 0x00112, 0x00112, 0x00113], 0),
    (0x00114, [0x00115, 0x00114, 0x00114, 0x00115], 0),
    (0x00115, [0x00115, 0x00114, 0x00114, 0x00115], 0),
    (0x00116, [0x00117, 0x00116, 0x00116, 0x00117], 0),
    (0x00117, [0x00117, 0x00116, 0x00116, 0x00117], 0),
    (0x00118, [0x00119, 0x00118, 0x00118, 0x00119], 0),
    (0x00119, [0x00119, 0x00118, 0x00118, 0x00119], 0),
    (0x0011A, [0x0011B, 0x0011A, 0x0011A, 0x0011B], 0),
    (0x0011B, [0x0011B, 0x0011A, 0x0011A, 0x0011B], 0),
    (0x0011C, [0x0011D, 0x0011C, 0x0011C, 0x0011D], 0),
    (0x0011D, [0x0011D, 0x0011C, 0x0011C, 0x0011D], 0),
    (0x0011E, [0x0011F, 0x0011E, 0x0011E, 0x0011F], 0),
    (0x0011F, [0x0011F, 0x0011E, 0x0011E, 0x0011F], 0),
    (0x00120, [0x00121, 0x00120, 0x00120, 0x00121], 0),
    (0x00121, [0x00121, 0x00120, 0x00120, 0x00121], 0),
    (0x00122, [0x00123, 0x00122, 0x00122, 0x00123], 0),
    (0x00123, [0x00123, 0x00122, 0x00122, 0x00123], 0),
    (0x00124, [0x00125, 0x00124, 0x00124, 0x00125], 0),
    (0x00125, [0x00125, 0x00124, 0x00124, 0x00125], 0),
    (0x00126, [0x00127, 0x00126, 0x00126, 0x00127], 0),
    (0x00127, [0x00127, 0x00126, 0x00126, 0x00127], 0),
    (0x00128, [0x00129, 0x00128, 0x00128, 0x00129], 0),
    (0x00129, [0x00129, 0x00128, 0x00128, 0x00129], 0),
    (0x0012A, [0x0012B, 0x0012A, 0x0012A, 0x0012B], 0),
    (0x0012B, [0x0012B, 0x0012A, 0x0012A, 0x0012B], 0),
    (0x0012C, [0x0012D, 0x0012C, 0x0012C, 0x0012D], 0),
    (0x0012D, [0x0012D, 0x0012C, 0x0012C, 0x0012D], 0),
    (0x0012E, [0x0012F, 0x0012E, 0x0012E, 0x0012F], 0),
    (0x0012F, [0x0012F, 0x0012E, 0x0012E, 0x0012F], 0),
    (0x00130, [0x00069, 0x00130, 0x00130, 0x00130], 2),
    (0x00131, [0x00131, 0x00049, 0x00049, 0x00131], 0),
    (0x00132, [0x00133, 0x00132, 0x00132, 0x00133], 0),
    (0x00133, [0x00133, 0x00132, 0x00132, 0x00133], 0),
    (0x00134, [0x00135, 0x00134, 0x00134, 0x00135], 0),
    (0x00135, [0x00135, 0x00134, 0x00134, 0x00135], 0),
    (0x00136, [0x00137, 0x00136, 0x00136, 0x00137], 0),
    (0x00137, [0x00137, 0x00136, 0x00136, 0x00137], 0),
    (0x00139, [0x0013A, 0x00139, 0x00139, 0x0013A], 0),
    (0x0013A, [0x0013A, 0x00139, 0x00139, 0x0013A], 0),
    (0x0013B, [0x0013C, 0x0013B, 0x0013B, 0x0013C], 0),
    (0x0013C, [0x0013C, 0x0013B, 0x0013B, 0x0013C], 0),
    (0x0013D, [0x0013E, 0x0013D, 0x0013D, 0x0013E], 0),
    (0x0013E, [0x0013E, 0x0013D, 0x0013D, 0x0013E], 0),
    (0x0013F, [0x00140, 0x0013F, 0x0013F, 0x00140], 0),
    (0x00140, [0x00140, 0x0013F, 0x0013F, 0x00140], 0),
    (0x00141, [0x00142, 0x00141, 0x00141, 0x00142], 0),
    (0x00142, [0x00142, 0x00141, 0x00141, 0x00142], 0),
    (0x00143, [0x00144, 0x00143, 0x00143, 0x00144], 0),
    (0x00144, [0x00144, 0x00143, 0x00143, 0x00144], 0),
    (0x00145, [0x00146, 0x00145, 0x00145, 0x00146], 0),
    (0x00146, [0x00146, 0x00145, 0x00145, 0x00146], 0),
    (0x00147, [0x00148, 0x00147, 0x00147, 0x00148], 0),
    (0x00148, [0x00148, 0x00147, 0x00147, 0x00148], 0),
    (0x00149, [0x00149, 0x00149, 0x00149, 0x00149], 3),
    (0x0014A, [0x0014B, 0x0014A, 0x0014A, 0x0014B], 0),
    (0x0014B, [0x0014B, 0x0014A, 0x0014A, 0x0014B], 0),
    (0x0014C, [0x0014D, 0x0014C, 0x0014C, 0x0014D], 0),
    (0x0014D, [0x0014D, 0x0014C, 0x0014C, 0x0014D], 0),
    (0x0014E, [0x0014F, 0x0014E, 0x0014E, 0x0014F], 0),
    (0x0014F, [0x0014F, 0x0014E, 0x0014E, 0x0014F], 0),
    (0x00150, [0x00151, 0x00150, 0x00150, 0x00151], 0),
    (0x00151, [0x00151, 0x00150, 0x00150, 0x00151], 0),
    (0x00152, [0x00153, 0x00152, 0x00152, 0x00153], 0),
    (0x00153, [0x00153, 0x00152, 0x00152, 0x00153], 0),
    (0x00154, [0x00155, 0x00154, 0x00154, 0x00155], 0),
    (0x00155, [0x00155, 0x00154, 0x00154, 0x00155], 0),
    (0x00156, [0x00157, 0x00156, 0x00156, 0x00157], 0),
    (0x00157, [0x00157, 0x00156, 0x00156, 0x00157], 0),
    (0x00158, [0x00159, 0x00158, 0x00158, 0x00159], 0),
    (0x00159, [0x00159, 0x00158, 0x00158, 0x00159], 0),
    (0x0015A, [0x0015B, 0x0015A, 0x0015A, 0x0015B], 0),
    (0x0015B, [0x0015B, 0x0015A, 0x0015A, 0x0015B], 0),
    (0x0015C, [0x0015D, 0x0015C, 0x0015C, 0x0015D], 0),
    (0x0015D, [0x0015D, 0x0015C, 0x0015C, 0x0015D], 0),
    (0x0015E, [0x0015F, 0x0015E, 0x0015E, 0x0015F], 0),
    (0x0015F, [0x0015F, 0x0015E, 0x0015E, 0x0015F], 0),
    (0x00160, [0x00161, 0x00160, 0x00160, 0x00161], 0),
    (0x00161, [0x00161, 0x00160, 0x00160, 0x00161], 0),
    (0x00162, [0x00163, 0x00162, 0x00162, 0x00163], 0),
    (0x00163, [0x00163, 0x00162, 0x00162, 0x00163], 0),
    (0x00164, [0x00165, 0x00164, 0x00164, 0x00165], 0),
    (0x00165, [0x00165, 0x00164, 0x00164, 0x00165], 0),
    (0x00166, [0x00167, 0x00166, 0x00166, 0x00167], 0),
    (0x00167, [0x00167, 0x00166, 0x00166, 0x00167], 0),
    (0x00168, [0x00169, 0x00168, 0x00168, 0x00169], 0),
    (0x00169, [0x00169, 0x00168, 0x00168, 0x00169], 0),
    (0x0016A, [0x0016B, 0x0016A, 0x0016A, 0x0016B], 0),
    (0x0016B, [0x0016B, 0x0016A, 0x0016A, 0x0016B], 0),
    (0x0016C, [0x0016D, 0x0016C, 0x0016C, 0x0016D], 0),
    (0x0016D, [0x0016D, 0x0016C, 0x0016C, 0x0016D], 0),
    (0x0016E, [0x0016F, 0x0016E, 0x0016E, 0x0016F], 0),
    (0x0016F, [0x0016F, 0x0016E, 0x0016E, 0x0016F], 0),
    (0x00170, [0x00171, 0x00170, 0x00170, 0x00171], 0),
    (0x00171, [0x00171, 0x00170, 0x00170, 0x00171], 0),
    (0x00172, [0x00173, 0x00172, 0x00172, 0x00173], 0),
    (0x00173, [0x00173, 0x00172, 0x00172, 0x00173], 0),
    (0x00174, [0x00175, 0x00174, 0x00174, 0x00175], 0),
    (0x00175, [0x00175, 0x00174, 0x00174, 0x00175], 0),
    (0x00176, [0x00177, 0x00176, 0x00176, 0x00177], 0),
    (0x00177, [0x00177, 0x00176, 0x00176, 0x00177], 0),
    (0x00178, [0x000FF, 0x00178, 0x00178, 0x000FF], 0),
    (0x00179, [0x0017A, 0x00179, 0x00179, 0x0017A], 0),
    (0x0017A, [0x0017A, 0x00179, 0x00179, 0x0017A], 0),
    (0x0017B, [0x0017C, 0x0017B, 0x0017B, 0x0017C], 0),
    (0x0017C, [0x0017C, 0x0017B, 0x0017B, 0x0017C], 0),
    (0x0017D, [0x0017E, 0x0017D, 0x0017D, 0x0017E], 0),
    (0x0017E, [0x0017E, 0x0017D, 0x0017D, 0x0017E], 0),
    (0x0017F, [0x0017F, 0x00053, 0x00053, 0x00073], 0),
    (0x00180, [0x00180, 0x00243, 0x00243, 0x00180], 0),
    (0x00181, [0x00253, 0x00181, 0x00181, 0x00253], 0),
    (0x00182, [0x00183, 0x00182, 0x00182, 0x00183], 0),
    (0x00183, [0x00183, 0x00182, 0x00182, 0x00183], 0),
    (0x00184, [0x00185, 0x00184, 0x00184, 0x00185], 0),
    (0x00185, [0x00185, 0x00184, 0x00184, 0x00185], 0),
    (0x00186, [0x00254, 0x00186, 0x00186, 0x00254], 0),
    (0x00187, [0x00188, 0x00187, 0x00187, 0x00188], 0),
    (0x00188, [0x00188, 0x00187, 0x00187, 0x00188], 0),
    (0x00189, [0x00256, 0x00189, 0x00189, 0x00256], 0),
    (0x0018A, [0x00257, 0x0018A, 0x0018A, 0x00257], 0),
    (0x0018B, [0x0018C, 0x0018B, 0x0018B, 0x0018C], 0),
    (0x0018C, [0x0018C, 0x0018B, 0x0018B, 0x0018C], 0),
    (0x0018E, [0x001DD, 0x0018E, 0x0018E, 0x001DD], 0),
    (0x0018F, [0x00259, 0x0018F, 0x0018F, 0x00259], 0),
    (0x00190, [0x0025B, 0x00190, 0x00190, 0x0025B], 0),
    (0x00191, [0x00192, 0x00191, 0x00191, 0x00192], 0),
    (0x00192, [0x00192, 0x00191, 0x00191, 0x00192], 0),
    (0x00193, [0x00260, 0x00193, 0x00193, 0x00260], 0),
    (0x00194, [0x00263, 0x00194, 0x00194, 0x00263], 0),
    (0x00195, [0x00195, 0x001F6, 0x001F6, 0x00195], 0),
    (0x00196, [0x00269, 0x00196, 0x00196, 0x00269], 0),
    (0x00197, [0x00268, 0x00197, 0x00197, 0x00268], 0),
    (0x00198, [0x00199, 0x00198, 0x00198, 0x00199], 0),
    (0x00199, [0x00199, 0x00198, 0x00198, 0x00199], 0),
    (0x0019A, [0x0019A, 0x0023D, 0x0023D, 0x0019A], 0),
    (0x0019B, [0x0019B, 0x0A7DC, 0x0A7DC, 0x0019B], 0),
    (0x0019C, [0x0026F, 0x0019C, 0x0019C, 0x0026F], 0),
    (0x0019D, [0x00272, 0x0019D, 0x0019D, 0x00272], 0),
    (0x0019E, [0x0019E, 0x00220, 0x00220, 0x0019E], 0),
    (0x0019F, [0x00275, 0x0019F, 0x0019F, 0x00275], 0),
    (0x001A0, [0x001A1, 0x001A0, 0x001A0, 0x001A1], 0),
    (0x001A1, [0x001A1, 0x001A0, 0x001A0, 0x001A1], 0),
    (0x001A2, [0x001A3, 0x001A2, 0x001A2, 0x001A3], 0),
    (0x001A3, [0x001A3, 0x001A2, 0x001A2, 0x001A3], 0),
    (0x001A4, [0x001A5, 0x001A4, 0x001A4, 0x001A5], 0),
    (0x001A5, [0x001A5, 0x001A4, 0x001A4, 0x001A5], 0),
    (0x001A6, [0x00280, 0x001A6, 0x001A6, 0x00280], 0),
    (0x001A7, [0x001A8, 0x001A7, 0x001A7, 0x001A8], 0),
    (0x001A8, [0x001A8, 0x001A7, 0x001A7, 0x001A8], 0),
    (0x001A9, [0x00283, 0x001A9, 0x001A9, 0x00283], 0),
    (0x001AC, [0x001AD, 0x001AC, 0x001AC, 0x001AD], 0),
    (0x001AD, [0x001AD, 0x001AC, 0x001AC, 0x001AD], 0),
    (0x001AE, [0x00288, 0x001AE, 0x001AE, 0x00288], 0),
    (0x001AF, [0x001B0, 0x001AF, 0x001AF, 0x001B0], 0),
    (0x001B0, [0x001B0, 0x001AF, 0x001AF, 0x001B0], 0),
    (0x001B1, [0x0028A, 0x001B1, 0x001B1, 0x0028A], 0),
    (0x001B2, [0x0028B, 0x001B2, 0x001B2, 0x0028B], 0),
    (0x001B3, [0x001B4, 0x001B3, 0x001B3, 0x001B4], 0),
    (0x001B4, [0x001B4, 0x001B3, 0x001B3, 0x001B4], 0),
    (0x001B5, [0x001B6, 0x001B5, 0x001B5, 0x001B6], 0),
    (0x001B6, [0x001B6, 0x001B5, 0x001B5, 0x001B6], 0),
    (0x001B7, [0x00292, 0x001B7, 0x001B7, 0x00292], 0),
    (0x001B8, [0x001B9, 0x001B8, 0x001B8, 0x001B9], 0),
    (0x001B9, [0x001B9, 0x001B8, 0x001B8, 0x001B9], 0),
    (0x001BC, [0x001BD, 0x001BC, 0x001BC, 0x001BD], 0),
    (0x001BD, [0x001BD, 0x001BC, 0x001BC, 0x001BD], 0),
    (0x001BF, [0x001BF, 0x001F7, 0x001F7, 0x001BF], 0),
    (0x001C4, [0x001C6, 0x001C5, 0x001C4, 0x001C6], 0),
    (0x001C5, [0x001C6, 0x001C5, 0x001C4, 0x001C6], 0),
    (0x001C6, [0x001C6, 0x001C5, 0x001C4, 0x001C6], 0),
    (0x001C7, [0x001C9, 0x001C8, 0x001C7, 0x001C9], 0),
    (0x001C8, [0x001C9, 0x001C8, 0x001C7, 0x001C9], 0),
    (0x001C9, [0x001C9, 0x001C8, 0x001C7, 0x001C9], 0),
    (0x001CA, [0x001CC, 0x001CB, 0x001CA, 0x001CC], 0),
    (0x001CB, [0x001CC, 0x001CB, 0x001CA, 0x001CC], 0),
    (0x001CC, [0x001CC, 0x001CB, 0x001CA, 0x001CC], 0),
    (0x001CD, [0x001CE, 0x001CD, 0x001CD, 0x001CE], 0),
    (0x001CE, [0x001CE, 0x001CD, 0x001CD, 0x001CE], 0),
    (0x001CF, [0x001D0, 0x001CF, 0x001CF, 0x001D0], 0),
    (0x001D0, [0x001D0, 0x001CF, 0x001CF, 0x001D0], 0),
    (0x001D1, [0x001D2, 0x001D1, 0x001D1, 0x001D2], 0),
    (0x001D2, [0x001D2, 0x001D1, 0x001D1, 0x001D2], 0),
    (0x001D3, [0x001D4, 0x001D3, 0x001D3, 0x001D4], 0),
    (0x001D4, [0x001D4, 0x001D3, 0x001D3, 0x001D4], 0),
    (0x001D5, [0x001D6, 0x001D5, 0x001D5, 0x001D6], 0),
    (0x001D6, [0x001D6, 0x001D5, 0x001D5, 0x001D6], 0),
    (0x001D7, [0x001D8, 0x001D7, 0x001D7, 0x001D8], 0),
    (0x001D8, [0x001D8, 0x001D7, 0x001D7, 0x001D8], 0),
    (0x001D9, [0x001DA, 0x001D9, 0x001D9, 0x001DA], 0),
    (0x001DA, [0x001DA, 0x001D9, 0x001D9, 0x001DA], 0),
    (0x001DB, [0x001DC, 0x001DB, 0x001DB, 0x001DC], 0),
    (0x001DC, [0x001DC, 0x001DB, 0x001DB, 0x001DC], 0),
    (0x001DD, [0x001DD, 0x0018E, 0x0018E, 0x001DD], 0),
    (0x001DE, [0x001DF, 0x001DE, 0x001DE, 0x001DF], 0),
    (0x001DF, [0x001DF, 0x001DE, 0x001DE, 0x001DF], 0),
    (0x001E0, [0x001E1, 0x001E0, 0x001E0, 0x001E1], 0),
    (0x001E1, [0x001E1, 0x001E0, 0x001E0, 0x001E1], 0),
    (0x001E2, [0x001E3, 0x001E2, 0x001E2, 0x001E3], 0),
    (0x001E3, [0x001E3, 0x001E2, 0x001E2, 0x001E3], 0),
    (0x001E4, [0x001E5, 0x001E4, 0x001E4, 0x001E5], 0),
    (0x001E5, [0x001E5, 0x001E4, 0x001E4, 0x001E5], 0),
    (0x001E6, [0x001E7, 0x001E6, 0x001E6, 0x001E7], 0),
    (0x001E7, [0x001E7, 0x001E6, 0x001E6, 0x001E7], 0),
    (0x001E8, [0x001E9, 0x001E8, 0x001E8, 0x001E9], 0),
    (0x001E9, [0x001E9, 0x001E8, 0x001E8, 0x001E9], 0),
    (0x001EA, [0x001EB, 0x001EA, 0x001EA, 0x001EB], 0),
    (0x001EB, [0x001EB, 0x001EA, 0x001EA, 0x001EB], 0),
    (0x001EC, [0x001ED, 0x001EC, 0x001EC, 0x001ED], 0),
    (0x001ED, [0x001ED, 0x001EC, 0x001EC, 0x001ED], 0),
    (0x001EE, [0x001EF, 0x001EE, 0x001EE, 0x001EF], 0),
    (0x001EF, [0x001EF, 0x001EE, 0x001EE, 0x001EF], 0),
    (0x001F0, [0x001F0, 0x001F0, 0x001F0, 0x001F0], 4),
    (0x001F1, [0x001F3, 0x001F2, 0x001F1, 0x001F3], 0),
    (0x001F2, [0x001F3, 0x001F2, 0x001F1, 0x001F3], 0),
    (0x001F3, [0x001F3, 0x001F2, 0x001F1, 0x001F3], 0),
    (0x001F4, [0x001F5, 0x001F4, 0x001F4, 0x001F5], 0),
    (0x001F5, [0x001F5, 0x001F4, 0x001F4, 0x001F5], 0),
    (0x001F6, [0x00195, 0x001F6, 0x001F6, 0x00195], 0),
    (0x001F7, [0x001BF, 0x001F7, 0x001F7, 0x001BF], 0),
    (0x001F8, [0x001F9, 0x001F8, 0x001F8, 0x001F9], 0),
    (0x001F9, [0x001F9, 0x001F8, 0x001F8, 0x001F9], 0),
    (0x001FA, [0x001FB, 0x001FA, 0x001FA, 0x001FB], 0),
    (0x001FB, [0x001FB, 0x001FA, 0x001FA, 0x001FB], 0),
    (0x001FC, [0x001FD, 0x001FC, 0x001FC, 0x001FD], 0),
    (0x001FD, [0x001FD, 0x001FC, 0x001FC, 0x001FD], 0),
    (0x001FE, [0x001FF, 0x001FE, 0x001FE, 0x001FF], 0),
    (0x001FF, [0x001FF, 0x001FE, 0x001FE, 0x001FF], 0),
    (0x00200, [0x00201, 0x00200, 0x00200, 0x00201], 0),
    (0x00201, [0x00201, 0x00200, 0x00200, 0x00201], 0),
    (0x00202, [0x00203, 0x00202, 0x00202, 0x00203], 0),
    (0x00203, [0x00203, 0x00202, 0x00202, 0x00203], 0),
    (0x00204, [0x00205, 0x00204, 0x00204, 0x00205], 0),
    (0x00205, [0x00205, 0x00204, 0x00204, 0x00205], 0),
    (0x00206, [0x00207, 0x00206, 0x00206, 0x00207], 0),
    (0x00207, [0x00207, 0x00206, 0x00206, 0x00207], 0),
    (0x00208, [0x00209, 0x00208, 0x00208, 0x00209], 0),
    (0x00209, [0x00209, 0x00208, 0x00208, 0x00209], 0),
    (0x0020A, [0x0020B, 0x0020A, 0x0020A, 0x0020B], 0),
    (0x0020B, [0x0020B, 0x0020A, 0x0020A, 0x0020B], 0),
    (0x0020C, [0x0020D, 0x0020C, 0x0020C, 0x0020D], 0),
    (0x0020D, [0x0020D, 0x0020C, 0x0020C, 0x0020D], 0),
    (0x0020E, [0x0020F, 0x0020E, 0x0020E, 0x0020F], 0),
    (0x0020F, [0x0020F, 0x0020E, 0x0020E, 0x0020F], 0),
    (0x00210, [0x00211, 0x00210, 0x00210, 0x00211], 0),
    (0x00211, [0x00211, 0x00210, 0x00210, 0x00211], 0),
    (0x00212, [0x00213, 0x00212, 0x00212, 0x00213], 0),
    (0x00213, [0x00213, 0x00212, 0x00212, 0x00213], 0),
    (0x00214, [0x00215, 0x00214, 0x00214, 0x00215], 0),
    (0x00215, [0x00215, 0x00214, 0x00214, 0x00215], 0),
    (0x00216, [0x00217, 0x00216, 0x00216, 0x00217], 0),
    (0x00217, [0x00217, 0x00216, 0x00216, 0x00217], 0),
    (0x00218, [0x00219, 0x00218, 0x00218, 0x00219], 0),
    (0x00219, [0x00219, 0x00218, 0x00218, 0x00219], 0),
    (0x0021A, [0x0021B, 0x0021A, 0x0021A, 0x0021B], 0),
    (0x0021B, [0x0021B, 0x0021A, 0x0021A, 0x0021B], 0),
    (0x0021C, [0x0021D, 0x0021C, 0x0021C, 0x0021D], 0),
    (0x0021D, [0x0021D, 0x0021C, 0x0021C, 0x0021D], 0),
    (0x0021E, [0x0021F, 0x0021E, 0x0021E, 0x0021F], 0),
    (0x0021F, [0x0021F, 0x0021E, 0x0021E, 0x0021F], 0),
    (0x00220, [0x0019E, 0x00220, 0x00220, 0x0019E], 0),
    (0x00222, [0x00223, 0x00222, 0x00222, 0x00223], 0),
    (0x00223, [0x00223, 0x00222, 0x00222, 0x00223], 0),
    (0x00224, [0x00225, 0x00224, 0x00224, 0x00225], 0),
    (0x00225, [0x00225, 0x00224, 0x00224, 0x00225], 0),
    (0x00226, [0x00227, 0x00226, 0x00226, 0x00227], 0),
    (0x00227, [0x00227, 0x00226, 0x00226, 0x00227], 0),
    (0x00228, [0x00229, 0x00228, 0x00228, 0x00229], 0),
    (0x00229, [0x00229, 0x00228, 0x00228, 0x00229], 0),
    (0x0022A, [0x0022B, 0x0022A, 0x0022A, 0x0022B], 0),
    (0x0022B, [0x0022B, 0x0022A, 0x0022A, 0x0022B], 0),
    (0x0022C, [0x0022D, 0x0022C, 0x0022C, 0x0022D], 0),
    (0x0022D, [0x0022D, 0x0022C, 0x0022C, 0x0022D], 0),
    (0x0022E, [0x0022F, 0x0022E, 0x0022E, 0x0022F], 0),
    (0x0022F, [0x0022F, 0x0022E, 0x0022E, 0x0022F], 0),
    (0x00230, [0x00231, 0x00230, 0x00230, 0x00231], 0),
    (0x00231, [0x00231, 0x00230, 0x00230, 0x00231], 0),
    (0x00232, [0x00233, 0x00232, 0x00232, 0x00233], 0),
    (0x00233, [0x00233, 0x00232, 0x00232, 0x00233], 0),
    (0x0023A, [0x02C65, 0x0023A, 0x0023A, 0x02C65], 0),
    (0x0023B, [0x0023C, 0x0023B, 0x0023B, 0x0023C], 0),
    (0x0023C, [0x0023C, 0x0023B, 0x0023B, 0x0023C], 0),
    (0x0023D, [0x0019A, 0x0023D, 0x0023D, 0x0019A], 0),
    (0x0023E, [0x02C66, 0x0023E, 0x0023E, 0x02C66], 0),
    (0x0023F, [0x0023F, 0x02C7E, 0x02C7E, 0x0023F], 0),
    (0x00240, [0x00240, 0x02C7F, 0x02C7F, 0x00240], 0),
    (0x00241, [0x00242, 0x00241, 0x00241, 0x00242], 0),
    (0x00242, [0x00242, 0x00241, 0x00241, 0x00242], 0),
    (0x00243, [0x00180, 0x00243, 0x00243, 0x00180], 0),
    (0x00244, [0x00289, 0x00244, 0x00244, 0x00289], 0),
    (0x00245, [0x0028C, 0x00245, 0x00245, 0x0028C], 0),
    (0x00246, [0x00247, 0x00246, 0x00246, 0x00247], 0),
    (0x00247, [0x00247, 0x00246, 0x00246, 0x00247], 0),
    (0x00248, [0x00249, 0x00248, 0x00248, 0x00249], 0),
    (0x00249, [0x00249, 0x00248, 0x00248, 0x00249], 0),
    (0x0024A, [0x0024B, 0x0024A, 0x0024A, 0x0024B], 0),
    (0x0024B, [0x0024B, 0x0024A, 0x0024A, 0x0024B], 0),
    (0x0024C, [0x0024D, 0x0024C, 0x0024C, 0x0024D], 0),
    (0x0024D, [0x0024D, 0x0024C, 0x0024C, 0x0024D], 0),
    (0x0024E, [0x0024F, 0x0024E, 0x0024E, 0x0024F], 0),
    (0x0024F, [0x0024F, 0x0024E, 0x0024E, 0x0024F], 0),
    (0x00250, [0x00250, 0x02C6F, 0x02C6F, 0x00250], 0),
    (0x00251, [0x00251, 0x02C6D, 0x02C6D, 0x00251], 0),
    (0x00252, [0x00252, 0x02C70, 0x02C70, 0x00252], 0),
    (0x00253, [0x00253, 0x00181, 0x00181, 0x00253], 0),
    (0x00254, [0x00254, 0x00186, 0x00186, 0x00254], 0),
    (0x00256, [0x00256, 0x00189, 0x00189, 0x00256], 0),
    (0x00257, [0x00257, 0x0018A, 0x0018A, 0x00257], 0),
    (0x00259, [0x00259, 0x0018F, 0x0018F, 0x00259], 0),
    (0x0025B, [0x0025B, 0x00190, 0x00190, 0x0025B], 0),
    (0x0025C, [0x0025C, 0x0A7AB, 0x0A7AB, 0x0025C], 0),
    (0x00260, [0x00260, 0x00193, 0x00193, 0x00260], 0),
    (0x00261, [0x00261, 0x0A7AC, 0x0A7AC, 0x00261], 0),
    (0x00263, [0x00263, 0x00194, 0x00194, 0x00263], 0),
    (0x00264, [0x00264, 0x0A7CB, 0x0A7CB, 0x00264], 0),
    (0x00265, [0x00265, 0x0A78D, 0x0A78D, 0x00265], 0),
    (0x00266, [0x00266, 0x0A7AA, 0x0A7AA, 0x00266], 0),
    (0x00268, [0x00268, 0x00197, 0x00197, 0x00268], 0),
    (0x00269, [0x00269, 0x00196, 0x00196, 0x00269], 0),
    (0x0026A, [0x0026A, 0x0A7AE, 0x0A7AE, 0x0026A], 0),
    (0x0026B, [0x0026B, 0x02C62, 0x02C62, 0x0026B], 0),
    (0x0026C, [0x0026C, 0x0A7AD, 0x0A7AD, 0x0026C], 0),
    (0x0026F, [0x0026F, 0x0019C, 0x0019C, 0x0026F], 0),
    (0x00271, [0x00271, 0x02C6E, 0x02C6E, 0x00271], 0),
    (0x00272, [0x00272, 0x0019D, 0x0019D, 0x00272], 0),
    (0x00275, [0x00275, 0x0019F, 0x0019F, 0x00275], 0),
    (0x0027D, [0x0027D, 0x02C64, 0x02C64, 0x0027D], 0),
    (0x00280, [0x00280, 0x001A6, 0x001A6, 0x00280], 0),
    (0x00282, [0x00282, 0x0A7C5, 0x0A7C5, 0x00282], 0),
    (0x00283, [0x00283, 0x001A9, 0x001A9, 0x00283], 0),
    (0x00287, [0x00287, 0x0A7B1, 0x0A7B1, 0x00287], 0),
    (0x00288, [0x00288, 0x001AE, 0x001AE, 0x00288], 0),
    (0x00289, [0x00289, 0x00244, 0x00244, 0x00289], 0),
    (0x0028A, [0x0028A, 0x001B1, 0x001B1, 0x0028A], 0),
    (0x0028B, [0x0028B, 0x001B2, 0x001B2, 0x0028B], 0),
    (0x0028C, [0x0028C, 0x00245, 0x00245, 0x0028C], 0),
    (0x00292, [0x00292, 0x001B7, 0x001B7, 0x00292], 0),
    (0x0029D, [0x0029D, 0x0A7B2, 0x0A7B2, 0x0029D], 0),
    (0x0029E, [0x0029E, 0x0A7B0, 0x0A7B0, 0x0029E], 0),
    (0x00345, [0x00345, 0x00399, 0x00399, 0x003B9], 0),
    (0x00370, [0x00371, 0x00370, 0x00370, 0x00371], 0),
    (0x00371, [0x00371, 0x00370, 0x00370, 0x00371], 0),
    (0x00372, [0x00373, 0x00372, 0x00372, 0x00373], 0),
    (0x00373, [0x00373, 0x00372, 0x00372, 0x00373], 0),
    (0x00376, [0x00377, 0x00376, 0x00376, 0x00377], 0),
    (0x00377, [0x00377, 0x00376, 0x00376, 0x00377], 0),
    (0x0037B, [0x0037B, 0x003FD, 0x003FD, 0x0037B], 0),
    (0x0037C, [0x0037C, 0x003FE, 0x003FE, 0x0037C], 0),
    (0x0037D, [0x0037D, 0x003FF, 0x003FF, 0x0037D], 0),
    (0x0037F, [0x003F3, 0x0037F, 0x0037F, 0x003F3], 0),
    (0x00386, [0x003AC, 0x00386, 0x00386, 0x003AC], 0),
    (0x00388, [0x003AD, 0x00388, 0x00388, 0x003AD], 0),
    (0x00389, [0x003AE, 0x00389, 0x00389, 0x003AE], 0),
    (0x0038A, [0x003AF, 0x0038A, 0x0038A, 0x003AF], 0),
    (0x0038C, [0x003CC, 0x0038C, 0x0038C, 0x003CC], 0),
    (0x0038E, [0x003CD, 0x0038E, 0x0038E, 0x003CD], 0),
    (0x0038F, [0x003CE, 0x0038F, 0x0038F, 0x003CE], 0),
    (0x00390, [0x00390, 0x00390, 0x00390, 0x00390], 5),
    (0x00391, [0x003B1, 0x00391, 0x00391, 0x003B1], 0),
    (0x00392, [0x003B2, 0x00392, 0x00392, 0x003B2], 0),
    (0x00393, [0x003B3, 0x00393, 0x00393, 0x003B3], 0),
    (0x00394, [0x003B4, 0x00394, 0x00394, 0x003B4], 0),
    (0x00395, [0x003B5, 0x00395, 0x00395, 0x003B5], 0),
    (0x00396, [0x003B6, 0x00396, 0x00396, 0x003B6], 0),
    (0x00397, [0x003B7, 0x00397, 0x00397, 0x003B7], 0),
    (0x00398, [0x003B8, 0x00398, 0x00398, 0x003B8], 0),
    (0x00399, [0x003B9, 0x00399, 0x00399, 0x003B9], 0),
    (0x0039A, [0x003BA, 0x0039A, 0x0039A, 0x003BA], 0),
    (0x0039B, [0x003BB, 0x0039B, 0x0039B, 0x003BB], 0),
    (0x0039C, [0x003BC, 0x0039C, 0x0039C, 0x003BC], 0),
    (0x0039D, [0x003BD, 0x0039D, 0x0039D, 0x003BD], 0),
    (0x0039E, [0x003BE, 0x0039E, 0x0039E, 0x003BE], 0),
    (0x0039F, [0x003BF, 0x0039F, 0x0039F, 0x003BF], 0),
    (0x003A0, [0x003C0, 0x003A0, 0x003A0, 0x003C0], 0),
    (0x003A1, [0x003C1, 0x003A1, 0x003A1, 0x003C1], 0),
    (0x003A3, [0x003C3, 0x003A3, 0x003A3, 0x003C3], 6),
    (0x003A4, [0x003C4, 0x003A4, 0x003A4, 0x003C4], 0),
    (0x003A5, [0x003C5, 0x003A5, 0x003A5, 0x003C5], 0),
    (0x003A6, [0x003C6, 0x003A6, 0x003A6, 0x003C6], 0),
    (0x003A7, [0x003C7, 0x003A7, 0x003A7, 0x003C7], 0),
    (0x003A8, [0x003C8, 0x003A8, 0x003A8, 0x003C8], 0),
    (0x003A9, [0x003C9, 0x003A9, 0x003A9, 0x003C9], 0),
    (0x003AA, [0x003CA, 0x003AA, 0x003AA, 0x003CA], 0),
    (0x003AB, [0x003CB, 0x003AB, 0x003AB, 0x003CB], 0),
    (0x003AC, [0x003AC, 0x00386, 0x00386, 0x003AC], 0),
    (0x003AD, [0x003AD, 0x00388, 0x00388, 0x003AD], 0),
    (0x003AE, [0x003AE, 0x00389, 0x00389, 0x003AE], 0),
    (0x003AF, [0x003AF, 0x0038A, 0x0038A, 0x003AF], 0),
    (0x003B0, [0x003B0, 0x003B0, 0x003B0, 0x003B0], 7),
    (0x003B1, [0x003B1, 0x00391, 0x00391, 0x003B1], 0),
    (0x003B2, [0x003B2, 0x00392, 0x00392, 0x003B2], 0),
    (0x003B3, [0x003B3, 0x00393, 0x00393, 0x003B3], 0),
    (0x003B4, [0x003B4, 0x00394, 0x00394, 0x003B4], 0),
    (0x003B5, [0x003B5, 0x00395, 0x00395, 0x003B5], 0),
    (0x003B6, [0x003B6, 0x00396, 0x00396, 0x003B6], 0),
    (0x003B7, [0x003B7, 0x00397, 0x00397, 0x003B7], 0),
    (0x003B8, [0x003B8, 0x00398, 0x00398, 0x003B8], 0),
    (0x003B9, [0x003B9, 0x00399, 0x00399, 0x003B9], 0),
    (0x003BA, [0x003BA, 0x0039A, 0x0039A, 0x003BA], 0),
    (0x003BB, [0x003BB, 0x0039B, 0x0039B, 0x003BB], 0),
    (0x003BC, [0x003BC, 0x0039C, 0x0039C, 0x003BC], 0),
    (0x003BD, [0x003BD, 0x0039D, 0x0039D, 0x003BD], 0),
    (0x003BE, [0x003BE, 0x0039E, 0x0039E, 0x003BE], 0),
    (0x003BF, [0x003BF, 0x0039F, 0x0039F, 0x003BF], 0),
    (0x003C0, [0x003C0, 0x003A0, 0x003A0, 0x003C0], 0),
    (0x003C1, [0x003C1, 0x003A1, 0x003A1, 0x003C1], 0),
    (0x003C2, [0x003C2, 0x003A3, 0x003A3, 0x003C3], 0),
    (0x003C3, [0x003C3, 0x003A3, 0x003A3, 0x003C3], 0),
    (0x003C4, [0x003C4, 0x003A4, 0x003A4, 0x003C4], 0),
    (0x003C5, [0x003C5, 0x003A5, 0x003A5, 0x003C5], 0),
    (0x003C6, [0x003C6, 0x003A6, 0x003A6, 0x003C6], 0),
    (0x003C7, [0x003C7, 0x003A7, 0x003A7, 0x003C7], 0),
    (0x003C8, [0x003C8, 0x003A8, 0x003A8, 0x003C8], 0),
    (0x003C9, [0x003C9, 0x003A9, 0x003A9, 0x003C9], 0),
    (0x003CA, [0x003CA, 0x003AA, 0x003AA, 0x003CA], 0),
    (0x003CB, [0x003CB, 0x003AB, 0x003AB, 0x003CB], 0),
    (0x003CC, [0x003CC, 0x0038C, 0x0038C, 0x003CC], 0),
    (0x003CD, [0x003CD, 0x0038E, 0x0038E, 0x003CD], 0),
    (0x003CE, [0x003CE, 0x0038F, 0x0038F, 0x003CE], 0),
    (0x003CF, [0x003D7, 0x003CF, 0x003CF, 0x003D7], 0),
    (0x003D0, [0x003D0, 0x00392, 0x00392, 0x003B2], 0),
    (0x003D1, [0x003D1, 0x00398, 0x00398, 0x003B8], 0),
    (0x003D5, [0x003D5, 0x003A6, 0x003A6, 0x003C6], 0),
    (0x003D6, [0x003D6, 0x003A0, 0x003A0, 0x003C0], 0),
    (0x003D7, [0x003D7, 0x003CF, 0x003CF, 0x003D7], 0),
    (0x003D8, [0x003D9, 0x003D8, 0x003D8, 0x003D9], 0),
    (0x003D9, [0x003D9, 0x003D8, 0x003D8, 0x003D9], 0),
    (0x003DA, [0x003DB, 0x003DA, 0x003DA, 0x003DB], 0),
    (0x003DB, [0x003DB, 0x003DA, 0x003DA, 0x003DB], 0),
    (0x003DC, [0x003DD, 0x003DC, 0x003DC, 0x003DD], 0),
    (0x003DD, [0x003DD, 0x003DC, 0x003DC, 0x003DD], 0),
    (0x003DE, [0x003DF, 0x003DE, 0x003DE, 0x003DF], 0),
    (0x003DF, [0x003DF, 0x003DE, 0x003DE, 0x003DF], 0),
    (0x003E0, [0x003E1, 0x003E0, 0x003E0, 0x003E1], 0),
    (0x003E1, [0x003E1, 0x003E0, 0x003E0, 0x003E1], 0),
    (0x003E2, [0x003E3, 0x003E2, 0x003E2, 0x003E3], 0),
    (0x003E3, [0x003E3, 0x003E2, 0x003E2, 0x003E3], 0),
    (0x003E4, [0x003E5, 0x003E4, 0x003E4, 0x003E5], 0),
    (0x003E5, [0x003E5, 0x003E4, 0x003E4, 0x003E5], 0),
    (0x003E6, [0x003E7, 0x003E6, 0x003E6, 0x003E7], 0),
    (0x003E7, [0x003E7, 0x003E6, 0x003E6, 0x003E7], 0),
    (0x003E8, [0x003E9, 0x003E8, 0x003E8, 0x003E9], 0),
    (0x003E9, [0x003E9, 0x003E8, 0x003E8, 0x003E9], 0),
    (0x003EA, [0x003EB, 0x003EA, 0x003EA, 0x003EB], 0),
    (0x003EB, [0x003EB, 0x003EA, 0x003EA, 0x003EB], 0),
    (0x003EC, [0x003ED, 0x003EC, 0x003EC, 0x003ED], 0),
    (0x003ED, [0x003ED, 0x003EC, 0x003EC, 0x003ED], 0),
    (0x003EE, [0x003EF, 0x003EE, 0x003EE, 0x003EF], 0),
    (0x003EF, [0x003EF, 0x003EE, 0x003EE, 0x003EF], 0),
    (0x003F0, [0x003F0, 0x0039A, 0x0039A, 0x003BA], 0),
    (0x003F1, [0x003F1, 0x003A1, 0x003A1, 0x003C1], 0),
    (0x003F2, [0x003F2, 0x003F9, 0x003F9, 0x003F2], 0),
    (0x003F3, [0x003F3, 0x0037F, 0x0037F, 0x003F3], 0),
    (0x003F4, [0x003B8, 0x003F4, 0x003F4, 0x003B8], 0),
    (0x003F5, [0x003F5, 0x00395, 0x00395, 0x003B5], 0),
    (0x003F7, [0x003F8, 0x003F7, 0x003F7, 0x003F8], 0),
    (0x003F8, [0x003F8, 0x003F7, 0x003F7, 0x003F8], 0),
    (0x003F9, [0x003F2, 0x003F9, 0x003F9, 0x003F2], 0),
    (0x003FA, [0x003FB, 0x003FA, 0x003FA, 0x003FB], 0),
    (0x003FB, [0x003FB, 0x003FA, 0x003FA, 0x003FB], 0),
    (0x003FD, [0x0037B, 0x003FD, 0x003FD, 0x0037B], 0),
    (0x003FE, [0x0037C, 0x003FE, 0x003FE, 0x0037C], 0),
    (0x003FF, [0x0037D, 0x003FF, 0x003FF, 0x0037D], 0),
    (0x00400, [0x00450, 0x00400, 0x00400, 0x00450], 0),
    (0x00401, [0x00451, 0x00401, 0x00401, 0x00451], 0),
    (0x00402, [0x00452, 0x00402, 0x00402, 0x00452], 0),
    (0x00403, [0x00453, 0x00403, 0x00403, 0x00453], 0),
    (0x00404, [0x00454, 0x00404, 0x00404, 0x00454], 0),
    (0x00405, [0x00455, 0x00405, 0x00405, 0x00455], 0),
    (0x00406, [0x00456, 0x00406, 0x00406, 0x00456], 0),
    (0x00407, [0x00457, 0x00407, 0x00407, 0x00457], 0),
    (0x00408, [0x00458, 0x00408, 0x00408, 0x00458], 0),
    (0x00409, [0x00459, 0x00409, 0x00409, 0x00459], 0),
    (0x0040A, [0x0045A, 0x0040A, 0x0040A, 0x0045A], 0),
    (0x0040B, [0x0045B, 0x0040B, 0x0040B, 0x0045B], 0),
    (0x0040C, [0x0045C, 0x0040C, 0x0040C, 0x0045C], 0),
    (0x0040D, [0x0045D, 0x0040D, 0x0040D, 0x0045D], 0),
    (0x0040E, [0x0045E, 0x0040E, 0x0040E, 0x0045E], 0),
    (0x0040F, [0x0045F, 0x0040F, 0x0040F, 0x0045F], 0),
    (0x00410, [0x00430, 0x00410, 0x00410, 0x00430], 0),
    (0x00411, [0x00431, 0x00411, 0x00411, 0x00431], 0),
    (0x00412, [0x00432, 0x00412, 0x00412, 0x00432], 0),
    (0x00413, [0x00433, 0x00413, 0x00413, 0x00433], 0),
    (0x00414, [0x00434, 0x00414, 0x00414, 0x00434], 0),
    (0x00415, [0x00435, 0x00415, 0x00415, 0x00435], 0),
    (0x00416, [0x00436, 0x00416, 0x00416, 0x00436], 0),
    (0x00417, [0x00437, 0x00417, 0x00417, 0x00437], 0),
    (0x00418, [0x00438, 0x00418, 0x00418, 0x00438], 0),
    (0x00419, [0x00439, 0x00419, 0x00419, 0x00439], 0),
    (0x0041A, [0x0043A, 0x0041A, 0x0041A, 0x0043A], 0),
    (0x0041B, [0x0043B, 0x0041B, 0x0041B, 0x0043B], 0),
    (0x0041C, [0x0043C, 0x0041C, 0x0041C, 0x0043C], 0),
    (0x0041D, [0x0043D, 0x0041D, 0x0041D, 0x0043D], 0),
    (0x0041E, [0x0043E, 0x0041E, 0x0041E, 0x0043E], 0),
    (0x0041F, [0x0043F, 0x0041F, 0x0041F, 0x0043F], 0),
    (0x00420, [0x00440, 0x00420, 0x00420, 0x00440], 0),
    (0x00421, [0x00441, 0x00421, 0x00421, 0x00441], 0),
    (0x00422, [0x00442, 0x00422, 0x00422, 0x00442], 0),
    (0x00423, [0x00443, 0x00423, 0x00423, 0x00443], 0),
    (0x00424, [0x00444, 0x00424, 0x00424, 0x00444], 0),
    (0x00425, [0x00445, 0x00425, 0x00425, 0x00445], 0),
    (0x00426, [0x00446, 0x00426, 0x00426, 0x00446], 0),
    (0x00427, [0x00447, 0x00427, 0x00427, 0x00447], 0),
    (0x00428, [0x00448, 0x00428, 0x00428, 0x00448], 0),
    (0x00429, [0x00449, 0x00429, 0x00429, 0x00449], 0),
    (0x0042A, [0x0044A, 0x0042A, 0x0042A, 0x0044A], 0),
    (0x0042B, [0x0044B, 0x0042B, 0x0042B, 0x0044B], 0),
    (0x0042C, [0x0044C, 0x0042C, 0x0042C, 0x0044C], 0),
    (0x0042D, [0x0044D, 0x0042D, 0x0042D, 0x0044D], 0),
    (0x0042E, [0x0044E, 0x0042E, 0x0042E, 0x0044E], 0),
    (0x0042F, [0x0044F, 0x0042F, 0x0042F, 0x0044F], 0),
    (0x00430, [0x00430, 0x00410, 0x00410, 0x00430], 0),
    (0x00431, [0x00431, 0x00411, 0x00411, 0x00431], 0),
    (0x00432, [0x00432, 0x00412, 0x00412, 0x00432], 0),
    (0x00433, [0x00433, 0x00413, 0x00413, 0x00433], 0),
    (0x00434, [0x00434, 0x00414, 0x00414, 0x00434], 0),
    (0x00435, [0x00435, 0x00415, 0x00415, 0x00435], 0),
    (0x00436, [0x00436, 0x00416, 0x00416, 0x00436], 0),
    (0x00437, [0x00437, 0x00417, 0x00417, 0x00437], 0),
    (0x00438, [0x00438, 0x00418, 0x00418, 0x00438], 0),
    (0x00439, [0x00439, 0x00419, 0x00419, 0x00439], 0),
    (0x0043A, [0x0043A, 0x0041A, 0x0041A, 0x0043A], 0),
    (0x0043B, [0x0043B, 0x0041B, 0x0041B, 0x0043B], 0),
    (0x0043C, [0x0043C, 0x0041C, 0x0041C, 0x0043C], 0),
    (0x0043D, [0x0043D, 0x0041D, 0x0041D, 0x0043D], 0),
    (0x0043E, [0x0043E, 0x0041E, 0x0041E, 0x0043E], 0),
    (0x0043F, [0x0043F, 0x0041F, 0x0041F, 0x0043F], 0),
    (0x00440, [0x00440, 0x00420, 0x00420, 0x00440], 0),
    (0x00441, [0x00441, 0x00421, 0x00421, 0x00441], 0),
    (0x00442, [0x00442, 0x00422, 0x00422, 0x00442], 0),
    (0x00443, [0x00443, 0x00423, 0x00423, 0x00443], 0),
    (0x00444, [0x00444, 0x00424, 0x00424, 0x00444], 0),
    (0x00445, [0x00445, 0x00425, 0x00425, 0x00445], 0),
    (0x00446, [0x00446, 0x00426, 0x00426, 0x00446], 0),
    (0x00447, [0x00447, 0x00427, 0x00427, 0x00447], 0),
    (0x00448, [0x00448, 0x00428, 0x00428, 0x00448], 0),
    (0x00449, [0x00449, 0x00429, 0x00429, 0x00449], 0),
    (0x0044A, [0x0044A, 0x0042A, 0x0042A, 0x0044A], 0),
    (0x0044B, [0x0044B, 0x0042B, 0x0042B, 0x0044B], 0),
    (0x0044C, [0x0044C, 0x0042C, 0x0042C, 0x0044C], 0),
    (0x0044D, [0x0044D, 0x0042D, 0x0042D, 0x0044D], 0),
    (0x0044E, [0x0044E, 0x0042E, 0x0042E, 0x0044E], 0),
    (0x0044F, [0x0044F, 0x0042F, 0x0042F, 0x0044F], 0),
    (0x00450, [0x00450, 0x00400, 0x00400, 0x00450], 0),
    (0x00451, [0x00451, 0x00401, 0x00401, 0x00451], 0),
    (0x00452, [0x00452, 0x00402, 0x00402, 0x00452], 0),
    (0x00453, [0x00453, 0x00403, 0x00403, 0x00453], 0),
    (0x00454, [0x00454, 0x00404, 0x00404, 0x00454], 0),
    (0x00455, [0x00455, 0x00405, 0x00405, 0x00455], 0),
    (0x00456, [0x00456, 0x00406, 0x00406, 0x00456], 0),
    (0x00457, [0x00457, 0x00407, 0x00407, 0x00457], 0),
    (0x00458, [0x00458, 0x00408, 0x00408, 0x00458], 0),
    (0x00459, [0x00459, 0x00409, 0x00409, 0x00459], 0),
    (0x0045A, [0x0045A, 0x0040A, 0x0040A, 0x0045A], 0),
    (0x0045B, [0x0045B, 0x0040B, 0x0040B, 0x0045B], 0),
    (0x0045C, [0x0045C, 0x0040C, 0x0040C, 0x0045C], 0),
    (0x0045D, [0x0045D, 0x0040D, 0x0040D, 0x0045D], 0),
    (0x0045E, [0x0045E, 0x0040E, 0x0040E, 0x0045E], 0),
    (0x0045F, [0x0045F, 0x0040F, 0x0040F, 0x0045F], 0),
    (0x00460, [0x00461, 0x00460, 0x00460, 0x00461], 0),
    (0x00461, [0x00461, 0x00460, 0x00460, 0x00461], 0),
    (0x00462, [0x00463, 0x00462, 0x00462, 0x00463], 0),
    (0x00463, [0x00463, 0x00462, 0x00462, 0x00463], 0),
    (0x00464, [0x00465, 0x00464, 0x00464, 0x00465], 0),
    (0x00465, [0x00465, 0x00464, 0x00464, 0x00465], 0),
    (0x00466, [0x00467, 0x00466, 0x00466, 0x00467], 0),
    (0x00467, [0x00467, 0x00466, 0x00466, 0x00467], 0),
    (0x00468, [0x00469, 0x00468, 0x00468, 0x00469], 0),
    (0x00469, [0x00469, 0x00468, 0x00468, 0x00469], 0),
    (0x0046A, [0x0046B, 0x0046A, 0x0046A, 0x0046B], 0),
    (0x0046B, [0x0046B, 0x0046A, 0x0046A, 0x0046B], 0),
    (0x0046C, [0x0046D, 0x0046C, 0x0046C, 0x0046D], 0),
    (0x0046D, [0x0046D, 0x0046C, 0x0046C, 0x0046D], 0),
    (0x0046E, [0x0046F, 0x0046E, 0x0046E, 0x0046F], 0),
    (0x0046F, [0x0046F, 0x0046E, 0x0046E, 0x0046F], 0),
    (0x00470, [0x00471, 0x00470, 0x00470, 0x00471], 0),
    (0x00471, [0x00471, 0x00470, 0x00470, 0x00471], 0),
    (0x00472, [0x00473, 0x00472, 0x00472, 0x00473], 0),
    (0x00473, [0x00473, 0x00472, 0x00472, 0x00473], 0),
    (0x00474, [0x00475, 0x00474, 0x00474, 0x00475], 0),
    (0x00475, [0x00475, 0x00474, 0x00474, 0x00475], 0),
    (0x00476, [0x00477, 0x00476, 0x00476, 0x00477], 0),
    (0x00477, [0x00477, 0x00476, 0x00476, 0x00477], 0),
    (0x00478, [0x00479, 0x00478, 0x00478, 0x00479], 0),
    (0x00479, [0x00479, 0x00478, 0x00478, 0x00479], 0),
    (0x0047A, [0x0047B, 0x0047A, 0x0047A, 0x0047B], 0),
    (0x0047B, [0x0047B, 0x0047A, 0x0047A, 0x0047B], 0),
    (0x0047C, [0x0047D, 0x0047C, 0x0047C, 0x0047D], 0),
    (0x0047D, [0x0047D, 0x0047C, 0x0047C, 0x0047D], 0),
    (0x0047E, [0x0047F, 0x0047E, 0x0047E, 0x0047F], 0),
    (0x0047F, [0x0047F, 0x0047E, 0x0047E, 0x0047F], 0),
    (0x00480, [0x00481, 0x00480, 0x00480, 0x00481], 0),
    (0x00481, [0x00481, 0x00480, 0x00480, 0x00481], 0),
    (0x0048A, [0x0048B, 0x0048A, 0x0048A, 0x0048B], 0),
    (0x0048B, [0x0048B, 0x0048A, 0x0048A, 0x0048B], 0),
    (0x0048C, [0x0048D, 0x0048C, 0x0048C, 0x0048D], 0),
    (0x0048D, [0x0048D, 0x0048C, 0x0048C, 0x0048D], 0),
    (0x0048E, [0x0048F, 0x0048E, 0x0048E, 0x0048F], 0),
    (0x0048F, [0x0048F, 0x0048E, 0x0048E, 0x0048F], 0),
    (0x00490, [0x00491, 0x00490, 0x00490, 0x00491], 0),
    (0x00491, [0x00491, 0x00490, 0x00490, 0x00491], 0),
    (0x00492, [0x00493, 0x00492, 0x00492, 0x00493], 0),
    (0x00493, [0x00493, 0x00492, 0x00492, 0x00493], 0),
    (0x00494, [0x00495, 0x00494, 0x00494, 0x00495], 0),
    (0x00495, [0x00495, 0x00494, 0x00494, 0x00495], 0),
    (0x00496, [0x00497, 0x00496, 0x00496, 0x00497], 0),
    (0x00497, [0x00497, 0x00496, 0x00496, 0x00497], 0),
    (0x00498, [0x00499, 0x00498, 0x00498, 0x00499], 0),
    (0x00499, [0x00499, 0x00498, 0x00498, 0x00499], 0),
    (0x0049A, [0x0049B, 0x0049A, 0x0049A, 0x0049B], 0),
    (0x0049B, [0x0049B, 0x0049A, 0x0049A, 0x0049B], 0),
    (0x0049C, [0x0049D, 0x0049C, 0x0049C, 0x0049D], 0),
    (0x0049D, [0x0049D, 0x0049C, 0x0049C, 0x0049D], 0),
    (0x0049E, [0x0049F, 0x0049E, 0x0049E, 0x0049F], 0),
    (0x0049F, [0x0049F, 0x0049E, 0x0049E, 0x0049F], 0),
    (0x004A0, [0x004A1, 0x004A0, 0x004A0, 0x004A1], 0),
    (0x004A1, [0x004A1, 0x004A0, 0x004A0, 0x004A1], 0),
    (0x004A2, [0x004A3, 0x004A2, 0x004A2, 0x004A3], 0),
    (0x004A3, [0x004A3, 0x004A2, 0x004A2, 0x004A3], 0),
    (0x004A4, [0x004A5, 0x004A4, 0x004A4, 0x004A5], 0),
    (0x004A5, [0x004A5, 0x004A4, 0x004A4, 0x004A5], 0),
    (0x004A6, [0x004A7, 0x004A6, 0x004A6, 0x004A7], 0),
    (0x004A7, [0x004A7, 0x004A6, 0x004A6, 0x004A7], 0),
    (0x004A8, [0x004A9, 0x004A8, 0x004A8, 0x004A9], 0),
    (0x004A9, [0x004A9, 0x004A8, 0x004A8, 0x004A9], 0),
    (0x004AA, [0x004AB, 0x004AA, 0x004AA, 0x004AB], 0),
    (0x004AB, [0x004AB, 0x004AA, 0x004AA, 0x004AB], 0),
    (0x004AC, [0x004AD, 0x004AC, 0x004AC, 0x004AD], 0),
    (0x004AD, [0x004AD, 0x004AC, 0x004AC, 0x004AD], 0),
    (0x004AE, [0x004AF, 0x004AE, 0x004AE, 0x004AF], 0),
    (0x004AF, [0x004AF, 0x004AE, 0x004AE, 0x004AF], 0),
    (0x004B0, [0x004B1, 0x004B0, 0x004B0, 0x004B1], 0),
    (0x004B1, [0x004B1, 0x004B0, 0x004B0, 0x004B1], 0),
    (0x004B2, [0x004B3, 0x004B2, 0x004B2, 0x004B3], 0),
    (0x004B3, [0x004B3, 0x004B2, 0x004B2, 0x004B3], 0),
    (0x004B4, [0x004B5, 0x004B4, 0x004B4, 0x004B5], 0),
    (0x004B5, [0x004B5, 0x004B4, 0x004B4, 0x004B5], 0),
    (0x004B6, [0x004B7, 0x004B6, 0x004B6, 0x004B7], 0),
    (0x004B7, [0x004B7, 0x004B6, 0x004B6, 0x004B7], 0),
    (0x004B8, [0x004B9, 0x004B8, 0x004B8, 0x004B9], 0),
    (0x004B9, [0x004B9, 0x004B8, 0x004B8, 0x004B9], 0),
    (0x004BA, [0x004BB, 0x004BA, 0x004BA, 0x004BB], 0),
    (0x004BB, [0x004BB, 0x004BA, 0x004BA, 0x004BB], 0),
    (0x004BC, [0x004BD, 0x004BC, 0x004BC, 0x004BD], 0),
    (0x004BD, [0x004BD, 0x004BC, 0x004BC, 0x004BD], 0),
    (0x004BE, [0x004BF, 0x004BE, 0x004BE, 0x004BF], 0),
    (0x004BF, [0x004BF, 0x004BE, 0x004BE, 0x004BF], 0),
    (0x004C0, [0x004CF, 0x004C0, 0x004C0, 0x004CF], 0),
    (0x004C1, [0x004C2, 0x004C1, 0x004C1, 0x004C2], 0),
    (0x004C2, [0x004C2, 0x004C1, 0x004C1, 0x004C2], 0),
    (0x004C3, [0x004C4, 0x004C3, 0x004C3, 0x004C4], 0),
    (0x004C4, [0x004C4, 0x004C3, 0x004C3, 0x004C4], 0),
    (0x004C5, [0x004C6, 0x004C5, 0x004C5, 0x004C6], 0),
    (0x004C6, [0x004C6, 0x004C5, 0x004C5, 0x004C6], 0),
    (0x004C7, [0x004C8, 0x004C7, 0x004C7, 0x004C8], 0),
    (0x004C8, [0x004C8, 0x004C7, 0x004C7, 0x004C8], 0),
    (0x004C9, [0x004CA, 0x004C9, 0x004C9, 0x004CA], 0),
    (0x004CA, [0x004CA, 0x004C9, 0x004C9, 0x004CA], 0),
    (0x004CB, [0x004CC, 0x004CB, 0x004CB, 0x004CC], 0),
    (0x004CC, [0x004CC, 0x004CB, 0x004CB, 0x004CC], 0),
    (0x004CD, [0x004CE, 0x004CD, 0x004CD, 0x004CE], 0),
    (0x004CE, [0x004CE, 0x004CD, 0x004CD, 0x004CE], 0),
    (0x004CF, [0x004CF, 0x004C0, 0x004C0, 0x004CF], 0),
    (0x004D0, [0x004D1, 0x004D0, 0x004D0, 0x004D1], 0),
    (0x004D1, [0x004D1, 0x004D0, 0x004D0, 0x004D1], 0),
    (0x004D2, [0x004D3, 0x004D2, 0x004D2, 0x004D3], 0),
    (0x004D3, [0x004D3, 0x004D2, 0x004D2, 0x004D3], 0),
    (0x004D4, [0x004D5, 0x004D4, 0x004D4, 0x004D5], 0),
    (0x004D5, [0x004D5, 0x004D4, 0x004D4, 0x004D5], 0),
    (0x004D6, [0x004D7, 0x004D6, 0x004D6, 0x004D7], 0),
    (0x004D7, [0x004D7, 0x004D6, 0x004D6, 0x004D7], 0),
    (0x004D8, [0x004D9, 0x004D8, 0x004D8, 0x004D9], 0),
    (0x004D9, [0x004D9, 0x004D8, 0x004D8, 0x004D9], 0),
    (0x004DA, [0x004DB, 0x004DA, 0x004DA, 0x004DB], 0),
    (0x004DB, [0x004DB, 0x004DA, 0x004DA, 0x004DB], 0),
    (0x004DC, [0x004DD, 0x004DC, 0x004DC, 0x004DD], 0),
    (0x004DD, [0x004DD, 0x004DC, 0x004DC, 0x004DD], 0),
    (0x004DE, [0x004DF, 0x004DE, 0x004DE, 0x004DF], 0),
    (0x004DF, [0x004DF, 0x004DE, 0x004DE, 0x004DF], 0),
    (0x004E0, [0x004E1, 0x004E0, 0x004E0, 0x004E1], 0),
    (0x004E1, [0x004E1, 0x004E0, 0x004E0, 0x004E1], 0),
    (0x004E2, [0x004E3, 0x004E2, 0x004E2, 0x004E3], 0),
    (0x004E3, [0x004E3, 0x004E2, 0x004E2, 0x004E3], 0),
    (0x004E4, [0x004E5, 0x004E4, 0x004E4, 0x004E5], 0),
    (0x004E5, [0x004E5, 0x004E4, 0x004E4, 0x004E5], 0),
    (0x004E6, [0x004E7, 0x004E6, 0x004E6, 0x004E7], 0),
    (0x004E7, [0x004E7, 0x004E6, 0x004E6, 0x004E7], 0),
    (0x004E8, [0x004E9, 0x004E8, 0x004E8, 0x004E9], 0),
    (0x004E9, [0x004E9, 0x004E8, 0x004E8, 0x004E9], 0),
    (0x004EA, [0x004EB, 0x004EA, 0x004EA, 0x004EB], 0),
    (0x004EB, [0x004EB, 0x004EA, 0x004EA, 0x004EB], 0),
    (0x004EC, [0x004ED, 0x004EC, 0x004EC, 0x004ED], 0),
    (0x004ED, [0x004ED, 0x004EC, 0x004EC, 0x004ED], 0),
    (0x004EE, [0x004EF, 0x004EE, 0x004EE, 0x004EF], 0),
    (0x004EF, [0x004EF, 0x004EE, 0x004EE, 0x004EF], 0),
    (0x004F0, [0x004F1, 0x004F0, 0x004F0, 0x004F1], 0),
    (0x004F1, [0x004F1, 0x004F0, 0x004F0, 0x004F1], 0),
    (0x004F2, [0x004F3, 0x004F2, 0x004F2, 0x004F3], 0),
    (0x004F3, [0x004F3, 0x004F2, 0x004F2, 0x004F3], 0),
    (0x004F4, [0x004F5, 0x004F4, 0x004F4, 0x004F5], 0),
    (0x004F5, [0x004F5, 0x004F4, 0x004F4, 0x004F5], 0),
    (0x004F6, [0x004F7, 0x004F6, 0x004F6, 0x004F7], 0),
    (0x004F7, [0x004F7, 0x004F6, 0x004F6, 0x004F7], 0),
    (0x004F8, [0x004F9, 0x004F8, 0x004F8, 0x004F9], 0),
    (0x004F9, [0x004F9, 0x004F8, 0x004F8, 0x004F9], 0),
    (0x004FA, [0x004FB, 0x004FA, 0x004FA, 0x004FB], 0),
    (0x004FB, [0x004FB, 0x004FA, 0x004FA, 0x004FB], 0),
    (0x004FC, [0x004FD, 0x004FC, 0x004FC, 0x004FD], 0),
    (0x004FD, [0x004FD, 0x004FC, 0x004FC, 0x004FD], 0),
    (0x004FE, [0x004FF, 0x004FE, 0x004FE, 0x004FF], 0),
    (0x004FF, [0x004FF, 0x004FE, 0x004FE, 0x004FF], 0),
    (0x00500, [0x00501, 0x00500, 0x00500, 0x00501], 0),
    (0x00501, [0x00501, 0x00500, 0x00500, 0x00501], 0),
    (0x00502, [0x00503, 0x00502, 0x00502, 0x00503], 0),
    (0x00503, [0x00503, 0x00502, 0x00502, 0x00503], 0),
    (0x00504, [0x00505, 0x00504, 0x00504, 0x00505], 0),
    (0x00505, [0x00505, 0x00504, 0x00504, 0x00505], 0),
    (0x00506, [0x00507, 0x00506, 0x00506, 0x00507], 0),
    (0x00507, [0x00507, 0x00506, 0x00506, 0x00507], 0),
    (0x00508, [0x00509, 0x00508, 0x00508, 0x00509], 0),
    (0x00509, [0x00509, 0x00508, 0x00508, 0x00509], 0),
    (0x0050A, [0x0050B, 0x0050A, 0x0050A, 0x0050B], 0),
    (0x0050B, [0x0050B, 0x0050A, 0x0050A, 0x0050B], 0),
    (0x0050C, [0x0050D, 0x0050C, 0x0050C, 0x0050D], 0),
    (0x0050D, [0x0050D, 0x0050C, 0x0050C, 0x0050D], 0),
    (0x0050E, [0x0050F, 0x0050E, 0x0050E, 0x0050F], 0),
    (0x0050F, [0x0050F, 0x0050E, 0x0050E, 0x0050F], 0),
    (0x00510, [0x00511, 0x00510, 0x00510, 0x00511], 0),
    (0x00511, [0x00511, 0x00510, 0x00510, 0x00511], 0),
    (0x00512, [0x00513, 0x00512, 0x00512, 0x00513], 0),
    (0x00513, [0x00513, 0x00512, 0x00512, 0x00513], 0),
    (0x00514, [0x00515, 0x00514, 0x00514, 0x00515], 0),
    (0x00515, [0x00515, 0x00514, 0x00514, 0x00515], 0),
    (0x00516, [0x00517, 0x00516, 0x00516, 0x00517], 0),
    (0x00517, [0x00517, 0x00516, 0x00516, 0x00517], 0),
    (0x00518, [0x00519, 0x00518, 0x00518, 0x00519], 0),
    (0x00519, [0x00519, 0x00518, 0x00518, 0x00519], 0),
    (0x0051A, [0x0051B, 0x0051A, 0x0051A, 0x0051B], 0),
    (0x0051B, [0x0051B, 0x0051A, 0x0051A, 0x0051B], 0),
    (0x0051C, [0x0051D, 0x0051C, 0x0051C, 0x0051D], 0),
    (0x0051D, [0x0051D, 0x0051C, 0x0051C, 0x0051D], 0),
    (0x0051E, [0x0051F, 0x0051E, 0x0051E, 0x0051F], 0),
    (0x0051F, [0x0051F, 0x0051E, 0x0051E, 0x0051F], 0),
    (0x00520, [0x00521, 0x00520, 0x00520, 0x00521], 0),
    (0x00521, [0x00521, 0x00520, 0x00520, 0x00521], 0),
    (0x00522, [0x00523, 0x00522, 0x00522, 0x00523], 0),
    (0x00523, [0x00523, 0x00522, 0x00522, 0x00523], 0),
    (0x00524, [0x00525, 0x00524, 0x00524, 0x00525], 0),
    (0x00525, [0x00525, 0x00524, 0x00524, 0x00525], 0),
    (0x00526, [0x00527, 0x00526, 0x00526, 0x00527], 0),
    (0x00527, [0x00527, 0x00526, 0x00526, 0x00527], 0),
    (0x00528, [0x00529, 0x00528, 0x00528, 0x00529], 0),
    (0x00529, [0x00529, 0x00528, 0x00528, 0x00529], 0),
    (0x0052A, [0x0052B, 0x0052A, 0x0052A, 0x0052B], 0),
    (0x0052B, [0x0052B, 0x0052A, 0x0052A, 0x0052B], 0),
    (0x0052C, [0x0052D, 0x0052C, 0x0052C, 0x0052D], 0),
    (0x0052D, [0x0052D, 0x0052C, 0x0052C, 0x0052D], 0),
    (0x0052E, [0x0052F, 0x0052E, 0x0052E, 0x0052F], 0),
    (0x0052F, [0x0052F, 0x0052E, 0x0052E, 0x0052F], 0),
    (0x00531, [0x00561, 0x00531, 0x00531, 0x00561], 0),
    (0x00532, [0x00562, 0x00532, 0x00532, 0x00562], 0),
    (0x00533, [0x00563, 0x00533, 0x00533, 0x00563], 0),
    (0x00534, [0x00564, 0x00534, 0x00534, 0x00564], 0),
    (0x00535, [0x00565, 0x00535, 0x00535, 0x00565], 0),
    (0x00536, [0x00566, 0x00536, 0x00536, 0x00566], 0),
    (0x00537, [0x00567, 0x00537, 0x00537, 0x00567], 0),
    (0x00538, [0x00568, 0x00538, 0x00538, 0x00568], 0),
    (0x00539, [0x00569, 0x00539, 0x00539, 0x00569], 0),
    (0x0053A, [0x0056A, 0x0053A, 0x0053A, 0x0056A], 0),
    (0x0053B, [0x0056B, 0x0053B, 0x0053B, 0x0056B], 0),
    (0x0053C, [0x0056C, 0x0053C, 0x0053C, 0x0056C], 0),
    (0x0053D, [0x0056D, 0x0053D, 0x0053D, 0x0056D], 0),
    (0x0053E, [0x0056E, 0x0053E, 0x0053E, 0x0056E], 0),
    (0x0053F, [0x0056F, 0x0053F, 0x0053F, 0x0056F], 0),
    (0x00540, [0x00570, 0x00540, 0x00540, 0x00570], 0),
    (0x00541, [0x00571, 0x00541, 0x00541, 0x00571], 0),
    (0x00542, [0x00572, 0x00542, 0x00542, 0x00572], 0),
    (0x00543, [0x00573, 0x00543, 0x00543, 0x00573], 0),
    (0x00544, [0x00574, 0x00544, 0x00544, 0x00574], 0),
    (0x00545, [0x00575, 0x00545, 0x00545, 0x00575], 0),
    (0x00546, [0x00576, 0x00546, 0x00546, 0x00576], 0),
    (0x00547, [0x00577, 0x00547, 0x00547, 0x00577], 0),
    (0x00548, [0x00578, 0x00548, 0x00548, 0x00578], 0),
    (0x00549, [0x00579, 0x00549, 0x00549, 0x00579], 0),
    (0x0054A, [0x0057A, 0x0054A, 0x0054A, 0x0057A], 0),
    (0x0054B, [0x0057B, 0x0054B, 0x0054B, 0x0057B], 0),
    (0x0054C, [0x0057C, 0x0054C, 0x0054C, 0x0057C], 0),
    (0x0054D, [0x0057D, 0x0054D, 0x0054D, 0x0057D], 0),
    (0x0054E, [0x0057E, 0x0054E, 0x0054E, 0x0057E], 0),
    (0x0054F, [0x0057F, 0x0054F, 0x0054F, 0x0057F], 0),
    (0x00550, [0x00580, 0x00550, 0x00550, 0x00580], 0),
    (0x00551, [0x00581, 0x00551, 0x00551, 0x00581], 0),
    (0x00552, [0x00582, 0x00552, 0x00552, 0x00582], 0),
    (0x00553, [0x00583, 0x00553, 0x00553, 0x00583], 0),
    (0x00554, [0x00584, 0x00554, 0x00554, 0x00584], 0),
    (0x00555, [0x00585, 0x00555, 0x00555, 0x00585], 0),
    (0x00556, [0x00586, 0x00556, 0x00556, 0x00586], 0),
    (0x00561, [0x00561, 0x00531, 0x00531, 0x00561], 0),
    (0x00562, [0x00562, 0x00532, 0x00532, 0x00562], 0),
    (0x00563, [0x00563, 0x00533, 0x00533, 0x00563], 0),
    (0x00564, [0x00564, 0x00534, 0x00534, 0x00564], 0),
    (0x00565, [0x00565, 0x00535, 0x00535, 0x00565], 0),
    (0x00566, [0x00566, 0x00536, 0x00536, 0x00566], 0),
    (0x00567, [0x00567, 0x00537, 0x00537, 0x00567], 0),
    (0x00568, [0x00568, 0x00538, 0x00538, 0x00568], 0),
    (0x00569, [0x00569, 0x00539, 0x00539, 0x00569], 0),
    (0x0056A, [0x0056A, 0x0053A, 0x0053A, 0x0056A], 0),
    (0x0056B, [0x0056B, 0x0053B, 0x0053B, 0x0056B], 0),
    (0x0056C, [0x0056C, 0x0053C, 0x0053C, 0x0056C], 0),
    (0x0056D, [0x0056D, 0x0053D, 0x0053D, 0x0056D], 0),
    (0x0056E, [0x0056E, 0x0053E, 0x0053E, 0x0056E], 0),
    (0x0056F, [0x0056F, 0x0053F, 0x0053F, 0x0056F], 0),
    (0x00570, [0x00570, 0x00540, 0x00540, 0x00570], 0),
    (0x00571, [0x00571, 0x00541, 0x00541, 0x00571], 0),
    (0x00572, [0x00572, 0x00542, 0x00542, 0x00572], 0),
    (0x00573, [0x00573, 0x00543, 0x00543, 0x00573], 0),
    (0x00574, [0x00574, 0x00544, 0x00544, 0x00574], 0),
    (0x00575, [0x00575, 0x00545, 0x00545, 0x00575], 0),
    (0x00576, [0x00576, 0x00546, 0x00546, 0x00576], 0),
    (0x00577, [0x00577, 0x00547, 0x00547, 0x00577], 0),
    (0x00578, [0x00578, 0x00548, 0x00548, 0x00578], 0),
    (0x00579, [0x00579, 0x00549, 0x00549, 0x00579], 0),
    (0x0057A, [0x0057A, 0x0054A, 0x0054A, 0x0057A], 0),
    (0x0057B, [0x0057B, 0x0054B, 0x0054B, 0x0057B], 0),
    (0x0057C, [0x0057C, 0x0054C, 0x0054C, 0x0057C], 0),
    (0x0057D, [0x0057D, 0x0054D, 0x0054D, 0x0057D], 0),
    (0x0057E, [0x0057E, 0x0054E, 0x0054E, 0x0057E], 0),
    (0x0057F, [0x0057F, 0x0054F, 0x0054F, 0x0057F], 0),
    (0x00580, [0x00580, 0x00550, 0x00550, 0x00580], 0),
    (0x00581, [0x00581, 0x00551, 0x00551, 0x00581], 0),
    (0x00582, [0x00582, 0x00552, 0x00552, 0x00582], 0),
    (0x00583, [0x00583, 0x00553, 0x00553, 0x00583], 0),
    (0x00584, [0x00584, 0x00554, 0x00554, 0x00584], 0),
    (0x00585, [0x00585, 0x00555, 0x00555, 0x00585], 0),
    (0x00586, [0x00586, 0x00556, 0x00556, 0x00586], 0),
    (0x00587, [0x00587, 0x00587, 0x00587, 0x00587], 8),
    (0x010A0, [0x02D00, 0x010A0, 0x010A0, 0x02D00], 0),
    (0x010A1, [0x02D01, 0x010A1, 0x010A1, 0x02D01], 0),
    (0x010A2, [0x02D02, 0x010A2, 0x010A2, 0x02D02], 0),
    (0x010A3, [0x02D03, 0x010A3, 0x010A3, 0x02D03], 0),
    (0x010A4, [0x02D04, 0x010A4, 0x010A4, 0x02D04], 0),
    (0x010A5, [0x02D05, 0x010A5, 0x010A5, 0x02D05], 0),
    (0x010A6, [0x02D06, 0x010A6, 0x010A6, 0x02D06], 0),
    (0x010A7, [0x02D07, 0x010A7, 0x010A7, 0x02D07], 0),
    (0x010A8, [0x02D08, 0x010A8, 0x010A8, 0x02D08], 0),
    (0x010A9, [0x02D09, 0x010A9, 0x010A9, 0x02D09], 0),
    (0x010AA, [0x02D0A, 0x010AA, 0x010AA, 0x02D0A], 0),
    (0x010AB, [0x02D0B, 0x010AB, 0x010AB, 0x02D0B], 0),
    (0x010AC, [0x02D0C, 0x010AC, 0x010AC, 0x02D0C], 0),
    (0x010AD, [0x02D0D, 0x010AD, 0x010AD, 0x02D0D], 0),
    (0x010AE, [0x02D0E, 0x010AE, 0x010AE, 0x02D0E], 0),
    (0x010AF, [0x02D0F, 0x010AF, 0x010AF, 0x02D0F], 0),
    (0x010B0, [0x02D10, 0x010B0, 0x010B0, 0x02D10], 0),
    (0x010B1, [0x02D11, 0x010B1, 0x010B1, 0x02D11], 0),
    (0x010B2, [0x02D12, 0x010B2, 0x010B2, 0x02D12], 0),
    (0x010B3, [0x02D13, 0x010B3, 0x010B3, 0x02D13], 0),
    (0x010B4, [0x02D14, 0x010B4, 0x010B4, 0x02D14], 0),
    (0x010B5, [0x02D15, 0x010B5, 0x010B5, 0x02D15], 0),
    (0x010B6, [0x02D16, 0x010B6, 0x010B6, 0x02D16], 0),
    (0x010B7, [0x02D17, 0x010B7, 0x010B7, 0x02D17], 0),
    (0x010B8, [0x02D18, 0x010B8, 0x010B8, 0x02D18], 0),
    (0x010B9, [0x02D19, 0x010B9, 0x010B9, 0x02D19], 0),
    (0x010BA, [0x02D1A, 0x010BA, 0x010BA, 0x02D1A], 0),
    (0x010BB, [0x02D1B, 0x010BB, 0x010BB, 0x02D1B], 0),
    (0x010BC, [0x02D1C, 0x010BC, 0x010BC, 0x02D1C], 0),
    (0x010BD, [0x02D1D, 0x010BD, 0x010BD, 0x02D1D], 0),
    (0x010BE, [0x02D1E, 0x010BE, 0x010BE, 0x02D1E], 0),
    (0x010BF, [0x02D1F, 0x010BF, 0x010BF, 0x02D1F], 0),
    (0x010C0, [0x02D20, 0x010C0, 0x010C0, 0x02D20], 0),
    (0x010C1, [0x02D21, 0x010C1, 0x010C1, 0x02D21], 0),
    (0x010C2, [0x02D22, 0x010C2, 0x010C2, 0x02D22], 0),
    (0x010C3, [0x02D23, 0x010C3, 0x010C3, 0x02D23], 0),
    (0x010C4, [0x02D24, 0x010C4, 0x010C4, 0x02D24], 0),
    (0x010C5, [0x02D25, 0x010C5, 0x010C5, 0x02D25], 0),
    (0x010C7, [0x02D27, 0x010C7, 0x010C7, 0x02D27], 0),
    (0x010CD, [0x02D2D, 0x010CD, 0x010CD, 0x02D2D], 0),
    (0x010D0, [0x010D0, 0x010D0, 0x01C90, 0x010D0], 0),
    (0x010D1, [0x010D1, 0x010D1, 0x01C91, 0x010D1], 0),
    (0x010D2, [0x010D2, 0x010D2, 0x01C92, 0x010D2], 0),
    (0x010D3, [0x010D3, 0x010D3, 0x01C93, 0x010D3], 0),
    (0x010D4, [0x010D4, 0x010D4, 0x01C94, 0x010D4], 0),
    (0x010D5, [0x010D5, 0x010D5, 0x01C95, 0x010D5], 0),
    (0x010D6, [0x010D6, 0x010D6, 0x01C96, 0x010D6], 0),
    (0x010D7, [0x010D7, 0x010D7, 0x01C97, 0x010D7], 0),
    (0x010D8, [0x010D8, 0x010D8, 0x01C98, 0x010D8], 0),
    (0x010D9, [0x010D9, 0x010D9, 0x01C99, 0x010D9], 0),
    (0x010DA, [0x010DA, 0x010DA, 0x01C9A, 0x010DA], 0),
    (0x010DB, [0x010DB, 0x010DB, 0x01C9B, 0x010DB], 0),
    (0x010DC, [0x010DC, 0x010DC, 0x01C9C, 0x010DC], 0),
    (0x010DD, [0x010DD, 0x010DD, 0x01C9D, 0x010DD], 0),
    (0x010DE, [0x010DE, 0x010DE, 0x01C9E, 0x010DE], 0),
    (0x010DF, [0x010DF, 0x010DF, 0x01C9F, 0x010DF], 0),
    (0x010E0, [0x010E0, 0x010E0, 0x01CA0, 0x010E0], 0),
    (0x010E1, [0x010E1, 0x010E1, 0x01CA1, 0x010E1], 0),
    (0x010E2, [0x010E2, 0x010E2, 0x01CA2, 0x010E2], 0),
    (0x010E3, [0x010E3, 0x010E3, 0x01CA3, 0x010E3], 0),
    (0x010E4, [0x010E4, 0x010E4, 0x01CA4, 0x010E4], 0),
    (0x010E5, [0x010E5, 0x010E5, 0x01CA5, 0x010E5], 0),
    (0x010E6, [0x010E6, 0x010E6, 0x01CA6, 0x010E6], 0),
    (0x010E7, [0x010E7, 0x010E7, 0x01CA7, 0x010E7], 0),
    (0x010E8, [0x010E8, 0x010E8, 0x01CA8, 0x010E8], 0),
    (0x010E9, [0x010E9, 0x010E9, 0x01CA9, 0x010E9], 0),
    (0x010EA, [0x010EA, 0x010EA, 0x01CAA, 0x010EA], 0),
    (0x010EB, [0x010EB, 0x010EB, 0x01CAB, 0x010EB], 0),
    (0x010EC, [0x010EC, 0x010EC, 0x01CAC, 0x010EC], 0),
    (0x010ED, [0x010ED, 0x010ED, 0x01CAD, 0x010ED], 0),
    (0x010EE, [0x010EE, 0x010EE, 0x01CAE, 0x010EE], 0),
    (0x010EF, [0x010EF, 0x010EF, 0x01CAF, 0x010EF], 0),
    (0x010F0, [0x010F0, 0x010F0, 0x01CB0, 0x010F0], 0),
    (0x010F1, [0x010F1, 0x010F1, 0x01CB1, 0x010F1], 0),
    (0x010F2, [0x010F2, 0x010F2, 0x01CB2, 0x010F2], 0),
    (0x010F3, [0x010F3, 0x010F3, 0x01CB3, 0x010F3], 0),
    (0x010F4, [0x010F4, 0x010F4, 0x01CB4, 0x010F4], 0),
    (0x010F5, [0x010F5, 0x010F5, 0x01CB5, 0x010F5], 0),
    (0x010F6, [0x010F6, 0x010F6, 0x01CB6, 0x010F6], 0),
    (0x010F7, [0x010F7, 0x010F7, 0x01CB7, 0x010F7], 0),
    (0x010F8, [0x010F8, 0x010F8, 0x01CB8, 0x010F8], 0),
    (0x010F9, [0x010F9, 0x010F9, 0x01CB9, 0x010F9], 0),
    (0x010FA, [0x010FA, 0x010FA, 0x01CBA, 0x010FA], 0),
    (0x010FD, [0x010FD, 0x010FD, 0x01CBD, 0x010FD], 0),
    (0x010FE, [0x010FE, 0x010FE, 0x01CBE, 0x010FE], 0),
    (0x010FF, [0x010FF, 0x010FF, 0x01CBF, 0x010FF], 0),
    (0x013A0, [0x0AB70, 0x013A0, 0x013A0, 0x013A0], 0),
    (0x013A1, [0x0AB71, 0x013A1, 0x013A1, 0x013A1], 0),
    (0x013A2, [0x0AB72, 0x013A2, 0x013A2, 0x013A2], 0),
    (0x013A3, [0x0AB73, 0x013A3, 0x013A3, 0x013A3], 0),
    (0x013A4, [0x0AB74, 0x013A4, 0x013A4, 0x013A4], 0),
    (0x013A5, [0x0AB75, 0x013A5, 0x013A5, 0x013A5], 0),
    (0x013A6, [0x0AB76, 0x013A6, 0x013A6, 0x013A6], 0),
    (0x013A7, [0x0AB77, 0x013A7, 0x013A7, 0x013A7], 0),
    (0x013A8, [0x0AB78, 0x013A8, 0x013A8, 0x013A8], 0),
    (0x013A9, [0x0AB79, 0x013A9, 0x013A9, 0x013A9], 0),
    (0x013AA, [0x0AB7A, 0x013AA, 0x013AA, 0x013AA], 0),
    (0x013AB, [0x0AB7B, 0x013AB, 0x013AB, 0x013AB], 0),
    (0x013AC, [0x0AB7C, 0x013AC, 0x013AC, 0x013AC], 0),
    (0x013AD, [0x0AB7D, 0x013AD, 0x013AD, 0x013AD], 0),
    (0x013AE, [0x0AB7E, 0x013AE, 0x013AE, 0x013AE], 0),
    (0x013AF, [0x0AB7F, 0x013AF, 0x013AF, 0x013AF], 0),
    (0x013B0, [0x0AB80, 0x013B0, 0x013B0, 0x013B0], 0),
    (0x013B1, [0x0AB81, 0x013B1, 0x013B1, 0x013B1], 0),
    (0x013B2, [0x0AB82, 0x013B2, 0x013B2, 0x013B2], 0),
    (0x013B3, [0x0AB83, 0x013B3, 0x013B3, 0x013B3], 0),
    (0x013B4, [0x0AB84, 0x013B4, 0x013B4, 0x013B4], 0),
    (0x013B5, [0x0AB85, 0x013B5, 0x013B5, 0x013B5], 0),
    (0x013B6, [0x0AB86, 0x013B6, 0x013B6, 0x013B6], 0),
    (0x013B7, [0x0AB87, 0x013B7, 0x013B7, 0x013B7], 0),
    (0x013B8, [0x0AB88, 0x013B8, 0x013B8, 0x013B8], 0),
    (0x013B9, [0x0AB89, 0x013B9, 0x013B9, 0x013B9], 0),
    (0x013BA, [0x0AB8A, 0x013BA, 0x013BA, 0x013BA], 0),
    (0x013BB, [0x0AB8B, 0x013BB, 0x013BB, 0x013BB], 0),
    (0x013BC, [0x0AB8C, 0x013BC, 0x013BC, 0x013BC], 0),
    (0x013BD, [0x0AB8D, 0x013BD, 0x013BD, 0x013BD], 0),
    (0x013BE, [0x0AB8E, 0x013BE, 0x013BE, 0x013BE], 0),
    (0x013BF, [0x0AB8F, 0x013BF, 0x013BF, 0x013BF], 0),
    (0x013C0, [0x0AB90, 0x013C0, 0x013C0, 0x013C0], 0),
    (0x013C1, [0x0AB91, 0x013C1, 0x013C1, 0x013C1], 0),
    (0x013C2, [0x0AB92, 0x013C2, 0x013C2, 0x013C2], 0),
    (0x013C3, [0x0AB93, 0x013C3, 0x013C3, 0x013C3], 0),
    (0x013C4, [0x0AB94, 0x013C4, 0x013C4, 0x013C4], 0),
    (0x013C5, [0x0AB95, 0x013C5, 0x013C5, 0x013C5], 0),
    (0x013C6, [0x0AB96, 0x013C6, 0x013C6, 0x013C6], 0),
    (0x013C7, [0x0AB97, 0x013C7, 0x013C7, 0x013C7], 0),
    (0x013C8, [0x0AB98, 0x013C8, 0x013C8, 0x013C8], 0),
    (0x013C9, [0x0AB99, 0x013C9, 0x013C9, 0x013C9], 0),
    (0x013CA, [0x0AB9A, 0x013CA, 0x013CA, 0x013CA], 0),
    (0x013CB, [0x0AB9B, 0x013CB, 0x013CB, 0x013CB], 0),
    (0x013CC, [0x0AB9C, 0x013CC, 0x013CC, 0x013CC], 0),
    (0x013CD, [0x0AB9D, 0x013CD, 0x013CD, 0x013CD], 0),
    (0x013CE, [0x0AB9E, 0x013CE, 0x013CE, 0x013CE], 0),
    (0x013CF, [0x0AB9F, 0x013CF, 0x013CF, 0x013CF], 0),
    (0x013D0, [0x0ABA0, 0x013D0, 0x013D0, 0x013D0], 0),
    (0x013D1, [0x0ABA1, 0x013D1, 0x013D1, 0x013D1], 0),
    (0x013D2, [0x0ABA2, 0x013D2, 0x013D2, 0x013D2], 0),
    (0x013D3, [0x0ABA3, 0x013D3, 0x013D3, 0x013D3], 0),
    (0x013D4, [0x0ABA4, 0x013D4, 0x013D4, 0x013D4], 0),
    (0x013D5, [0x0ABA5, 0x013D5, 0x013D5, 0x013D5], 0),
    (0x013D6, [0x0ABA6, 0x013D6, 0x013D6, 0x013D6], 0),
    (0x013D7, [0x0ABA7, 0x013D7, 0x013D7, 0x013D7], 0),
    (0x013D8, [0x0ABA8, 0x013D8, 0x013D8, 0x013D8], 0),
    (0x013D9, [0x0ABA9, 0x013D9, 0x013D9, 0x013D9], 0),
    (0x013DA, [0x0ABAA, 0x013DA, 0x013DA, 0x013DA], 0),
    (0x013DB, [0x0ABAB, 0x013DB, 0x013DB, 0x013DB], 0),
    (0x013DC, [0x0ABAC, 0x013DC, 0x013DC, 0x013DC], 0),
    (0x013DD, [0x0ABAD, 0x013DD, 0x013DD, 0x013DD], 0),
    (0x013DE, [0x0ABAE, 0x013DE, 0x013DE, 0x013DE], 0),
    (0x013DF, [0x0ABAF, 0x013DF, 0x013DF, 0x013DF], 0),
    (0x013E0, [0x0ABB0, 0x013E0, 0x013E0, 0x013E0], 0),
    (0x013E1, [0x0ABB1, 0x013E1, 0x013E1, 0x013E1], 0),
    (0x013E2, [0x0ABB2, 0x013E2, 0x013E2, 0x013E2], 0),
    (0x013E3, [0x0ABB3, 0x013E3, 0x013E3, 0x013E3], 0),
    (0x013E4, [0x0ABB4, 0x013E4, 0x013E4, 0x013E4], 0),
    (0x013E5, [0x0ABB5, 0x013E5, 0x013E5, 0x013E5], 0),
    (0x013E6, [0x0ABB6, 0x013E6, 0x013E6, 0x013E6], 0),
    (0x013E7, [0x0ABB7, 0x013E7, 0x013E7, 0x013E7], 0),
    (0x013E8, [0x0ABB8, 0x013E8, 0x013E8, 0x013E8], 0),
    (0x013E9, [0x0ABB9, 0x013E9, 0x013E9, 0x013E9], 0),
    (0x013EA, [0x0ABBA, 0x013EA, 0x013EA, 0x013EA], 0),
    (0x013EB, [0x0ABBB, 0x013EB, 0x013EB, 0x013EB], 0),
    (0x013EC, [0x0ABBC, 0x013EC, 0x013EC, 0x013EC], 0),
    (0x013ED, [0x0ABBD, 0x013ED, 0x013ED, 0x013ED], 0),
    (0x013EE, [0x0ABBE, 0x013EE, 0x013EE, 0x013EE], 0),
    (0x013EF, [0x0ABBF, 0x013EF, 0x013EF, 0x013EF], 0),
    (0x013F0, [0x013F8, 0x013F0, 0x013F0, 0x013F0], 0),
    (0x013F1, [0x013F9, 0x013F1, 0x013F1, 0x013F1], 0),
    (0x013F2, [0x013FA, 0x013F2, 0x013F2, 0x013F2], 0),
    (0x013F3, [0x013FB, 0x013F3, 0x013F3, 0x013F3], 0),
    (0x013F4, [0x013FC, 0x013F4, 0x013F4, 0x013F4], 0),
    (0x013F5, [0x013FD, 0x013F5, 0x013F5, 0x013F5], 0),
    (0x013F8, [0x013F8, 0x013F0, 0x013F0, 0x013F0], 0),
    (0x013F9, [0x013F9, 0x013F1, 0x013F1, 0x013F1], 0),
    (0x013FA, [0x013FA, 0x013F2, 0x013F2, 0x013F2], 0),
    (0x013FB, [0x013FB, 0x013F3, 0x013F3, 0x013F3], 0),
    (0x013FC, [0x013FC, 0x013F4, 0x013F4, 0x013F4], 0),
    (0x013FD, [0x013FD, 0x013F5, 0x013F5, 0x013F5], 0),
    (0x01C80, [0x01C80, 0x00412, 0x00412, 0x00432], 0),
    (0x01C81, [0x01C81, 0x00414, 0x00414, 0x00434], 0),
    (0x01C82, [0x01C82, 0x0041E, 0x0041E, 0x0043E], 0),
    (0x01C83, [0x01C83, 0x00421, 0x00421, 0x00441], 0),
    (0x01C84, [0x01C84, 0x00422, 0x00422, 0x00442], 0),
    (0x01C85, [0x01C85, 0x00422, 0x00422, 0x00442], 0),
    (0x01C86, [0x01C86, 0x0042A, 0x0042A, 0x0044A], 0),
    (0x01C87, [0x01C87, 0x00462, 0x00462, 0x00463], 0),
    (0x01C88, [0x01C88, 0x0A64A, 0x0A64A, 0x0A64B], 0),
    (0x01C89, [0x01C8A, 0x01C89, 0x01C89, 0x01C8A], 0),
    (0x01C8A, [0x01C8A, 0x01C89, 0x01C89, 0x01C8A], 0),
    (0x01C90, [0x010D0, 0x01C90, 0x01C90, 0x010D0], 0),
    (0x01C91, [0x010D1, 0x01C91, 0x01C91, 0x010D1], 0),
    (0x01C92, [0x010D2, 0x01C92, 0x01C92, 0x010D2], 0),
    (0x01C93, [0x010D3, 0x01C93, 0x01C93, 0x010D3], 0),
    (0x01C94, [0x010D4, 0x01C94, 0x01C94, 0x010D4], 0),
    (0x01C95, [0x010D5, 0x01C95, 0x01C95, 0x010D5], 0),
    (0x01C96, [0x010D6, 0x01C96, 0x01C96, 0x010D6], 0),
    (0x01C97, [0x010D7, 0x01C97, 0x01C97, 0x010D7], 0),
    (0x01C98, [0x010D8, 0x01C98, 0x01C98, 0x010D8], 0),
    (0x01C99, [0x010D9, 0x01C99, 0x01C99, 0x010D9], 0),
    (0x01C9A, [0x010DA, 0x01C9A, 0x01C9A, 0x010DA], 0),
    (0x01C9B, [0x010DB, 0x01C9B, 0x01C9B, 0x010DB], 0),
    (0x01C9C, [0x010DC, 0x01C9C, 0x01C9C, 0x010DC], 0),
    (0x01C9D, [0x010DD, 0x01C9D, 0x01C9D, 0x010DD], 0),
    (0x01C9E, [0x010DE, 0x01C9E, 0x01C9E, 0x010DE], 0),
    (0x01C9F, [0x010DF, 0x01C9F, 0x01C9F, 0x010DF], 0),
    (0x01CA0, [0x010E0, 0x01CA0, 0x01CA0, 0x010E0], 0),
    (0x01CA1, [0x010E1, 0x01CA1, 0x01CA1, 0x010E1], 0),
    (0x01CA2, [0x010E2, 0x01CA2, 0x01CA2, 0x010E2], 0),
    (0x01CA3, [0x010E3, 0x01CA3, 0x01CA3, 0x010E3], 0),
    (0x01CA4, [0x010E4, 0x01CA4, 0x01CA4, 0x010E4], 0),
    (0x01CA5, [0x010E5, 0x01CA5, 0x01CA5, 0x010E5], 0),
    (0x01CA6, [0x010E6, 0x01CA6, 0x01CA6, 0x010E6], 0),
    (0x01CA7, [0x010E7, 0x01CA7, 0x01CA7, 0x010E7], 0),
    (0x01CA8, [0x010E8, 0x01CA8, 0x01CA8, 0x010E8], 0),
    (0x01CA9, [0x010E9, 0x01CA9, 0x01CA9, 0x010E9], 0),
    (0x01CAA, [0x010EA, 0x01CAA, 0x01CAA, 0x010EA], 0),
    (0x01CAB, [0x010EB, 0x01CAB, 0x01CAB, 0x010EB], 0),
    (0x01CAC, [0x010EC, 0x01CAC, 0x01CAC, 0x010EC], 0),
    (0x01CAD, [0x010ED, 0x01CAD, 0x01CAD, 0x010ED], 0),
    (0x01CAE, [0x010EE, 0x01CAE, 0x01CAE, 0x010EE], 0),
    (0x01CAF, [0x010EF, 0x01CAF, 0x01CAF, 0x010EF], 0),
    (0x01CB0, [0x010F0, 0x01CB0, 0x01CB0, 0x010F0], 0),
    (0x01CB1, [0x010F1, 0x01CB1, 0x01CB1, 0x010F1], 0),
    (0x01CB2, [0x010F2, 0x01CB2, 0x01CB2, 0x010F2], 0),
    (0x01CB3, [0x010F3, 0x01CB3, 0x01CB3, 0x010F3], 0),
    (0x01CB4, [0x010F4, 0x01CB4, 0x01CB4, 0x010F4], 0),
    (0x01CB5, [0x010F5, 0x01CB5, 0x01CB5, 0x010F5], 0),
    (0x01CB6, [0x010F6, 0x01CB6, 0x01CB6, 0x010F6], 0),
    (0x01CB7, [0x010F7, 0x01CB7, 0x01CB7, 0x010F7], 0),
    (0x01CB8, [0x010F8, 0x01CB8, 0x01CB8, 0x010F8], 0),
    (0x01CB9, [0x010F9, 0x01CB9, 0x01CB9, 0x010F9], 0),
    (0x01CBA, [0x010FA, 0x01CBA, 0x01CBA, 0x010FA], 0),
    (0x01CBD, [0x010FD, 0x01CBD, 0x01CBD, 0x010FD], 0),
    (0x01CBE, [0x010FE, 0x01CBE, 0x01CBE, 0x010FE], 0),
    (0x01CBF, [0x010FF, 0x01CBF, 0x01CBF, 0x010FF], 0),
    (0x01D79, [0x01D79, 0x0A77D, 0x0A77D, 0x01D79], 0),
    (0x01D7D, [0x01D7D, 0x02C63, 0x02C63, 0x01D7D], 0),
    (0x01D8E, [0x01D8E, 0x0A7C6, 0x0A7C6, 0x01D8E], 0),
    (0x01E00, [0x01E01, 0x01E00, 0x01E00, 0x01E01], 0),
    (0x01E01, [0x01E01, 0x01E00, 0x01E00, 0x01E01], 0),
    (0x01E02, [0x01E03, 0x01E02, 0x01E02, 0x01E03], 0),
    (0x01E03, [0x01E03, 0x01E02, 0x01E02, 0x01E03], 0),
    (0x01E04, [0x01E05, 0x01E04, 0x01E04, 0x01E05], 0),
    (0x01E05, [0x01E05, 0x01E04, 0x01E04, 0x01E05], 0),
    (0x01E06, [0x01E07, 0x01E06, 0x01E06, 0x01E07], 0),
    (0x01E07, [0x01E07, 0x01E06, 0x01E06, 0x01E07], 0),
    (0x01E08, [0x01E09, 0x01E08, 0x01E08, 0x01E09], 0),
    (0x01E09, [0x01E09, 0x01E08, 0x01E08, 0x01E09], 0),
    (0x01E0A, [0x01E0B, 0x01E0A, 0x01E0A, 0x01E0B], 0),
    (0x01E0B, [0x01E0B, 0x01E0A, 0x01E0A, 0x01E0B], 0),
    (0x01E0C, [0x01E0D, 0x01E0C, 0x01E0C, 0x01E0D], 0),
    (0x01E0D, [0x01E0D, 0x01E0C, 0x01E0C, 0x01E0D], 0),
    (0x01E0E, [0x01E0F, 0x01E0E, 0x01E0E, 0x01E0F], 0),
    (0x01E0F, [0x01E0F, 0x01E0E, 0x01E0E, 0x01E0F], 0),
    (0x01E10, [0x01E11, 0x01E10, 0x01E10, 0x01E11], 0),
    (0x01E11, [0x01E11, 0x01E10, 0x01E10, 0x01E11], 0),
    (0x01E12, [0x01E13, 0x01E12, 0x01E12, 0x01E13], 0),
    (0x01E13, [0x01E13, 0x01E12, 0x01E12, 0x01E13], 0),
    (0x01E14, [0x01E15, 0x01E14, 0x01E14, 0x01E15], 0),
    (0x01E15, [0x01E15, 0x01E14, 0x01E14, 0x01E15], 0),
    (0x01E16, [0x01E17, 0x01E16, 0x01E16, 0x01E17], 0),
    (0x01E17, [0x01E17, 0x01E16, 0x01E16, 0x01E17], 0),
    (0x01E18, [0x01E19, 0x01E18, 0x01E18, 0x01E19], 0),
    (0x01E19, [0x01E19, 0x01E18, 0x01E18, 0x01E19], 0),
    (0x01E1A, [0x01E1B, 0x01E1A, 0x01E1A, 0x01E1B], 0),
    (0x01E1B, [0x01E1B, 0x01E1A, 0x01E1A, 0x01E1B], 0),
    (0x01E1C, [0x01E1D, 0x01E1C, 0x01E1C, 0x01E1D], 0),
    (0x01E1D, [0x01E1D, 0x01E1C, 0x01E1C, 0x01E1D], 0),
    (0x01E1E, [0x01E1F, 0x01E1E, 0x01E1E, 0x01E1F], 0),
    (0x01E1F, [0x01E1F, 0x01E1E, 0x01E1E, 0x01E1F], 0),
    (0x01E20, [0x01E21, 0x01E20, 0x01E20, 0x01E21], 0),
    (0x01E21, [0x01E21, 0x01E20, 0x01E20, 0x01E21], 0),
    (0x01E22, [0x01E23, 0x01E22, 0x01E22, 0x01E23], 0),
    (0x01E23, [0x01E23, 0x01E22, 0x01E22, 0x01E23], 0),
    (0x01E24, [0x01E25, 0x01E24, 0x01E24, 0x01E25], 0),
    (0x01E25, [0x01E25, 0x01E24, 0x01E24, 0x01E25], 0),
    (0x01E26, [0x01E27, 0x01E26, 0x01E26, 0x01E27], 0),
    (0x01E27, [0x01E27, 0x01E26, 0x01E26, 0x01E27], 0),
    (0x01E28, [0x01E29, 0x01E28, 0x01E28, 0x01E29], 0),
    (0x01E29, [0x01E29, 0x01E28, 0x01E28, 0x01E29], 0),
    (0x01E2A, [0x01E2B, 0x01E2A, 0x01E2A, 0x01E2B], 0),
    (0x01E2B, [0x01E2B, 0x01E2A, 0x01E2A, 0x01E2B], 0),
    (0x01E2C, [0x01E2D, 0x01E2C, 0x01E2C, 0x01E2D], 0),
    (0x01E2D, [0x01E2D, 0x01E2C, 0x01E2C, 0x01E2D], 0),
    (0x01E2E, [0x01E2F, 0x01E2E, 0x01E2E, 0x01E2F], 0),
    (0x01E2F, [0x01E2F, 0x01E2E, 0x01E2E, 0x01E2F], 0),
    (0x01E30, [0x01E31, 0x01E30, 0x01E30, 0x01E31], 0),
    (0x01E31, [0x01E31, 0x01E30, 0x01E30, 0x01E31], 0),
    (0x01E32, [0x01E33, 0x01E32, 0x01E32, 0x01E33], 0),
    (0x01E33, [0x01E33, 0x01E32, 0x01E32, 0x01E33], 0),
    (0x01E34, [0x01E35, 0x01E34, 0x01E34, 0x01E35], 0),
    (0x01E35, [0x01E35, 0x01E34, 0x01E34, 0x01E35], 0),
    (0x01E36, [0x01E37, 0x01E36, 0x01E36, 0x01E37], 0),
    (0x01E37, [0x01E37, 0x01E36, 0x01E36, 0x01E37], 0),
    (0x01E38, [0x01E39, 0x01E38, 0x01E38, 0x01E39], 0),
    (0x01E39, [0x01E39, 0x01E38, 0x01E38, 0x01E39], 0),
    (0x01E3A, [0x01E3B, 0x01E3A, 0x01E3A, 0x01E3B], 0),
    (0x01E3B, [0x01E3B, 0x01E3A, 0x01E3A, 0x01E3B], 0),
    (0x01E3C, [0x01E3D, 0x01E3C, 0x01E3C, 0x01E3D], 0),
    (0x01E3D, [0x01E3D, 0x01E3C, 0x01E3C, 0x01E3D], 0),
    (0x01E3E, [0x01E3F, 0x01E3E, 0x01E3E, 0x01E3F], 0),
    (0x01E3F, [0x01E3F, 0x01E3E, 0x01E3E, 0x01E3F], 0),
    (0x01E40, [0x01E41, 0x01E40, 0x01E40, 0x01E41], 0),
    (0x01E41, [0x01E41, 0x01E40, 0x01E40, 0x01E41], 0),
    (0x01E42, [0x01E43, 0x01E42, 0x01E42, 0x01E43], 0),
    (0x01E43, [0x01E43, 0x01E42, 0x01E42, 0x01E43], 0),
    (0x01E44, [0x01E45, 0x01E44, 0x01E44, 0x01E45], 0),
    (0x01E45, [0x01E45, 0x01E44, 0x01E44, 0x01E45], 0),
    (0x01E46, [0x01E47, 0x01E46, 0x01E46, 0x01E47], 0),
    (0x01E47, [0x01E47, 0x01E46, 0x01E46, 0x01E47], 0),
    (0x01E48, [0x01E49, 0x01E48, 0x01E48, 0x01E49], 0),
    (0x01E49, [0x01E49, 0x01E48, 0x01E48, 0x01E49], 0),
    (0x01E4A, [0x01E4B, 0x01E4A, 0x01E4A, 0x01E4B], 0),
    (0x01E4B, [0x01E4B, 0x01E4A, 0x01E4A, 0x01E4B], 0),
    (0x01E4C, [0x01E4D, 0x01E4C, 0x01E4C, 0x01E4D], 0),
    (0x01E4D, [0x01E4D, 0x01E4C, 0x01E4C, 0x01E4D], 0),
    (0x01E4E, [0x01E4F, 0x01E4E, 0x01E4E, 0x01E4F], 0),
    (0x01E4F, [0x01E4F, 0x01E4E, 0x01E4E, 0x01E4F], 0),
    (0x01E50, [0x01E51, 0x01E50, 0x01E50, 0x01E51], 0),
    (0x01E51, [0x01E51, 0x01E50, 0x01E50, 0x01E51], 0),
    (0x01E52, [0x01E53, 0x01E52, 0x01E52, 0x01E53], 0),
    (0x01E53, [0x01E53, 0x01E52, 0x01E52, 0x01E53], 0),
    (0x01E54, [0x01E55, 0x01E54, 0x01E54, 0x01E55], 0),
    (0x01E55, [0x01E55, 0x01E54, 0x01E54, 0x01E55], 0),
    (0x01E56, [0x01E57, 0x01E56, 0x01E56, 0x01E57], 0),
    (0x01E57, [0x01E57, 0x01E56, 0x01E56, 0x01E57], 0),
    (0x01E58, [0x01E59, 0x01E58, 0x01E58, 0x01E59], 0),
    (0x01E59, [0x01E59, 0x01E58, 0x01E58, 0x01E59], 0),
    (0x01E5A, [0x01E5B, 0x01E5A, 0x01E5A, 0x01E5B], 0),
    (0x01E5B, [0x01E5B, 0x01E5A, 0x01E5A, 0x01E5B], 0),
    (0x01E5C, [0x01E5D, 0x01E5C, 0x01E5C, 0x01E5D], 0),
    (0x01E5D, [0x01E5D, 0x01E5C, 0x01E5C, 0x01E5D], 0),
    (0x01E5E, [0x01E5F, 0x01E5E, 0x01E5E, 0x01E5F], 0),
    (0x01E5F, [0x01E5F, 0x01E5E, 0x01E5E, 0x01E5F], 0),
    (0x01E60, [0x01E61, 0x01E60, 0x01E60, 0x01E61], 0),
    (0x01E61, [0x01E61, 0x01E60, 0x01E60, 0x01E61], 0),
    (0x01E62, [0x01E63, 0x01E62, 0x01E62, 0x01E63], 0),
    (0x01E63, [0x01E63, 0x01E62, 0x01E62, 0x01E63], 0),
    (0x01E64, [0x01E65, 0x01E64, 0x01E64, 0x01E65], 0),
    (0x01E65, [0x01E65, 0x01E64, 0x01E64, 0x01E65], 0),
    (0x01E66, [0x01E67, 0x01E66, 0x01E66, 0x01E67], 0),
    (0x01E67, [0x01E67, 0x01E66, 0x01E66, 0x01E67], 0),
    (0x01E68, [0x01E69, 0x01E68, 0x01E68, 0x01E69], 0),
    (0x01E69, [0x01E69, 0x01E68, 0x01E68, 0x01E69], 0),
    (0x01E6A, [0x01E6B, 0x01E6A, 0x01E6A, 0x01E6B], 0),
    (0x01E6B, [0x01E6B, 0x01E6A, 0x01E6A, 0x01E6B], 0),
    (0x01E6C, [0x01E6D, 0x01E6C, 0x01E6C, 0x01E6D], 0),
    (0x01E6D, [0x01E6D, 0x01E6C, 0x01E6C, 0x01E6D], 0),
    (0x01E6E, [0x01E6F, 0x01E6E, 0x01E6E, 0x01E6F], 0),
    (0x01E6F, [0x01E6F, 0x01E6E, 0x01E6E, 0x01E6F], 0),
    (0x01E70, [0x01E71, 0x01E70, 0x01E70, 0x01E71], 0),
    (0x01E71, [0x01E71, 0x01E70, 0x01E70, 0x01E71], 0),
    (0x01E72, [0x01E73, 0x01E72, 0x01E72, 0x01E73], 0),
    (0x01E73, [0x01E73, 0x01E72, 0x01E72, 0x01E73], 0),
    (0x01E74, [0x01E75, 0x01E74, 0x01E74, 0x01E75], 0),
    (0x01E75, [0x01E75, 0x01E74, 0x01E74, 0x01E75], 0),
    (0x01E76, [0x01E77, 0x01E76, 0x01E76, 0x01E77], 0),
    (0x01E77, [0x01E77, 0x01E76, 0x01E76, 0x01E77], 0),
    (0x01E78, [0x01E79, 0x01E78, 0x01E78, 0x01E79], 0),
    (0x01E79, [0x01E79, 0x01E78, 0x01E78, 0x01E79], 0),
    (0x01E7A, [0x01E7B, 0x01E7A, 0x01E7A, 0x01E7B], 0),
    (0x01E7B, [0x01E7B, 0x01E7A, 0x01E7A, 0x01E7B], 0),
    (0x01E7C, [0x01E7D, 0x01E7C, 0x01E7C, 0x01E7D], 0),
    (0x01E7D, [0x01E7D, 0x01E7C, 0x01E7C, 0x01E7D], 0),
    (0x01E7E, [0x01E7F, 0x01E7E, 0x01E7E, 0x01E7F], 0),
    (0x01E7F, [0x01E7F, 0x01E7E, 0x01E7E, 0x01E7F], 0),
    (0x01E80, [0x01E81, 0x01E80, 0x01E80, 0x01E81], 0),
    (0x01E81, [0x01E81, 0x01E80, 0x01E80, 0x01E81], 0),
    (0x01E82, [0x01E83, 0x01E82, 0x01E82, 0x01E83], 0),
    (0x01E83, [0x01E83, 0x01E82, 0x01E82, 0x01E83], 0),
    (0x01E84, [0x01E85, 0x01E84, 0x01E84, 0x01E85], 0),
    (0x01E85, [0x01E85, 0x01E84, 0x01E84, 0x01E85], 0),
    (0x01E86, [0x01E87, 0x01E86, 0x01E86, 0x01E87], 0),
    (0x01E87, [0x01E87, 0x01E86, 0x01E86, 0x01E87], 0),
    (0x01E88, [0x01E89, 0x01E88, 0x01E88, 0x01E89], 0),
    (0x01E89, [0x01E89, 0x01E88, 0x01E88, 0x01E89], 0),
    (0x01E8A, [0x01E8B, 0x01E8A, 0x01E8A, 0x01E8B], 0),
    (0x01E8B, [0x01E8B, 0x01E8A, 0x01E8A, 0x01E8B], 0),
    (0x01E8C, [0x01E8D, 0x01E8C, 0x01E8C, 0x01E8D], 0),
    (0x01E8D, [0x01E8D, 0x01E8C, 0x01E8C, 0x01E8D], 0),
    (0x01E8E, [0x01E8F, 0x01E8E, 0x01E8E, 0x01E8F], 0),
    (0x01E8F, [0x01E8F, 0x01E8E, 0x01E8E, 0x01E8F], 0),
    (0x01E90, [0x01E91, 0x01E90, 0x01E90, 0x01E91], 0),
    (0x01E91, [0x01E91, 0x01E90, 0x01E90, 0x01E91], 0),
    (0x01E92, [0x01E93, 0x01E92, 0x01E92, 0x01E93], 0),
    (0x01E93, [0x01E93, 0x01E92, 0x01E92, 0x01E93], 0),
    (0x01E94, [0x01E95, 0x01E94, 0x01E94, 0x01E95], 0),
    (0x01E95, [0x01E95, 0x01E94, 0x01E94, 0x01E95], 0),
    (0x01E96, [0x01E96, 0x01E96, 0x01E96, 0x01E96], 9),
    (0x01E97, [0x01E97, 0x01E97, 0x01E97, 0x01E97], 10),
    (0x01E98, [0x01E98, 0x01E98, 0x01E98, 0x01E98], 11),
    (0x01E99, [0x01E99, 0x01E99, 0x01E99, 0x01E99], 12),
    (0x01E9A, [0x01E9A, 0x01E9A, 0x01E9A, 0x01E9A], 13),
    (0x01E9B, [0x01E9B, 0x01E60, 0x01E60, 0x01E61], 0),
    (0x01E9E, [0x000DF, 0x01E9E, 0x01E9E, 0x000DF], 14),
    (0x01EA0, [0x01EA1, 0x01EA0, 0x01EA0, 0x01EA1], 0),
    (0x01EA1, [0x01EA1, 0x01EA0, 0x01EA0, 0x01EA1], 0),
    (0x01EA2, [0x01EA3, 0x01EA2, 0x01EA2, 0x01EA3], 0),
    (0x01EA3, [0x01EA3, 0x01EA2, 0x01EA2, 0x01EA3], 0),
    (0x01EA4, [0x01EA5, 0x01EA4, 0x01EA4, 0x01EA5], 0),
    (0x01EA5, [0x01EA5, 0x01EA4, 0x01EA4, 0x01EA5], 0),
    (0x01EA6, [0x01EA7, 0x01EA6, 0x01EA6, 0x01EA7], 0),
    (0x01EA7, [0x01EA7, 0x01EA6, 0x01EA6, 0x01EA7], 0),
    (0x01EA8, [0x01EA9, 0x01EA8, 0x01EA8, 0x01EA9], 0),
    (0x01EA9, [0x01EA9, 0x01EA8, 0x01EA8, 0x01EA9], 0),
    (0x01EAA, [0x01EAB, 0x01EAA, 0x01EAA, 0x01EAB], 0),
    (0x01EAB, [0x01EAB, 0x01EAA, 0x01EAA, 0x01EAB], 0),
    (0x01EAC, [0x01EAD, 0x01EAC, 0x01EAC, 0x01EAD], 0),
    (0x01EAD, [0x01EAD, 0x01EAC, 0x01EAC, 0x01EAD], 0),
    (0x01EAE, [0x01EAF, 0x01EAE, 0x01EAE, 0x01EAF], 0),
    (0x01EAF, [0x01EAF, 0x01EAE, 0x01EAE, 0x01EAF], 0),
    (0x01EB0, [0x01EB1, 0x01EB0, 0x01EB0, 0x01EB1], 0),
    (0x01EB1, [0x01EB1, 0x01EB0, 0x01EB0, 0x01EB1], 0),
    (0x01EB2, [0x01EB3, 0x01EB2, 0x01EB2, 0x01EB3], 0),
    (0x01EB3, [0x01EB3, 0x01EB2, 0x01EB2, 0x01EB3], 0),
    (0x01EB4, [0x01EB5, 0x01EB4, 0x01EB4, 0x01EB5], 0),
    (0x01EB5, [0x01EB5, 0x01EB4, 0x01EB4, 0x01EB5], 0),
    (0x01EB6, [0x01EB7, 0x01EB6, 0x01EB6, 0x01EB7], 0),
    (0x01EB7, [0x01EB7, 0x01EB6, 0x01EB6, 0x01EB7], 0),
    (0x01EB8, [0x01EB9, 0x01EB8, 0x01EB8, 0x01EB9], 0),
    (0x01EB9, [0x01EB9, 0x01EB8, 0x01EB8, 0x01EB9], 0),
    (0x01EBA, [0x01EBB, 0x01EBA, 0x01EBA, 0x01EBB], 0),
    (0x01EBB, [0x01EBB, 0x01EBA, 0x01EBA, 0x01EBB], 0),
    (0x01EBC, [0x01EBD, 0x01EBC, 0x01EBC, 0x01EBD], 0),
    (0x01EBD, [0x01EBD, 0x01EBC, 0x01EBC, 0x01EBD], 0),
    (0x01EBE, [0x01EBF, 0x01EBE, 0x01EBE, 0x01EBF], 0),
    (0x01EBF, [0x01EBF, 0x01EBE, 0x01EBE, 0x01EBF], 0),
    (0x01EC0, [0x01EC1, 0x01EC0, 0x01EC0, 0x01EC1], 0),
    (0x01EC1, [0x01EC1, 0x01EC0, 0x01EC0, 0x01EC1], 0),
    (0x01EC2, [0x01EC3, 0x01EC2, 0x01EC2, 0x01EC3], 0),
    (0x01EC3, [0x01EC3, 0x01EC2, 0x01EC2, 0x01EC3], 0),
    (0x01EC4, [0x01EC5, 0x01EC4, 0x01EC4, 0x01EC5], 0),
    (0x01EC5, [0x01EC5, 0x01EC4, 0x01EC4, 0x01EC5], 0),
    (0x01EC6, [0x01EC7, 0x01EC6, 0x01EC6, 0x01EC7], 0),
    (0x01EC7, [0x01EC7, 0x01EC6, 0x01EC6, 0x01EC7], 0),
    (0x01EC8, [0x01EC9, 0x01EC8, 0x01EC8, 0x01EC9], 0),
    (0x01EC9, [0x01EC9, 0x01EC8, 0x01EC8, 0x01EC9], 0),
    (0x01ECA, [0x01ECB, 0x01ECA, 0x01ECA, 0x01ECB], 0),
    (0x01ECB, [0x01ECB, 0x01ECA, 0x01ECA, 0x01ECB], 0),
    (0x01ECC, [0x01ECD, 0x01ECC, 0x01ECC, 0x01ECD], 0),
    (0x01ECD, [0x01ECD, 0x01ECC, 0x01ECC, 0x01ECD], 0),
    (0x01ECE, [0x01ECF, 0x01ECE, 0x01ECE, 0x01ECF], 0),
    (0x01ECF, [0x01ECF, 0x01ECE, 0x01ECE, 0x01ECF], 0),
    (0x01ED0, [0x01ED1, 0x01ED0, 0x01ED0, 0x01ED1], 0),
    (0x01ED1, [0x01ED1, 0x01ED0, 0x01ED0, 0x01ED1], 0),
    (0x01ED2, [0x01ED3, 0x01ED2, 0x01ED2, 0x01ED3], 0),
    (0x01ED3, [0x01ED3, 0x01ED2, 0x01ED2, 0x01ED3], 0),
    (0x01ED4, [0x01ED5, 0x01ED4, 0x01ED4, 0x01ED5], 0),
    (0x01ED5, [0x01ED5, 0x01ED4, 0x01ED4, 0x01ED5], 0),
    (0x01ED6, [0x01ED7, 0x01ED6, 0x01ED6, 0x01ED7], 0),
    (0x01ED7, [0x01ED7, 0x01ED6, 0x01ED6, 0x01ED7], 0),
    (0x01ED8, [0x01ED9, 0x01ED8, 0x01ED8, 0x01ED9], 0),
    (0x01ED9, [0x01ED9, 0x01ED8, 0x01ED8, 0x01ED9], 0),
    (0x01EDA, [0x01EDB, 0x01EDA, 0x01EDA, 0x01EDB], 0),
    (0x01EDB, [0x01EDB, 0x01EDA, 0x01EDA, 0x01EDB], 0),
    (0x01EDC, [0x01EDD, 0x01EDC, 0x01EDC, 0x01EDD], 0),
    (0x01EDD, [0x01EDD, 0x01EDC, 0x01EDC, 0x01EDD], 0),
    (0x01EDE, [0x01EDF, 0x01EDE, 0x01EDE, 0x01EDF], 0),
    (0x01EDF, [0x01EDF, 0x01EDE, 0x01EDE, 0x01EDF], 0),
    (0x01EE0, [0x01EE1, 0x01EE0, 0x01EE0, 0x01EE1], 0),
    (0x01EE1, [0x01EE1, 0x01EE0, 0x01EE0, 0x01EE1], 0),
    (0x01EE2, [0x01EE3, 0x01EE2, 0x01EE2, 0x01EE3], 0),
    (0x01EE3, [0x01EE3, 0x01EE2, 0x01EE2, 0x01EE3], 0),
    (0x01EE4, [0x01EE5, 0x01EE4, 0x01EE4, 0x01EE5], 0),
    (0x01EE5, [0x01EE5, 0x01EE4, 0x01EE4, 0x01EE5], 0),
    (0x01EE6, [0x01EE7, 0x01EE6, 0x01EE6, 0x01EE7], 0),
    (0x01EE7, [0x01EE7, 0x01EE6, 0x01EE6, 0x01EE7], 0),
    (0x01EE8, [0x01EE9, 0x01EE8, 0x01EE8, 0x01EE9], 0),
    (0x01EE9, [0x01EE9, 0x01EE8, 0x01EE8, 0x01EE9], 0),
    (0x01EEA, [0x01EEB, 0x01EEA, 0x01EEA, 0x01EEB], 0),
    (0x01EEB, [0x01EEB, 0x01EEA, 0x01EEA, 0x01EEB], 0),
    (0x01EEC, [0x01EED, 0x01EEC, 0x01EEC, 0x01EED], 0),
    (0x01EED, [0x01EED, 0x01EEC, 0x01EEC, 0x01EED], 0),
    (0x01EEE, [0x01EEF, 0x01EEE, 0x01EEE, 0x01EEF], 0),
    (0x01EEF, [0x01EEF, 0x01EEE, 0x01EEE, 0x01EEF], 0),
    (0x01EF0, [0x01EF1, 0x01EF0, 0x01EF0, 0x01EF1], 0),
    (0x01EF1, [0x01EF1, 0x01EF0, 0x01EF0, 0x01EF1], 0),
    (0x01EF2, [0x01EF3, 0x01EF2, 0x01EF2, 0x01EF3], 0),
    (0x01EF3, [0x01EF3, 0x01EF2, 0x01EF2, 0x01EF3], 0),
    (0x01EF4, [0x01EF5, 0x01EF4, 0x01EF4, 0x01EF5], 0),
    (0x01EF5, [0x01EF5, 0x01EF4, 0x01EF4, 0x01EF5], 0),
    (0x01EF6, [0x01EF7, 0x01EF6, 0x01EF6, 0x01EF7], 0),
    (0x01EF7, [0x01EF7, 0x01EF6, 0x01EF6, 0x01EF7], 0),
    (0x01EF8, [0x01EF9, 0x01EF8, 0x01EF8, 0x01EF9], 0),
    (0x01EF9, [0x01EF9, 0x01EF8, 0x01EF8, 0x01EF9], 0),
    (0x01EFA, [0x01EFB, 0x01EFA, 0x01EFA, 0x01EFB], 0),
    (0x01EFB, [0x01EFB, 0x01EFA, 0x01EFA, 0x01EFB], 0),
    (0x01EFC, [0x01EFD, 0x01EFC, 0x01EFC, 0x01EFD], 0),
    (0x01EFD, [0x01EFD, 0x01EFC, 0x01EFC, 0x01EFD], 0),
    (0x01EFE, [0x01EFF, 0x01EFE, 0x01EFE, 0x01EFF], 0),
    (0x01EFF, [0x01EFF, 0x01EFE, 0x01EFE, 0x01EFF], 0),
    (0x01F00, [0x01F00, 0x01F08, 0x01F08, 0x01F00], 0),
    (0x01F01, [0x01F01, 0x01F09, 0x01F09, 0x01F01], 0),
    (0x01F02, [0x01F02, 0x01F0A, 0x01F0A, 0x01F02], 0),
    (0x01F03, [0x01F03, 0x01F0B, 0x01F0B, 0x01F03], 0),
    (0x01F04, [0x01F04, 0x01F0C, 0x01F0C, 0x01F04], 0),
    (0x01F05, [0x01F05, 0x01F0D, 0x01F0D, 0x01F05], 0),
    (0x01F06, [0x01F06, 0x01F0E, 0x01F0E, 0x01F06], 0),
    (0x01F07, [0x01F07, 0x01F0F, 0x01F0F, 0x01F07], 0),
    (0x01F08, [0x01F00, 0x01F08, 0x01F08, 0x01F00], 0),
    (0x01F09, [0x01F01, 0x01F09, 0x01F09, 0x01F01], 0),
    (0x01F0A, [0x01F02, 0x01F0A, 0x01F0A, 0x01F02], 0),
    (0x01F0B, [0x01F03, 0x01F0B, 0x01F0B, 0x01F03], 0),
    (0x01F0C, [0x01F04, 0x01F0C, 0x01F0C, 0x01F04], 0),
    (0x01F0D, [0x01F05, 0x01F0D, 0x01F0D, 0x01F05], 0),
    (0x01F0E, [0x01F06, 0x01F0E, 0x01F0E, 0x01F06], 0),
    (0x01F0F, [0x01F07, 0x01F0F, 0x01F0F, 0x01F07], 0),
    (0x01F10, [0x01F10, 0x01F18, 0x01F18, 0x01F10], 0),
    (0x01F11, [0x01F11, 0x01F19, 0x01F19, 0x01F11], 0),
    (0x01F12, [0x01F12, 0x01F1A, 0x01F1A, 0x01F12], 0),
    (0x01F13, [0x01F13, 0x01F1B, 0x01F1B, 0x01F13], 0),
    (0x01F14, [0x01F14, 0x01F1C, 0x01F1C, 0x01F14], 0),
    (0x01F15, [0x01F15, 0x01F1D, 0x01F1D, 0x01F15], 0),
    (0x01F18, [0x01F10, 0x01F18, 0x01F18, 0x01F10], 0),
    (0x01F19, [0x01F11, 0x01F19, 0x01F19, 0x01F11], 0),
    (0x01F1A, [0x01F12, 0x01F1A, 0x01F1A, 0x01F12], 0),
    (0x01F1B, [0x01F13, 0x01F1B, 0x01F1B, 0x01F13], 0),
    (0x01F1C, [0x01F14, 0x01F1C, 0x01F1C, 0x01F14], 0),
    (0x01F1D, [0x01F15, 0x01F1D, 0x01F1D, 0x01F15], 0),
    (0x01F20, [0x01F20, 0x01F28, 0x01F28, 0x01F20], 0),
    (0x01F21, [0x01F21, 0x01F29, 0x01F29, 0x01F21], 0),
    (0x01F22, [0x01F22, 0x01F2A, 0x01F2A, 0x01F22], 0),
    (0x01F23, [0x01F23, 0x01F2B, 0x01F2B, 0x01F23], 0),
    (0x01F24, [0x01F24, 0x01F2C, 0x01F2C, 0x01F24], 0),
    (0x01F25, [0x01F25, 0x01F2D, 0x01F2D, 0x01F25], 0),
    (0x01F26, [0x01F26, 0x01F2E, 0x01F2E, 0x01F26], 0),
    (0x01F27, [0x01F27, 0x01F2F, 0x01F2F, 0x01F27], 0),
    (0x01F28, [0x01F20, 0x01F28, 0x01F28, 0x01F20], 0),
    (0x01F29, [0x01F21, 0x01F29, 0x01F29, 0x01F21], 0),
    (0x01F2A, [0x01F22, 0x01F2A, 0x01F2A, 0x01F22], 0),
    (0x01F2B, [0x01F23, 0x01F2B, 0x01F2B, 0x01F23], 0),
    (0x01F2C, [0x01F24, 0x01F2C, 0x01F2C, 0x01F24], 0),
    (0x01F2D, [0x01F25, 0x01F2D, 0x01F2D, 0x01F25], 0),
    (0x01F2E, [0x01F26, 0x01F2E, 0x01F2E, 0x01F26], 0),
    (0x01F2F, [0x01F27, 0x01F2F, 0x01F2F, 0x01F27], 0),
    (0x01F30, [0x01F30, 0x01F38, 0x01F38, 0x01F30], 0),
    (0x01F31, [0x01F31, 0x01F39, 0x01F39, 0x01F31], 0),
    (0x01F32, [0x01F32, 0x01F3A, 0x01F3A, 0x01F32], 0),
    (0x01F33, [0x01F33, 0x01F3B, 0x01F3B, 0x01F33], 0),
    (0x01F34, [0x01F34, 0x01F3C, 0x01F3C, 0x01F34], 0),
    (0x01F35, [0x01F35, 0x01F3D, 0x01F3D, 0x01F35], 0),
    (0x01F36, [0x01F36, 0x01F3E, 0x01F3E, 0x01F36], 0),
    (0x01F37, [0x01F37, 0x01F3F, 0x01F3F, 0x01F37], 0),
    (0x01F38, [0x01F30, 0x01F38, 0x01F38, 0x01F30], 0),
    (0x01F39, [0x01F31, 0x01F39, 0x01F39, 0x01F31], 0),
    (0x01F3A, [0x01F32, 0x01F3A, 0x01F3A, 0x01F32], 0),
    (0x01F3B, [0x01F33, 0x01F3B, 0x01F3B, 0x01F33], 0),
    (0x01F3C, [0x01F34, 0x01F3C, 0x01F3C, 0x01F34], 0),
    (0x01F3D, [0x01F35, 0x01F3D, 0x01F3D, 0x01F35], 0),
    (0x01F3E, [0x01F36, 0x01F3E, 0x01F3E, 0x01F36], 0),
    (0x01F3F, [0x01F37, 0x01F3F, 0x01F3F, 0x01F37], 0),
    (0x01F40, [0x01F40, 0x01F48, 0x01F48, 0x01F40], 0),
    (0x01F41, [0x01F41, 0x01F49, 0x01F49, 0x01F41], 0),
    (0x01F42, [0x01F42, 0x01F4A, 0x01F4A, 0x01F42], 0),
    (0x01F43, [0x01F43, 0x01F4B, 0x01F4B, 0x01F43], 0),
    (0x01F44, [0x01F44, 0x01F4C, 0x01F4C, 0x01F44], 0),
    (0x01F45, [0x01F45, 0x01F4D, 0x01F4D, 0x01F45], 0),
    (0x01F48, [0x01F40, 0x01F48, 0x01F48, 0x01F40], 0),
    (0x01F49, [0x01F41, 0x01F49, 0x01F49, 0x01F41], 0),
    (0x01F4A, [0x01F42, 0x01F4A, 0x01F4A, 0x01F42], 0),
    (0x01F4B, [0x01F43, 0x01F4B, 0x01F4B, 0x01F43], 0),
    (0x01F4C, [0x01F44, 0x01F4C, 0x01F4C, 0x01F44], 0),
    (0x01F4D, [0x01F45, 0x01F4D, 0x01F4D, 0x01F45], 0),
    (0x01F50, [0x01F50, 0x01F50, 0x01F50, 0x01F50], 15),
    (0x01F51, [0x01F51, 0x01F59, 0x01F59, 0x01F51], 0),
    (0x01F52, [0x01F52, 0x01F52, 0x01F52, 0x01F52], 16),
    (0x01F53, [0x01F53, 0x01F5B, 0x01F5B, 0x01F53], 0),
    (0x01F54, [0x01F54, 0x01F54, 0x01F54, 0x01F54], 17),
    (0x01F55, [0x01F55, 0x01F5D, 0x01F5D, 0x01F55], 0),
    (0x01F56, [0x01F56, 0x01F56, 0x01F56, 0x01F56], 18),
    (0x01F57, [0x01F57, 0x01F5F, 0x01F5F, 0x01F57], 0),
    (0x01F59, [0x01F51, 0x01F59, 0x01F59, 0x01F51], 0),
    (0x01F5B, [0x01F53, 0x01F5B, 0x01F5B, 0x01F53], 0),
    (0x01F5D, [0x01F55, 0x01F5D, 0x01F5D, 0x01F55], 0),
    (0x01F5F, [0x01F57, 0x01F5F, 0x01F5F, 0x01F57], 0),
    (0x01F60, [0x01F60, 0x01F68, 0x01F68, 0x01F60], 0),
    (0x01F61, [0x01F61, 0x01F69, 0x01F69, 0x01F61], 0),
    (0x01F62, [0x01F62, 0x01F6A, 0x01F6A, 0x01F62], 0),
    (0x01F63, [0x01F63, 0x01F6B, 0x01F6B, 0x01F63], 0),
    (0x01F64, [0x01F64, 0x01F6C, 0x01F6C, 0x01F64], 0),
    (0x01F65, [0x01F65, 0x01F6D, 0x01F6D, 0x01F65], 0),
    (0x01F66, [0x01F66, 0x01F6E, 0x01F6E, 0x01F66], 0),
    (0x01F67, [0x01F67, 0x01F6F, 0x01F6F, 0x01F67], 0),
    (0x01F68, [0x01F60, 0x01F68, 0x01F68, 0x01F60], 0),
    (0x01F69, [0x01F61, 0x01F69, 0x01F69, 0x01F61], 0),
    (0x01F6A, [0x01F62, 0x01F6A, 0x01F6A, 0x01F62], 0),
    (0x01F6B, [0x01F63, 0x01F6B, 0x01F6B, 0x01F63], 0),
    (0x01F6C, [0x01F64, 0x01F6C, 0x01F6C, 0x01F64], 0),
    (0x01F6D, [0x01F65, 0x01F6D, 0x01F6D, 0x01F65], 0),
    (0x01F6E, [0x01F66, 0x01F6E, 0x01F6E, 0x01F66], 0),
    (0x01F6F, [0x01F67, 0x01F6F, 0x01F6F, 0x01F67], 0),
    (0x01F70, [0x01F70, 0x01FBA, 0x01FBA, 0x01F70], 0),
    (0x01F71, [0x01F71, 0x01FBB, 0x01FBB, 0x01F71], 0),
    (0x01F72, [0x01F72, 0x01FC8, 0x01FC8, 0x01F72], 0),
    (0x01F73, [0x01F73, 0x01FC9, 0x01FC9, 0x01F73], 0),
    (0x01F74, [0x01F74, 0x01FCA, 0x01FCA, 0x01F74], 0),
    (0x01F75, [0x01F75, 0x01FCB, 0x01FCB, 0x01F75], 0),
    (0x01F76, [0x01F76, 0x01FDA, 0x01FDA, 0x01F76], 0),
    (0x01F77, [0x01F77, 0x01FDB, 0x01FDB, 0x01F77], 0),
    (0x01F78, [0x01F78, 0x01FF8, 0x01FF8, 0x01F78], 0),
    (0x01F79, [0x01F79, 0x01FF9, 0x01FF9, 0x01F79], 0),
    (0x01F7A, [0x01F7A, 0x01FEA, 0x01FEA, 0x01F7A], 0),
    (0x01F7B, [0x01F7B, 0x01FEB, 0x01FEB, 0x01F7B], 0),
    (0x01F7C, [0x01F7C, 0x01FFA, 0x01FFA, 0x01F7C], 0),
    (0x01F7D, [0x01F7D, 0x01FFB, 0x01FFB, 0x01F7D], 0),
    (0x01F80, [0x01F80, 0x01F88, 0x01F88, 0x01F80], 19),
    (0x01F81, [0x01F81, 0x01F89, 0x01F89, 0x01F81], 20),
    (0x01F82, [0x01F82, 0x01F8A, 0x01F8A, 0x01F82], 21),
    (0x01F83, [0x01F83, 0x01F8B, 0x01F8B, 0x01F83], 22),
    (0x01F84, [0x01F84, 0x01F8C, 0x01F8C, 0x01F84], 23),
    (0x01F85, [0x01F85, 0x01F8D, 0x01F8D, 0x01F85], 24),
    (0x01F86, [0x01F86, 0x01F8E, 0x01F8E, 0x01F86], 25),
    (0x01F87, [0x01F87, 0x01F8F, 0x01F8F, 0x01F87], 26),
    (0x01F88, [0x01F80, 0x01F88, 0x01F88, 0x01F80], 27),
    (0x01F89, [0x01F81, 0x01F89, 0x01F89, 0x01F81], 28),
    (0x01F8A, [0x01F82, 0x01F8A, 0x01F8A, 0x01F82], 29),
    (0x01F8B, [0x01F83, 0x01F8B, 0x01F8B, 0x01F83], 30),
    (0x01F8C, [0x01F84, 0x01F8C, 0x01F8C, 0x01F84], 31),
    (0x01F8D, [0x01F85, 0x01F8D, 0x01F8D, 0x01F85], 32),
    (0x01F8E, [0x01F86, 0x01F8E, 0x01F8E, 0x01F86], 33),
    (0x01F8F, [0x01F87, 0x01F8F, 0x01F8F, 0x01F87], 34),
    (0x01F90, [0x01F90, 0x01F98, 0x01F98, 0x01F90], 35),
    (0x01F91, [0x01F91, 0x01F99, 0x01F99, 0x01F91], 36),
    (0x01F92, [0x01F92, 0x01F9A, 0x01F9A, 0x01F92], 37),
    (0x01F93, [0x01F93, 0x01F9B, 0x01F9B, 0x01F93], 38),
    (0x01F94, [0x01F94, 0x01F9C, 0x01F9C, 0x01F94], 39),
    (0x01F95, [0x01F95, 0x01F9D, 0x01F9D, 0x01F95], 40),
    (0x01F96, [0x01F96, 0x01F9E, 0x01F9E, 0x01F96], 41),
    (0x01F97, [0x01F97, 0x01F9F, 0x01F9F, 0x01F97], 42),
    (0x01F98, [0x01F90, 0x01F98, 0x01F98, 0x01F90], 43),
    (0x01F99, [0x01F91, 0x01F99, 0x01F99, 0x01F91], 44),
    (0x01F9A, [0x01F92, 0x01F9A, 0x01F9A, 0x01F92], 45),
    (0x01F9B, [0x01F93, 0x01F9B, 0x01F9B, 0x01F93], 46),
    (0x01F9C, [0x01F94, 0x01F9C, 0x01F9C, 0x01F94], 47),
    (0x01F9D, [0x01F95, 0x01F9D, 0x01F9D, 0x01F95], 48),
    (0x01F9E, [0x01F96, 0x01F9E, 0x01F9E, 0x01F96], 49),
    (0x01F9F, [0x01F97, 0x01F9F, 0x01F9F, 0x01F97], 50),
    (0x01FA0, [0x01FA0, 0x01FA8, 0x01FA8, 0x01FA0], 51),
    (0x01FA1, [0x01FA1, 0x01FA9, 0x01FA9, 0x01FA1], 52),
    (0x01FA2, [0x01FA2, 0x01FAA, 0x01FAA, 0x01FA2], 53),
    (0x01FA3, [0x01FA3, 0x01FAB, 0x01FAB, 0x01FA3], 54),
    (0x01FA4, [0x01FA4, 0x01FAC, 0x01FAC, 0x01FA4], 55),
    (0x01FA5, [0x01FA5, 0x01FAD, 0x01FAD, 0x01FA5], 56),
    (0x01FA6, [0x01FA6, 0x01FAE, 0x01FAE, 0x01FA6], 57),
    (0x01FA7, [0x01FA7, 0x01FAF, 0x01FAF, 0x01FA7], 58),
    (0x01FA8, [0x01FA0, 0x01FA8, 0x01FA8, 0x01FA0], 59),
    (0x01FA9, [0x01FA1, 0x01FA9, 0x01FA9, 0x01FA1], 60),
    (0x01FAA, [0x01FA2, 0x01FAA, 0x01FAA, 0x01FA2], 61),
    (0x01FAB, [0x01FA3, 0x01FAB, 0x01FAB, 0x01FA3], 62),
    (0x01FAC, [0x01FA4, 0x01FAC, 0x01FAC, 0x01FA4], 63),
    (0x01FAD, [0x01FA5, 0x01FAD, 0x01FAD, 0x01FA5], 64),
    (0x01FAE, [0x01FA6, 0x01FAE, 0x01FAE, 0x01FA6], 65),
    (0x01FAF, [0x01FA7, 0x01FAF, 0x01FAF, 0x01FA7], 66),
    (0x01FB0, [0x01FB0, 0x01FB8, 0x01FB8, 0x01FB0], 0),
    (0x01FB1, [0x01FB1, 0x01FB9, 0x01FB9, 0x01FB1], 0),
    (0x01FB2, [0x01FB2, 0x01FB2, 0x01FB2, 0x01FB2], 67),
    (0x01FB3, [0x01FB3, 0x01FBC, 0x01FBC, 0x01FB3], 68),
    (0x01FB4, [0x01FB4, 0x01FB4, 0x01FB4, 0x01FB4], 69),
    (0x01FB6, [0x01FB6, 0x01FB6, 0x01FB6, 0x01FB6], 70),
    (0x01FB7, [0x01FB7, 0x01FB7, 0x01FB7, 0x01FB7], 71),
    (0x01FB8, [0x01FB0, 0x01FB8, 0x01FB8, 0x01FB0], 0),
    (0x01FB9, [0x01FB1, 0x01FB9, 0x01FB9, 0x01FB1], 0),
    (0x01FBA, [0x01F70, 0x01FBA, 0x01FBA, 0x01F70], 0),
    (0x01FBB, [0x01F71, 0x01FBB, 0x01FBB, 0x01F71], 0),
    (0x01FBC, [0x01FB3, 0x01FBC, 0x01FBC, 0x01FB3], 72),
    (0x01FBE, [0x01FBE, 0x00399, 0x00399, 0x003B9], 0),
    (0x01FC2, [0x01FC2, 0x01FC2, 0x01FC2, 0x01FC2], 73),
    (0x01FC3, [0x01FC3, 0x01FCC, 0x01FCC, 0x01FC3], 74),
    (0x01FC4, [0x01FC4, 0x01FC4, 0x01FC4, 0x01FC4], 75),
    (0x01FC6, [0x01FC6, 0x01FC6, 0x01FC6, 0x01FC6], 76),
    (0x01FC7, [0x01FC7, 0x01FC7, 0x01FC7, 0x01FC7], 77),
    (0x01FC8, [0x01F72, 0x01FC8, 0x01FC8, 0x01F72], 0),
    (0x01FC9, [0x01F73, 0x01FC9, 0x01FC9, 0x01F73], 0),
    (0x01FCA, [0x01F74, 0x01FCA, 0x01FCA, 0x01F74], 0),
    (0x01FCB, [0x01F75, 0x01FCB, 0x01FCB, 0x01F75], 0),
    (0x01FCC, [0x01FC3, 0x01FCC, 0x01FCC, 0x01FC3], 78),
    (0x01FD0, [0x01FD0, 0x01FD8, 0x01FD8, 0x01FD0], 0),
    (0x01FD1, [0x01FD1, 0x01FD9, 0x01FD9, 0x01FD1], 0),
    (0x01FD2, [0x01FD2, 0x01FD2, 0x01FD2, 0x01FD2], 79),
    (0x01FD3, [0x01FD3, 0x01FD3, 0x01FD3, 0x00390], 80),
    (0x01FD6, [0x01FD6, 0x01FD6, 0x01FD6, 0x01FD6], 81),
    (0x01FD7, [0x01FD7, 0x01FD7, 0x01FD7, 0x01FD7], 82),
    (0x01FD8, [0x01FD0, 0x01FD8, 0x01FD8, 0x01FD0], 0),
    (0x01FD9, [0x01FD1, 0x01FD9, 0x01FD9, 0x01FD1], 0),
    (0x01FDA, [0x01F76, 0x01FDA, 0x01FDA, 0x01F76], 0),
    (0x01FDB, [0x01F77, 0x01FDB, 0x01FDB, 0x01F77], 0),
    (0x01FE0, [0x01FE0, 0x01FE8, 0x01FE8, 0x01FE0], 0),
    (0x01FE1, [0x01FE1, 0x01FE9, 0x01FE9, 0x01FE1], 0),
    (0x01FE2, [0x01FE2, 0x01FE2, 0x01FE2, 0x01FE2], 83),
    (0x01FE3, [0x01FE3, 0x01FE3, 0x01FE3, 0x003B0], 84),
    (0x01FE4, [0x01FE4, 0x01FE4, 0x01FE4, 0x01FE4], 85),
    (0x01FE5, [0x01FE5, 0x01FEC, 0x01FEC, 0x01FE5], 0),
    (0x01FE6, [0x01FE6, 0x01FE6, 0x01FE6, 0x01FE6], 86),
    (0x01FE7, [0x01FE7, 0x01FE7, 0x01FE7, 0x01FE7], 87),
    (0x01FE8, [0x01FE0, 0x01FE8, 0x01FE8, 0x01FE0], 0),
    (0x01FE9, [0x01FE1, 0x01FE9, 0x01FE9, 0x01FE1], 0),
    (0x01FEA, [0x01F7A, 0x01FEA, 0x01FEA, 0x01F7A], 0),
    (0x01FEB, [0x01F7B, 0x01FEB, 0x01FEB, 0x01F7B], 0),
    (0x01FEC, [0x01FE5, 0x01FEC, 0x01FEC, 0x01FE5], 0),
    (0x01FF2, [0x01FF2, 0x01FF2, 0x01FF2, 0x01FF2], 88),
    (0x01FF3, [0x01FF3, 0x01FFC, 0x01FFC, 0x01FF3], 89),
    (0x01FF4, [0x01FF4, 0x01FF4, 0x01FF4, 0x01FF4], 90),
    (0x01FF6, [0x01FF6, 0x01FF6, 0x01FF6, 0x01FF6], 91),
    (0x01FF7, [0x01FF7, 0x01FF7, 0x01FF7, 0x01FF7], 92),
    (0x01FF8, [0x01F78, 0x01FF8, 0x01FF8, 0x01F78], 0),
    (0x01FF9, [0x01F79, 0x01FF9, 0x01FF9, 0x01F79], 0),
    (0x01FFA, [0x01F7C, 0x01FFA, 0x01FFA, 0x01F7C], 0),
    (0x01FFB, [0x01F7D, 0x01FFB, 0x01FFB, 0x01F7D], 0),
    (0x01FFC, [0x01FF3, 0x01FFC, 0x01FFC, 0x01FF3], 93),
    (0x02126, [0x003C9, 0x02126, 0x02126, 0x003C9], 0),
    (0x0212A, [0x0006B, 0x0212A, 0x0212A, 0x0006B], 0),
    (0x0212B, [0x000E5, 0x0212B, 0x0212B, 0x000E5], 0),
    (0x02132, [0x0214E, 0x02132, 0x02132, 0x0214E], 0),
    (0x0214E, [0x0214E, 0x02132, 0x02132, 0x0214E], 0),
    (0x02160, [0x02170, 0x02160, 0x02160, 0x02170], 0),
    (0x02161, [0x02171, 0x02161, 0x02161, 0x02171], 0),
    (0x02162, [0x02172, 0x02162, 0x02162, 0x02172], 0),
    (0x02163, [0x02173, 0x02163, 0x02163, 0x02173], 0),
    (0x02164, [0x02174, 0x02164, 0x02164, 0x02174], 0),
    (0x02165, [0x02175, 0x02165, 0x02165, 0x02175], 0),
    (0x02166, [0x02176, 0x02166, 0x02166, 0x02176], 0),
    (0x02167, [0x02177, 0x02167, 0x02167, 0x02177], 0),
    (0x02168, [0x02178, 0x02168, 0x02168, 0x02178], 0),
    (0x02169, [0x02179, 0x02169, 0x02169, 0x02179], 0),
    (0x0216A, [0x0217A, 0x0216A, 0x0216A, 0x0217A], 0),
    (0x0216B, [0x0217B, 0x0216B, 0x0216B, 0x0217B], 0),
    (0x0216C, [0x0217C, 0x0216C, 0x0216C, 0x0217C], 0),
    (0x0216D, [0x0217D, 0x0216D, 0x0216D, 0x0217D], 0),
    (0x0216E, [0x0217E, 0x0216E, 0x0216E, 0x0217E], 0),
    (0x0216F, [0x0217F, 0x0216F, 0x0216F, 0x0217F], 0),
    (0x02170, [0x02170, 0x02160, 0x02160, 0x02170], 0),
    (0x02171, [0x02171, 0x02161, 0x02161, 0x02171], 0),
    (0x02172, [0x02172, 0x02162, 0x02162, 0x02172], 0),
    (0x02173, [0x02173, 0x02163, 0x02163, 0x02173], 0),
    (0x02174, [0x02174, 0x02164, 0x02164, 0x02174], 0),
    (0x02175, [0x02175, 0x02165, 0x02165, 0x02175], 0),
    (0x02176, [0x02176, 0x02166, 0x02166, 0x02176], 0),
    (0x02177, [0x02177, 0x02167, 0x02167, 0x02177], 0),
    (0x02178, [0x02178, 0x02168, 0x02168, 0x02178], 0),
    (0x02179, [0x02179, 0x02169, 0x02169, 0x02179], 0),
    (0x0217A, [0x0217A, 0x0216A, 0x0216A, 0x0217A], 0),
    (0x0217B, [0x0217B, 0x0216B, 0x0216B, 0x0217B], 0),
    (0x0217C, [0x0217C, 0x0216C, 0x0216C, 0x0217C], 0),
    (0x0217D, [0x0217D, 0x0216D, 0x0216D, 0x0217D], 0),
    (0x0217E, [0x0217E, 0x0216E, 0x0216E, 0x0217E], 0),
    (0x0217F, [0x0217F, 0x0216F, 0x0216F, 0x0217F], 0),
    (0x02183, [0x02184, 0x02183, 0x02183, 0x02184], 0),
    (0x02184, [0x02184, 0x02183, 0x02183, 0x02184], 0),
    (0x024B6, [0x024D0, 0x024B6, 0x024B6, 0x024D0], 0),
    (0x024B7, [0x024D1, 0x024B7, 0x024B7, 0x024D1], 0),
    (0x024B8, [0x024D2, 0x024B8, 0x024B8, 0x024D2], 0),
    (0x024B9, [0x024D3, 0x024B9, 0x024B9, 0x024D3], 0),
    (0x024BA, [0x024D4, 0x024BA, 0x024BA, 0x024D4], 0),
    (0x024BB, [0x024D5, 0x024BB, 0x024BB, 0x024D5], 0),
    (0x024BC, [0x024D6, 0x024BC, 0x024BC, 0x024D6], 0),
    (0x024BD, [0x024D7, 0x024BD, 0x024BD, 0x024D7], 0),
    (0x024BE, [0x024D8, 0x024BE, 0x024BE, 0x024D8], 0),
    (0x024BF, [0x024D9, 0x024BF, 0x024BF, 0x024D9], 0),
    (0x024C0, [0x024DA, 0x024C0, 0x024C0, 0x024DA], 0),
    (0x024C1, [0x024DB, 0x024C1, 0x024C1, 0x024DB], 0),
    (0x024C2, [0x024DC, 0x024C2, 0x024C2, 0x024DC], 0),
    (0x024C3, [0x024DD, 0x024C3, 0x024C3, 0x024DD], 0),
    (0x024C4, [0x024DE, 0x024C4, 0x024C4, 0x024DE], 0),
    (0x024C5, [0x024DF, 0x024C5, 0x024C5, 0x024DF], 0),
    (0x024C6, [0x024E0, 0x024C6, 0x024C6, 0x024E0], 0),
    (0x024C7, [0x024E1, 0x024C7, 0x024C7, 0x024E1], 0),
    (0x024C8, [0x024E2, 0x024C8, 0x024C8, 0x024E2], 0),
    (0x024C9, [0x024E3, 0x024C9, 0x024C9, 0x024E3], 0),
    (0x024CA, [0x024E4, 0x024CA, 0x024CA, 0x024E4], 0),
    (0x024CB, [0x024E5, 0x024CB, 0x024CB, 0x024E5], 0),
    (0x024CC, [0x024E6, 0x024CC, 0x024CC, 0x024E6], 0),
    (0x024CD, [0x024E7, 0x024CD, 0x024CD, 0x024E7], 0),
    (0x024CE, [0x024E8, 0x024CE, 0x024CE, 0x024E8], 0),
    (0x024CF, [0x024E9, 0x024CF, 0x024CF, 0x024E9], 0),
    (0x024D0, [0x024D0, 0x024B6, 0x024B6, 0x024D0], 0),
    (0x024D1, [0x024D1, 0x024B7, 0x024B7, 0x024D1], 0),
    (0x024D2, [0x024D2, 0x024B8, 0x024B8, 0x024D2], 0),
    (0x024D3, [0x024D3, 0x024B9, 0x024B9, 0x024D3], 0),
    (0x024D4, [0x024D4, 0x024BA, 0x024BA, 0x024D4], 0),
    (0x024D5, [0x024D5, 0x024BB, 0x024BB, 0x024D5], 0),
    (0x024D6, [0x024D6, 0x024BC, 0x024BC, 0x024D6], 0),
    (0x024D7, [0x024D7, 0x024BD, 0x024BD, 0x024D7], 0),
    (0x024D8, [0x024D8, 0x024BE, 0x024BE, 0x024D8], 0),
    (0x024D9, [0x024D9, 0x024BF, 0x024BF, 0x024D9], 0),
    (0x024DA, [0x024DA, 0x024C0, 0x024C0, 0x024DA], 0),
    (0x024DB, [0x024DB, 0x024C1, 0x024C1, 0x024DB], 0),
    (0x024DC, [0x024DC, 0x024C2, 0x024C2, 0x024DC], 0),
    (0x024DD, [0x024DD, 0x024C3, 0x024C3, 0x024DD], 0),
    (0x024DE, [0x024DE, 0x024C4, 0x024C4, 0x024DE], 0),
    (0x024DF, [0x024DF, 0x024C5, 0x024C5, 0x024DF], 0),
    (0x024E0, [0x024E0, 0x024C6, 0x024C6, 0x024E0], 0),
    (0x024E1, [0x024E1, 0x024C7, 0x024C7, 0x024E1], 0),
    (0x024E2, [0x024E2, 0x024C8, 0x024C8, 0x024E2], 0),
    (0x024E3, [0x024E3, 0x024C9, 0x024C9, 0x024E3], 0),
    (0x024E4, [0x024E4, 0x024CA, 0x024CA, 0x024E4], 0),
    (0x024E5, [0x024E5, 0x024CB, 0x024CB, 0x024E5], 0),
    (0x024E6, [0x024E6, 0x024CC, 0x024CC, 0x024E6], 0),
    (0x024E7, [0x024E7, 0x024CD, 0x024CD, 0x024E7], 0),
    (0x024E8, [0x024E8, 0x024CE, 0x024CE, 0x024E8], 0),
    (0x024E9, [0x024E9, 0x024CF, 0x024CF, 0x024E9], 0),
    (0x02C00, [0x02C30, 0x02C00, 0x02C00, 0x02C30], 0),
    (0x02C01, [0x02C31, 0x02C01, 0x02C01, 0x02C31], 0),
    (0x02C02, [0x02C32, 0x02C02, 0x02C02, 0x02C32], 0),
    (0x02C03, [0x02C33, 0x02C03, 0x02C03, 0x02C33], 0),
    (0x02C04, [0x02C34, 0x02C04, 0x02C04, 0x02C34], 0),
    (0x02C05, [0x02C35, 0x02C05, 0x02C05, 0x02C35], 0),
    (0x02C06, [0x02C36, 0x02C06, 0x02C06, 0x02C36], 0),
    (0x02C07, [0x02C37, 0x02C07, 0x02C07, 0x02C37], 0),
    (0x02C08, [0x02C38, 0x02C08, 0x02C08, 0x02C38], 0),
    (0x02C09, [0x02C39, 0x02C09, 0x02C09, 0x02C39], 0),
    (0x02C0A, [0x02C3A, 0x02C0A, 0x02C0A, 0x02C3A], 0),
    (0x02C0B, [0x02C3B, 0x02C0B, 0x02C0B, 0x02C3B], 0),
    (0x02C0C, [0x02C3C, 0x02C0C, 0x02C0C, 0x02C3C], 0),
    (0x02C0D, [0x02C3D, 0x02C0D, 0x02C0D, 0x02C3D], 0),
    (0x02C0E, [0x02C3E, 0x02C0E, 0x02C0E, 0x02C3E], 0),
    (0x02C0F, [0x02C3F, 0x02C0F, 0x02C0F, 0x02C3F], 0),
    (0x02C10, [0x02C40, 0x02C10, 0x02C10, 0x02C40], 0),
    (0x02C11, [0x02C41, 0x02C11, 0x02C11, 0x02C41], 0),
    (0x02C12, [0x02C42, 0x02C12, 0x02C12, 0x02C42], 0),
    (0x02C13, [0x02C43, 0x02C13, 0x02C13, 0x02C43], 0),
    (0x02C14, [0x02C44, 0x02C14, 0x02C14, 0x02C44], 0),
    (0x02C15, [0x02C45, 0x02C15, 0x02C15, 0x02C45], 0),
    (0x02C16, [0x02C46, 0x02C16, 0x02C16, 0x02C46], 0),
    (0x02C17, [0x02C47, 0x02C17, 0x02C17, 0x02C47], 0),
    (0x02C18, [0x02C48, 0x02C18, 0x02C18, 0x02C48], 0),
    (0x02C19, [0x02C49, 0x02C19, 0x02C19, 0x02C49], 0),
    (0x02C1A, [0x02C4A, 0x02C1A, 0x02C1A, 0x02C4A], 0),
    (0x02C1B, [0x02C4B, 0x02C1B, 0x02C1B, 0x02C4B], 0),
    (0x02C1C, [0x02C4C, 0x02C1C, 0x02C1C, 0x02C4C], 0),
    (0x02C1D, [0x02C4D, 0x02C1D, 0x02C1D, 0x02C4D], 0),
    (0x02C1E, [0x02C4E, 0x02C1E, 0x02C1E, 0x02C4E], 0),
    (0x02C1F, [0x02C4F, 0x02C1F, 0x02C1F, 0x02C4F], 0),
    (0x02C20, [0x02C50, 0x02C20, 0x02C20, 0x02C50], 0),
    (0x02C21, [0x02C51, 0x02C21, 0x02C21, 0x02C51], 0),
    (0x02C22, [0x02C52, 0x02C22, 0x02C22, 0x02C52], 0),
    (0x02C23, [0x02C53, 0x02C23, 0x02C23, 0x02C53], 0),
    (0x02C24, [0x02C54, 0x02C24, 0x02C24, 0x02C54], 0),
    (0x02C25, [0x02C55, 0x02C25, 0x02C25, 0x02C55], 0),
    (0x02C26, [0x02C56, 0x02C26, 0x02C26, 0x02C56], 0),
    (0x02C27, [0x02C57, 0x02C27, 0x02C27, 0x02C57], 0),
    (0x02C28, [0x02C58, 0x02C28, 0x02C28, 0x02C58], 0),
    (0x02C29, [0x02C59, 0x02C29, 0x02C29, 0x02C59], 0),
    (0x02C2A, [0x02C5A, 0x02C2A, 0x02C2A, 0x02C5A], 0),
    (0x02C2B, [0x02C5B, 0x02C2B, 0x02C2B, 0x02C5B], 0),
    (0x02C2C, [0x02C5C, 0x02C2C, 0x02C2C, 0x02C5C], 0),
    (0x02C2D, [0x02C5D, 0x02C2D, 0x02C2D, 0x02C5D], 0),
    (0x02C2E, [0x02C5E, 0x02C2E, 0x02C2E, 0x02C5E], 0),
    (0x02C2F, [0x02C5F, 0x02C2F, 0x02C2F, 0x02C5F], 0),
    (0x02C30, [0x02C30, 0x02C00, 0x02C00, 0x02C30], 0),
    (0x02C31, [0x02C31, 0x02C01, 0x02C01, 0x02C31], 0),
    (0x02C32, [0x02C32, 0x02C02, 0x02C02, 0x02C32], 0),
    (0x02C33, [0x02C33, 0x02C03, 0x02C03, 0x02C33], 0),
    (0x02C34, [0x02C34, 0x02C04, 0x02C04, 0x02C34], 0),
    (0x02C35, [0x02C35, 0x02C05, 0x02C05, 0x02C35], 0),
    (0x02C36, [0x02C36, 0x02C06, 0x02C06, 0x02C36], 0),
    (0x02C37, [0x02C37, 0x02C07, 0x02C07, 0x02C37], 0),
    (0x02C38, [0x02C38, 0x02C08, 0x02C08, 0x02C38], 0),
    (0x02C39, [0x02C39, 0x02C09, 0x02C09, 0x02C39], 0),
    (0x02C3A, [0x02C3A, 0x02C0A, 0x02C0A, 0x02C3A], 0),
    (0x02C3B, [0x02C3B, 0x02C0B, 0x02C0B, 0x02C3B], 0),
    (0x02C3C, [0x02C3C, 0x02C0C, 0x02C0C, 0x02C3C], 0),
    (0x02C3D, [0x02C3D, 0x02C0D, 0x02C0D, 0x02C3D], 0),
    (0x02C3E, [0x02C3E, 0x02C0E, 0x02C0E, 0x02C3E], 0),
    (0x02C3F, [0x02C3F, 0x02C0F, 0x02C0F, 0x02C3F], 0),
    (0x02C40, [0x02C40, 0x02C10, 0x02C10, 0x02C40], 0),
    (0x02C41, [0x02C41, 0x02C11, 0x02C11, 0x02C41], 0),
    (0x02C42, [0x02C42, 0x02C12, 0x02C12, 0x02C42], 0),
    (0x02C43, [0x02C43, 0x02C13, 0x02C13, 0x02C43], 0),
    (0x02C44, [0x02C44, 0x02C14, 0x02C14, 0x02C44], 0),
    (0x02C45, [0x02C45, 0x02C15, 0x02C15, 0x02C45], 0),
    (0x02C46, [0x02C46, 0x02C16, 0x02C16, 0x02C46], 0),
    (0x02C47, [0x02C47, 0x02C17, 0x02C17, 0x02C47], 0),
    (0x02C48, [0x02C48, 0x02C18, 0x02C18, 0x02C48], 0),
    (0x02C49, [0x02C49, 0x02C19, 0x02C19, 0x02C49], 0),
    (0x02C4A, [0x02C4A, 0x02C1A, 0x02C1A, 0x02C4A], 0),
    (0x02C4B, [0x02C4B, 0x02C1B, 0x02C1B, 0x02C4B], 0),
    (0x02C4C, [0x02C4C, 0x02C1C, 0x02C1C, 0x02C4C], 0),
    (0x02C4D, [0x02C4D, 0x02C1D, 0x02C1D, 0x02C4D], 0),
    (0x02C4E, [0x02C4E, 0x02C1E, 0x02C1E, 0x02C4E], 0),
    (0x02C4F, [0x02C4F, 0x02C1F, 0x02C1F, 0x02C4F], 0),
    (0x02C50, [0x02C50, 0x02C20, 0x02C20, 0x02C50], 0),
    (0x02C51, [0x02C51, 0x02C21, 0x02C21, 0x02C51], 0),
    (0x02C52, [0x02C52, 0x02C22, 0x02C22, 0x02C52], 0),
    (0x02C53, [0x02C53, 0x02C23, 0x02C23, 0x02C53], 0),
    (0x02C54, [0x02C54, 0x02C24, 0x02C24, 0x02C54], 0),
    (0x02C55, [0x02C55, 0x02C25, 0x02C25, 0x02C55], 0),
    (0x02C56, [0x02C56, 0x02C26, 0x02C26, 0x02C56], 0),
    (0x02C57, [0x02C57, 0x02C27, 0x02C27, 0x02C57], 0),
    (0x02C58, [0x02C58, 0x02C28, 0x02C28, 0x02C58], 0),
    (0x02C59, [0x02C59, 0x02C29, 0x02C29, 0x02C59], 0),
    (0x02C5A, [0x02C5A, 0x02C2A, 0x02C2A, 0x02C5A], 0),
    (0x02C5B, [0x02C5B, 0x02C2B, 0x02C2B, 0x02C5B], 0),
    (0x02C5C, [0x02C5C, 0x02C2C, 0x02C2C, 0x02C5C], 0),
    (0x02C5D, [0x02C5D, 0x02C2D, 0x02C2D, 0x02C5D], 0),
    (0x02C5E, [0x02C5E, 0x02C2E, 0x02C2E, 0x02C5E], 0),
    (0x02C5F, [0x02C5F, 0x02C2F, 0x02C2F, 0x02C5F], 0),
    (0x02C60, [0x02C61, 0x02C60, 0x02C60, 0x02C61], 0),
    (0x02C61, [0x02C61, 0x02C60, 0x02C60, 0x02C61], 0),
    (0x02C62, [0x0026B, 0x02C62, 0x02C62, 0x0026B], 0),
    (0x02C63, [0x01D7D, 0x02C63, 0x02C63, 0x01D7D], 0),
    (0x02C64, [0x0027D, 0x02C64, 0x02C64, 0x0027D], 0),
    (0x02C65, [0x02C65, 0x0023A, 0x0023A, 0x02C65], 0),
    (0x02C66, [0x02C66, 0x0023E, 0x0023E, 0x02C66], 0),
    (0x02C67, [0x02C68, 0x02C67, 0x02C67, 0x02C68], 0),
    (0x02C68, [0x02C68, 0x02C67, 0x02C67, 0x02C68], 0),
    (0x02C69, [0x02C6A, 0x02C69, 0x02C69, 0x02C6A], 0),
    (0x02C6A, [0x02C6A, 0x02C69, 0x02C69, 0x02C6A], 0),
    (0x02C6B, [0x02C6C, 0x02C6B, 0x02C6B, 0x02C6C], 0),
    (0x02C6C, [0x02C6C, 0x02C6B, 0x02C6B, 0x02C6C], 0),
    (0x02C6D, [0x00251, 0x02C6D, 0x02C6D, 0x00251], 0),
    (0x02C6E, [0x00271, 0x02C6E, 0x02C6E, 0x00271], 0),
    (0x02C6F, [0x00250, 0x02C6F, 0x02C6F, 0x00250], 0),
    (0x02C70, [0x00252, 0x02C70, 0x02C70, 0x00252], 0),
    (0x02C72, [0x02C73, 0x02C72, 0x02C72, 0x02C73], 0),
    (0x02C73, [0x02C73, 0x02C72, 0x02C72, 0x02C73], 0),
    (0x02C75, [0x02C76, 0x02C75, 0x02C75, 0x02C76], 0),
    (0x02C76, [0x02C76, 0x02C75, 0x02C75, 0x02C76], 0),
    (0x02C7E, [0x0023F, 0x02C7E, 0x02C7E, 0x0023F], 0),
    (0x02C7F, [0x00240, 0x02C7F, 0x02C7F, 0x00240], 0),
    (0x02C80, [0x02C81, 0x02C80, 0x02C80, 0x02C81], 0),
    (0x02C81, [0x02C81, 0x02C80, 0x02C80, 0x02C81], 0),
    (0x02C82, [0x02C83, 0x02C82, 0x02C82, 0x02C83], 0),
    (0x02C83, [0x02C83, 0x02C82, 0x02C82, 0x02C83], 0),
    (0x02C84, [0x02C85, 0x02C84, 0x02C84, 0x02C85], 0),
    (0x02C85, [0x02C85, 0x02C84, 0x02C84, 0x02C85], 0),
    (0x02C86, [0x02C87, 0x02C86, 0x02C86, 0x02C87], 0),
    (0x02C87, [0x02C87, 0x02C86, 0x02C86, 0x02C87], 0),
    (0x02C88, [0x02C89, 0x02C88, 0x02C88, 0x02C89], 0),
    (0x02C89, [0x02C89, 0x02C88, 0x02C88, 0x02C89], 0),
    (0x02C8A, [0x02C8B, 0x02C8A, 0x02C8A, 0x02C8B], 0),
    (0x02C8B, [0x02C8B, 0x02C8A, 0x02C8A, 0x02C8B], 0),
    (0x02C8C, [0x02C8D, 0x02C8C, 0x02C8C, 0x02C8D], 0),
    (0x02C8D, [0x02C8D, 0x02C8C, 0x02C8C, 0x02C8D], 0),
    (0x02C8E, [0x02C8F, 0x02C8E, 0x02C8E, 0x02C8F], 0),
    (0x02C8F, [0x02C8F, 0x02C8E, 0x02C8E, 0x02C8F], 0),
    (0x02C90, [0x02C91, 0x02C90, 0x02C90, 0x02C91], 0),
    (0x02C91, [0x02C91, 0x02C90, 0x02C90, 0x02C91], 0),
    (0x02C92, [0x02C93, 0x02C92, 0x02C92, 0x02C93], 0),
    (0x02C93, [0x02C93, 0x02C92, 0x02C92, 0x02C93], 0),
    (0x02C94, [0x02C95, 0x02C94, 0x02C94, 0x02C95], 0),
    (0x02C95, [0x02C95, 0x02C94, 0x02C94, 0x02C95], 0),
    (0x02C96, [0x02C97, 0x02C96, 0x02C96, 0x02C97], 0),
    (0x02C97, [0x02C97, 0x02C96, 0x02C96, 0x02C97], 0),
    (0x02C98, [0x02C99, 0x02C98, 0x02C98, 0x02C99], 0),
    (0x02C99, [0x02C99, 0x02C98, 0x02C98, 0x02C99], 0),
    (0x02C9A, [0x02C9B, 0x02C9A, 0x02C9A, 0x02C9B], 0),
    (0x02C9B, [0x02C9B, 0x02C9A, 0x02C9A, 0x02C9B], 0),
    (0x02C9C, [0x02C9D, 0x02C9C, 0x02C9C, 0x02C9D], 0),
    (0x02C9D, [0x02C9D, 0x02C9C, 0x02C9C, 0x02C9D], 0),
    (0x02C9E, [0x02C9F, 0x02C9E, 0x02C9E, 0x02C9F], 0),
    (0x02C9F, [0x02C9F, 0x02C9E, 0x02C9E, 0x02C9F], 0),
    (0x02CA0, [0x02CA1, 0x02CA0, 0x02CA0, 0x02CA1], 0),
    (0x02CA1, [0x02CA1, 0x02CA0, 0x02CA0, 0x02CA1], 0),
    (0x02CA2, [0x02CA3, 0x02CA2, 0x02CA2, 0x02CA3], 0),
    (0x02CA3, [0x02CA3, 0x02CA2, 0x02CA2, 0x02CA3], 0),
    (0x02CA4, [0x02CA5, 0x02CA4, 0x02CA4, 0x02CA5], 0),
    (0x02CA5, [0x02CA5, 0x02CA4, 0x02CA4, 0x02CA5], 0),
    (0x02CA6, [0x02CA7, 0x02CA6, 0x02CA6, 0x02CA7], 0),
    (0x02CA7, [0x02CA7, 0x02CA6, 0x02CA6, 0x02CA7], 0),
    (0x02CA8, [0x02CA9, 0x02CA8, 0x02CA8, 0x02CA9], 0),
    (0x02CA9, [0x02CA9, 0x02CA8, 0x02CA8, 0x02CA9], 0),
    (0x02CAA, [0x02CAB, 0x02CAA, 0x02CAA, 0x02CAB], 0),
    (0x02CAB, [0x02CAB, 0x02CAA, 0x02CAA, 0x02CAB], 0),
    (0x02CAC, [0x02CAD, 0x02CAC, 0x02CAC, 0x02CAD], 0),
    (0x02CAD, [0x02CAD, 0x02CAC, 0x02CAC, 0x02CAD], 0),
    (0x02CAE, [0x02CAF, 0x02CAE, 0x02CAE, 0x02CAF], 0),
    (0x02CAF, [0x02CAF, 0x02CAE, 0x02CAE, 0x02CAF], 0),
    (0x02CB0, [0x02CB1, 0x02CB0, 0x02CB0, 0x02CB1], 0),
    (0x02CB1, [0x02CB1, 0x02CB0, 0x02CB0, 0x02CB1], 0),
    (0x02CB2, [0x02CB3, 0x02CB2, 0x02CB2, 0x02CB3], 0),
    (0x02CB3, [0x02CB3, 0x02CB2, 0x02CB2, 0x02CB3], 0),
    (0x02CB4, [0x02CB5, 0x02CB4, 0x02CB4, 0x02CB5], 0),
    (0x02CB5, [0x02CB5, 0x02CB4, 0x02CB4, 0x02CB5], 0),
    (0x02CB6, [0x02CB7, 0x02CB6, 0x02CB6, 0x02CB7], 0),
    (0x02CB7, [0x02CB7, 0x02CB6, 0x02CB6, 0x02CB7], 0),
    (0x02CB8, [0x02CB9, 0x02CB8, 0x02CB8, 0x02CB9], 0),
    (0x02CB9, [0x02CB9, 0x02CB8, 0x02CB8, 0x02CB9], 0),
    (0x02CBA, [0x02CBB, 0x02CBA, 0x02CBA, 0x02CBB], 0),
    (0x02CBB, [0x02CBB, 0x02CBA, 0x02CBA, 0x02CBB], 0),
    (0x02CBC, [0x02CBD, 0x02CBC, 0x02CBC, 0x02CBD], 0),
    (0x02CBD, [0x02CBD, 0x02CBC, 0x02CBC, 0x02CBD], 0),
    (0x02CBE, [0x02CBF, 0x02CBE, 0x02CBE, 0x02CBF], 0),
    (0x02CBF, [0x02CBF, 0x02CBE, 0x02CBE, 0x02CBF], 0),
    (0x02CC0, [0x02CC1, 0x02CC0, 0x02CC0, 0x02CC1], 0),
    (0x02CC1, [0x02CC1, 0x02CC0, 0x02CC0, 0x02CC1], 0),
    (0x02CC2, [0x02CC3, 0x02CC2, 0x02CC2, 0x02CC3], 0),
    (0x02CC3, [0x02CC3, 0x02CC2, 0x02CC2, 0x02CC3], 0),
    (0x02CC4, [0x02CC5, 0x02CC4, 0x02CC4, 0x02CC5], 0),
    (0x02CC5, [0x02CC5, 0x02CC4, 0x02CC4, 0x02CC5], 0),
    (0x02CC6, [0x02CC7, 0x02CC6, 0x02CC6, 0x02CC7], 0),
    (0x02CC7, [0x02CC7, 0x02CC6, 0x02CC6, 0x02CC7], 0),
    (0x02CC8, [0x02CC9, 0x02CC8, 0x02CC8, 0x02CC9], 0),
    (0x02CC9, [0x02CC9, 0x02CC8, 0x02CC8, 0x02CC9], 0),
    (0x02CCA, [0x02CCB, 0x02CCA, 0x02CCA, 0x02CCB], 0),
    (0x02CCB, [0x02CCB, 0x02CCA, 0x02CCA, 0x02CCB], 0),
    (0x02CCC, [0x02CCD, 0x02CCC, 0x02CCC, 0x02CCD], 0),
    (0x02CCD, [0x02CCD, 0x02CCC, 0x02CCC, 0x02CCD], 0),
    (0x02CCE, [0x02CCF, 0x02CCE, 0x02CCE, 0x02CCF], 0),
    (0x02CCF, [0x02CCF, 0x02CCE, 0x02CCE, 0x02CCF], 0),
    (0x02CD0, [0x02CD1, 0x02CD0, 0x02CD0, 0x02CD1], 0),
    (0x02CD1, [0x02CD1, 0x02CD0, 0x02CD0, 0x02CD1], 0),
    (0x02CD2, [0x02CD3, 0x02CD2, 0x02CD2, 0x02CD3], 0),
    (0x02CD3, [0x02CD3, 0x02CD2, 0x02CD2, 0x02CD3], 0),
    (0x02CD4, [0x02CD5, 0x02CD4, 0x02CD4, 0x02CD5], 0),
    (0x02CD5, [0x02CD5, 0x02CD4, 0x02CD4, 0x02CD5], 0),
    (0x02CD6, [0x02CD7, 0x02CD6, 0x02CD6, 0x02CD7], 0),
    (0x02CD7, [0x02CD7, 0x02CD6, 0x02CD6, 0x02CD7], 0),
    (0x02CD8, [0x02CD9, 0x02CD8, 0x02CD8, 0x02CD9], 0),
    (0x02CD9, [0x02CD9, 0x02CD8, 0x02CD8, 0x02CD9], 0),
    (0x02CDA, [0x02CDB, 0x02CDA, 0x02CDA, 0x02CDB], 0),
    (0x02CDB, [0x02CDB, 0x02CDA, 0x02CDA, 0x02CDB], 0),
    (0x02CDC, [0x02CDD, 0x02CDC, 0x02CDC, 0x02CDD], 0),
    (0x02CDD, [0x02CDD, 0x02CDC, 0x02CDC, 0x02CDD], 0),
    (0x02CDE, [0x02CDF, 0x02CDE, 0x02CDE, 0x02CDF], 0),
    (0x02CDF, [0x02CDF, 0x02CDE, 0x02CDE, 0x02CDF], 0),
    (0x02CE0, [0x02CE1, 0x02CE0, 0x02CE0, 0x02CE1], 0),
    (0x02CE1, [0x02CE1, 0x02CE0, 0x02CE0, 0x02CE1], 0),
    (0x02CE2, [0x02CE3, 0x02CE2, 0x02CE2, 0x02CE3], 0),
    (0x02CE3, [0x02CE3, 0x02CE2, 0x02CE2, 0x02CE3], 0),
    (0x02CEB, [0x02CEC, 0x02CEB, 0x02CEB, 0x02CEC], 0),
    (0x02CEC, [0x02CEC, 0x02CEB, 0x02CEB, 0x02CEC], 0),
    (0x02CED, [0x02CEE, 0x02CED, 0x02CED, 0x02CEE], 0),
    (0x02CEE, [0x02CEE, 0x02CED, 0x02CED, 0x02CEE], 0),
    (0x02CF2, [0x02CF3, 0x02CF2, 0x02CF2, 0x02CF3], 0),
    (0x02CF3, [0x02CF3, 0x02CF2, 0x02CF2, 0x02CF3], 0),
    (0x02D00, [0x02D00, 0x010A0, 0x010A0, 0x02D00], 0),
    (0x02D01, [0x02D01, 0x010A1, 0x010A1, 0x02D01], 0),
    (0x02D02, [0x02D02, 0x010A2, 0x010A2, 0x02D02], 0),
    (0x02D03, [0x02D03, 0x010A3, 0x010A3, 0x02D03], 0),
    (0x02D04, [0x02D04, 0x010A4, 0x010A4, 0x02D04], 0),
    (0x02D05, [0x02D05, 0x010A5, 0x010A5, 0x02D05], 0),
    (0x02D06, [0x02D06, 0x010A6, 0x010A6, 0x02D06], 0),
    (0x02D07, [0x02D07, 0x010A7, 0x010A7, 0x02D07], 0),
    (0x02D08, [0x02D08, 0x010A8, 0x010A8, 0x02D08], 0),
    (0x02D09, [0x02D09, 0x010A9, 0x010A9, 0x02D09], 0),
    (0x02D0A, [0x02D0A, 0x010AA, 0x010AA, 0x02D0A], 0),
    (0x02D0B, [0x02D0B, 0x010AB, 0x010AB, 0x02D0B], 0),
    (0x02D0C, [0x02D0C, 0x010AC, 0x010AC, 0x02D0C], 0),
    (0x02D0D, [0x02D0D, 0x010AD, 0x010AD, 0x02D0D], 0),
    (0x02D0E, [0x02D0E, 0x010AE, 0x010AE, 0x02D0E], 0),
    (0x02D0F, [0x02D0F, 0x010AF, 0x010AF, 0x02D0F], 0),
    (0x02D10, [0x02D10, 0x010B0, 0x010B0, 0x02D10], 0),
    (0x02D11, [0x02D11, 0x010B1, 0x010B1, 0x02D11], 0),
    (0x02D12, [0x02D12, 0x010B2, 0x010B2, 0x02D12], 0),
    (0x02D13, [0x02D13, 0x010B3, 0x010B3, 0x02D13], 0),
    (0x02D14, [0x02D14, 0x010B4, 0x010B4, 0x02D14], 0),
    (0x02D15, [0x02D15, 0x010B5, 0x010B5, 0x02D15], 0),
    (0x02D16, [0x02D16, 0x010B6, 0x010B6, 0x02D16], 0),
    (0x02D17, [0x02D17, 0x010B7, 0x010B7, 0x02D17], 0),
    (0x02D18, [0x02D18, 0x010B8, 0x010B8, 0x02D18], 0),
    (0x02D19, [0x02D19, 0x010B9, 0x010B9, 0x02D19], 0),
    (0x02D1A, [0x02D1A, 0x010BA, 0x010BA, 0x02D1A], 0),
    (0x02D1B, [0x02D1B, 0x010BB, 0x010BB, 0x02D1B], 0),
    (0x02D1C, [0x02D1C, 0x010BC, 0x010BC, 0x02D1C], 0),
    (0x02D1D, [0x02D1D, 0x010BD, 0x010BD, 0x02D1D], 0),
    (0x02D1E, [0x02D1E, 0x010BE, 0x010BE, 0x02D1E], 0),
    (0x02D1F, [0x02D1F, 0x010BF, 0x010BF, 0x02D1F], 0),
    (0x02D20, [0x02D20, 0x010C0, 0x010C0, 0x02D20], 0),
    (0x02D21, [0x02D21, 0x010C1, 0x010C1, 0x02D21], 0),
    (0x02D22, [0x02D22, 0x010C2, 0x010C2, 0x02D22], 0),
    (0x02D23, [0x02D23, 0x010C3, 0x010C3, 0x02D23], 0),
    (0x02D24, [0x02D24, 0x010C4, 0x010C4, 0x02D24], 0),
    (0x02D25, [0x02D25, 0x010C5, 0x010C5, 0x02D25], 0),
    (0x02D27, [0x02D27, 0x010C7, 0x010C7, 0x02D27], 0),
    (0x02D2D, [0x02D2D, 0x010CD, 0x010CD, 0x02D2D], 0),
    (0x0A640, [0x0A641, 0x0A640, 0x0A640, 0x0A641], 0),
    (0x0A641, [0x0A641, 0x0A640, 0x0A640, 0x0A641], 0),
    (0x0A642, [0x0A643, 0x0A642, 0x0A642, 0x0A643], 0),
    (0x0A643, [0x0A643, 0x0A642, 0x0A642, 0x0A643], 0),
    (0x0A644, [0x0A645, 0x0A644, 0x0A644, 0x0A645], 0),
    (0x0A645, [0x0A645, 0x0A644, 0x0A644, 0x0A645], 0),
    (0x0A646, [0x0A647, 0x0A646, 0x0A646, 0x0A647], 0),
    (0x0A647, [0x0A647, 0x0A646, 0x0A646, 0x0A647], 0),
    (0x0A648, [0x0A649, 0x0A648, 0x0A648, 0x0A649], 0),
    (0x0A649, [0x0A649, 0x0A648, 0x0A648, 0x0A649], 0),
    (0x0A64A, [0x0A64B, 0x0A64A, 0x0A64A, 0x0A64B], 0),
    (0x0A64B, [0x0A64B, 0x0A64A, 0x0A64A, 0x0A64B], 0),
    (0x0A64C, [0x0A64D, 0x0A64C, 0x0A64C, 0x0A64D], 0),
    (0x0A64D, [0x0A64D, 0x0A64C, 0x0A64C, 0x0A64D], 0),
    (0x0A64E, [0x0A64F, 0x0A64E, 0x0A64E, 0x0A64F], 0),
    (0x0A64F, [0x0A64F, 0x0A64E, 0x0A64E, 0x0A64F], 0),
    (0x0A650, [0x0A651, 0x0A650, 0x0A650, 0x0A651], 0),
    (0x0A651, [0x0A651, 0x0A650, 0x0A650, 0x0A651], 0),
    (0x0A652, [0x0A653, 0x0A652, 0x0A652, 0x0A653], 0),
    (0x0A653, [0x0A653, 0x0A652, 0x0A652, 0x0A653], 0),
    (0x0A654, [0x0A655, 0x0A654, 0x0A654, 0x0A655], 0),
    (0x0A655, [0x0A655, 0x0A654, 0x0A654, 0x0A655], 0),
    (0x0A656, [0x0A657, 0x0A656, 0x0A656, 0x0A657], 0),
    (0x0A657, [0x0A657, 0x0A656, 0x0A656, 0x0A657], 0),
    (0x0A658, [0x0A659, 0x0A658, 0x0A658, 0x0A659], 0),
    (0x0A659, [0x0A659, 0x0A658, 0x0A658, 0x0A659], 0),
    (0x0A65A, [0x0A65B, 0x0A65A, 0x0A65A, 0x0A65B], 0),
    (0x0A65B, [0x0A65B, 0x0A65A, 0x0A65A, 0x0A65B], 0),
    (0x0A65C, [0x0A65D, 0x0A65C, 0x0A65C, 0x0A65D], 0),
    (0x0A65D, [0x0A65D, 0x0A65C, 0x0A65C, 0x0A65D], 0),
    (0x0A65E, [0x0A65F, 0x0A65E, 0x0A65E, 0x0A65F], 0),
    (0x0A65F, [0x0A65F, 0x0A65E, 0x0A65E, 0x0A65F], 0),
    (0x0A660, [0x0A661, 0x0A660, 0x0A660, 0x0A661], 0),
    (0x0A661, [0x0A661, 0x0A660, 0x0A660, 0x0A661], 0),
    (0x0A662, [0x0A663, 0x0A662, 0x0A662, 0x0A663], 0),
    (0x0A663, [0x0A663, 0x0A662, 0x0A662, 0x0A663], 0),
    (0x0A664, [0x0A665, 0x0A664, 0x0A664, 0x0A665], 0),
    (0x0A665, [0x0A665, 0x0A664, 0x0A664, 0x0A665], 0),
    (0x0A666, [0x0A667, 0x0A666, 0x0A666, 0x0A667], 0),
    (0x0A667, [0x0A667, 0x0A666, 0x0A666, 0x0A667], 0),
    (0x0A668, [0x0A669, 0x0A668, 0x0A668, 0x0A669], 0),
    (0x0A669, [0x0A669, 0x0A668, 0x0A668, 0x0A669], 0),
    (0x0A66A, [0x0A66B, 0x0A66A, 0x0A66A, 0x0A66B], 0),
    (0x0A66B, [0x0A66B, 0x0A66A, 0x0A66A, 0x0A66B], 0),
    (0x0A66C, [0x0A66D, 0x0A66C, 0x0A66C, 0x0A66D], 0),
    (0x0A66D, [0x0A66D, 0x0A66C, 0x0A66C, 0x0A66D], 0),
    (0x0A680, [0x0A681, 0x0A680, 0x0A680, 0x0A681], 0),
    (0x0A681, [0x0A681, 0x0A680, 0x0A680, 0x0A681], 0),
    (0x0A682, [0x0A683, 0x0A682, 0x0A682, 0x0A683], 0),
    (0x0A683, [0x0A683, 0x0A682, 0x0A682, 0x0A683], 0),
    (0x0A684, [0x0A685, 0x0A684, 0x0A684, 0x0A685], 0),
    (0x0A685, [0x0A685, 0x0A684, 0x0A684, 0x0A685], 0),
    (0x0A686, [0x0A687, 0x0A686, 0x0A686, 0x0A687], 0),
    (0x0A687, [0x0A687, 0x0A686, 0x0A686, 0x0A687], 0),
    (0x0A688, [0x0A689, 0x0A688, 0x0A688, 0x0A689], 0),
    (0x0A689, [0x0A689, 0x0A688, 0x0A688, 0x0A689], 0),
    (0x0A68A, [0x0A68B, 0x0A68A, 0x0A68A, 0x0A68B], 0),
    (0x0A68B, [0x0A68B, 0x0A68A, 0x0A68A, 0x0A68B], 0),
    (0x0A68C, [0x0A68D, 0x0A68C, 0x0A68C, 0x0A68D], 0),
    (0x0A68D, [0x0A68D, 0x0A68C, 0x0A68C, 0x0A68D], 0),
    (0x0A68E, [0x0A68F, 0x0A68E, 0x0A68E, 0x0A68F], 0),
    (0x0A68F, [0x0A68F, 0x0A68E, 0x0A68E, 0x0A68F], 0),
    (0x0A690, [0x0A691, 0x0A690, 0x0A690, 0x0A691], 0),
    (0x0A691, [0x0A691, 0x0A690, 0x0A690, 0x0A691], 0),
    (0x0A692, [0x0A693, 0x0A692, 0x0A692, 0x0A693], 0),
    (0x0A693, [0x0A693, 0x0A692, 0x0A692, 0x0A693], 0),
    (0x0A694, [0x0A695, 0x0A694, 0x0A694, 0x0A695], 0),
    (0x0A695, [0x0A695, 0x0A694, 0x0A694, 0x0A695], 0),
    (0x0A696, [0x0A697, 0x0A696, 0x0A696, 0x0A697], 0),
    (0x0A697, [0x0A697, 0x0A696, 0x0A696, 0x0A697], 0),
    (0x0A698, [0x0A699, 0x0A698, 0x0A698, 0x0A699], 0),
    (0x0A699, [0x0A699, 0x0A698, 0x0A698, 0x0A699], 0),
    (0x0A69A, [0x0A69B, 0x0A69A, 0x0A69A, 0x0A69B], 0),
    (0x0A69B, [0x0A69B, 0x0A69A, 0x0A69A, 0x0A69B], 0),
    (0x0A722, [0x0A723, 0x0A722, 0x0A722, 0x0A723], 0),
    (0x0A723, [0x0A723, 0x0A722, 0x0A722, 0x0A723], 0),
    (0x0A724, [0x0A725, 0x0A724, 0x0A724, 0x0A725], 0),
    (0x0A725, [0x0A725, 0x0A724, 0x0A724, 0x0A725], 0),
    (0x0A726, [0x0A727, 0x0A726, 0x0A726, 0x0A727], 0),
    (0x0A727, [0x0A727, 0x0A726, 0x0A726, 0x0A727], 0),
    (0x0A728, [0x0A729, 0x0A728, 0x0A728, 0x0A729], 0),
    (0x0A729, [0x0A729, 0x0A728, 0x0A728, 0x0A729], 0),
    (0x0A72A, [0x0A72B, 0x0A72A, 0x0A72A, 0x0A72B], 0),
    (0x0A72B, [0x0A72B, 0x0A72A, 0x0A72A, 0x0A72B], 0),
    (0x0A72C, [0x0A72D, 0x0A72C, 0x0A72C, 0x0A72D], 0),
    (0x0A72D, [0x0A72D, 0x0A72C, 0x0A72C, 0x0A72D], 0),
    (0x0A72E, [0x0A72F, 0x0A72E, 0x0A72E, 0x0A72F], 0),
    (0x0A72F, [0x0A72F, 0x0A72E, 0x0A72E, 0x0A72F], 0),
    (0x0A732, [0x0A733, 0x0A732, 0x0A732, 0x0A733], 0),
    (0x0A733, [0x0A733, 0x0A732, 0x0A732, 0x0A733], 0),
    (0x0A734, [0x0A735, 0x0A734, 0x0A734, 0x0A735], 0),
    (0x0A735, [0x0A735, 0x0A734, 0x0A734, 0x0A735], 0),
    (0x0A736, [0x0A737, 0x0A736, 0x0A736, 0x0A737], 0),
    (0x0A737, [0x0A737, 0x0A736, 0x0A736, 0x0A737], 0),
    (0x0A738, [0x0A739, 0x0A738, 0x0A738, 0x0A739], 0),
    (0x0A739, [0x0A739, 0x0A738, 0x0A738, 0x0A739], 0),
    (0x0A73A, [0x0A73B, 0x0A73A, 0x0A73A, 0x0A73B], 0),
    (0x0A73B, [0x0A73B, 0x0A73A, 0x0A73A, 0x0A73B], 0),
    (0x0A73C, [0x0A73D, 0x0A73C, 0x0A73C, 0x0A73D], 0),
    (0x0A73D, [0x0A73D, 0x0A73C, 0x0A73C, 0x0A73D], 0),
    (0x0A73E, [0x0A73F, 0x0A73E, 0x0A73E, 0x0A73F], 0),
    (0x0A73F, [0x0A73F, 0x0A73E, 0x0A73E, 0x0A73F], 0),
    (0x0A740, [0x0A741, 0x0A740, 0x0A740, 0x0A741], 0),
    (0x0A741, [0x0A741, 0x0A740, 0x0A740, 0x0A741], 0),
    (0x0A742, [0x0A743, 0x0A742, 0x0A742, 0x0A743], 0),
    (0x0A743, [0x0A743, 0x0A742, 0x0A742, 0x0A743], 0),
    (0x0A744, [0x0A745, 0x0A744, 0x0A744, 0x0A745], 0),
    (0x0A745, [0x0A745, 0x0A744, 0x0A744, 0x0A745], 0),
    (0x0A746, [0x0A747, 0x0A746, 0x0A746, 0x0A747], 0),
    (0x0A747, [0x0A747, 0x0A746, 0x0A746, 0x0A747], 0),
    (0x0A748, [0x0A749, 0x0A748, 0x0A748, 0x0A749], 0),
    (0x0A749, [0x0A749, 0x0A748, 0x0A748, 0x0A749], 0),
    (0x0A74A, [0x0A74B, 0x0A74A, 0x0A74A, 0x0A74B], 0),
    (0x0A74B, [0x0A74B, 0x0A74A, 0x0A74A, 0x0A74B], 0),
    (0x0A74C, [0x0A74D, 0x0A74C, 0x0A74C, 0x0A74D], 0),
    (0x0A74D, [0x0A74D, 0x0A74C, 0x0A74C, 0x0A74D], 0),
    (0x0A74E, [0x0A74F, 0x0A74E, 0x0A74E, 0x0A74F], 0),
    (0x0A74F, [0x0A74F, 0x0A74E, 0x0A74E, 0x0A74F], 0),
    (0x0A750, [0x0A751, 0x0A750, 0x0A750, 0x0A751], 0),
    (0x0A751, [0x0A751, 0x0A750, 0x0A750, 0x0A751], 0),
    (0x0A752, [0x0A753, 0x0A752, 0x0A752, 0x0A753], 0),
    (0x0A753, [0x0A753, 0x0A752, 0x0A752, 0x0A753], 0),
    (0x0A754, [0x0A755, 0x0A754, 0x0A754, 0x0A755], 0),
    (0x0A755, [0x0A755, 0x0A754, 0x0A754, 0x0A755], 0),
    (0x0A756, [0x0A757, 0x0A756, 0x0A756, 0x0A757], 0),
    (0x0A757, [0x0A757, 0x0A756, 0x0A756, 0x0A757], 0),
    (0x0A758, [0x0A759, 0x0A758, 0x0A758, 0x0A759], 0),
    (0x0A759, [0x0A759, 0x0A758, 0x0A758, 0x0A759], 0),
    (0x0A75A, [0x0A75B, 0x0A75A, 0x0A75A, 0x0A75B], 0),
    (0x0A75B, [0x0A75B, 0x0A75A, 0x0A75A, 0x0A75B], 0),
    (0x0A75C, [0x0A75D, 0x0A75C, 0x0A75C, 0x0A75D], 0),
    (0x0A75D, [0x0A75D, 0x0A75C, 0x0A75C, 0x0A75D], 0),
    (0x0A75E, [0x0A75F, 0x0A75E, 0x0A75E, 0x0A75F], 0),
    (0x0A75F, [0x0A75F, 0x0A75E, 0x0A75E, 0x0A75F], 0),
    (0x0A760, [0x0A761, 0x0A760, 0x0A760, 0x0A761], 0),
    (0x0A761, [0x0A761, 0x0A760, 0x0A760, 0x0A761], 0),
    (0x0A762, [0x0A763, 0x0A762, 0x0A762, 0x0A763], 0),
    (0x0A763, [0x0A763, 0x0A762, 0x0A762, 0x0A763], 0),
    (0x0A764, [0x0A765, 0x0A764, 0x0A764, 0x0A765], 0),
    (0x0A765, [0x0A765, 0x0A764, 0x0A764, 0x0A765], 0),
    (0x0A766, [0x0A767, 0x0A766, 0x0A766, 0x0A767], 0),
    (0x0A767, [0x0A767, 0x0A766, 0x0A766, 0x0A767], 0),
    (0x0A768, [0x0A769, 0x0A768, 0x0A768, 0x0A769], 0),
    (0x0A769, [0x0A769, 0x0A768, 0x0A768, 0x0A769], 0),
    (0x0A76A, [0x0A76B, 0x0A76A, 0x0A76A, 0x0A76B], 0),
    (0x0A76B, [0x0A76B, 0x0A76A, 0x0A76A, 0x0A76B], 0),
    (0x0A76C, [0x0A76D, 0x0A76C, 0x0A76C, 0x0A76D], 0),
    (0x0A76D, [0x0A76D, 0x0A76C, 0x0A76C, 0x0A76D], 0),
    (0x0A76E, [0x0A76F, 0x0A76E, 0x0A76E, 0x0A76F], 0),
    (0x0A76F, [0x0A76F, 0x0A76E, 0x0A76E, 0x0A76F], 0),
    (0x0A779, [0x0A77A, 0x0A779, 0x0A779, 0x0A77A], 0),
    (0x0A77A, [0x0A77A, 0x0A779, 0x0A779, 0x0A77A], 0),
    (0x0A77B, [0x0A77C, 0x0A77B, 0x0A77B, 0x0A77C], 0),
    (0x0A77C, [0x0A77C, 0x0A77B, 0x0A77B, 0x0A77C], 0),
    (0x0A77D, [0x01D79, 0x0A77D, 0x0A77D, 0x01D79], 0),
    (0x0A77E, [0x0A77F, 0x0A77E, 0x0A77E, 0x0A77F], 0),
    (0x0A77F, [0x0A77F, 0x0A77E, 0x0A77E, 0x0A77F], 0),
    (0x0A780, [0x0A781, 0x0A780, 0x0A780, 0x0A781], 0),
    (0x0A781, [0x0A781, 0x0A780, 0x0A780, 0x0A781], 0),
    (0x0A782, [0x0A783, 0x0A782, 0x0A782, 0x0A783], 0),
    (0x0A783, [0x0A783, 0x0A782, 0x0A782, 0x0A783], 0),
    (0x0A784, [0x0A785, 0x0A784, 0x0A784, 0x0A785], 0),
    (0x0A785, [0x0A785, 0x0A784, 0x0A784, 0x0A785], 0),
    (0x0A786, [0x0A787, 0x0A786, 0x0A786, 0x0A787], 0),
    (0x0A787, [0x0A787, 0x0A786, 0x0A786, 0x0A787], 0),
    (0x0A78B, [0x0A78C, 0x0A78B, 0x0A78B, 0x0A78C], 0),
    (0x0A78C, [0x0A78C, 0x0A78B, 0x0A78B, 0x0A78C], 0),
    (0x0A78D, [0x00265, 0x0A78D, 0x0A78D, 0x00265], 0),
    (0x0A790, [0x0A791, 0x0A790, 0x0A790, 0x0A791], 0),
    (0x0A791, [0x0A791, 0x0A790, 0x0A790, 0x0A791], 0),
    (0x0A792, [0x0A793, 0x0A792, 0x0A792, 0x0A793], 0),
    (0x0A793, [0x0A793, 0x0A792, 0x0A792, 0x0A793], 0),
    (0x0A794, [0x0A794, 0x0A7C4, 0x0A7C4, 0x0A794], 0),
    (0x0A796, [0x0A797, 0x0A796, 0x0A796, 0x0A797], 0),
    (0x0A797, [0x0A797, 0x0A796, 0x0A796, 0x0A797], 0),
    (0x0A798, [0x0A799, 0x0A798, 0x0A798, 0x0A799], 0),
    (0x0A799, [0x0A799, 0x0A798, 0x0A798, 0x0A799], 0),
    (0x0A79A, [0x0A79B, 0x0A79A, 0x0A79A, 0x0A79B], 0),
    (0x0A79B, [0x0A79B, 0x0A79A, 0x0A79A, 0x0A79B], 0),
    (0x0A79C, [0x0A79D, 0x0A79C, 0x0A79C, 0x0A79D], 0),
    (0x0A79D, [0x0A79D, 0x0A79C, 0x0A79C, 0x0A79D], 0),
    (0x0A79E, [0x0A79F, 0x0A79E, 0x0A79E, 0x0A79F], 0),
    (0x0A79F, [0x0A79F, 0x0A79E, 0x0A79E, 0x0A79F], 0),
    (0x0A7A0, [0x0A7A1, 0x0A7A0, 0x0A7A0, 0x0A7A1], 0),
    (0x0A7A1, [0x0A7A1, 0x0A7A0, 0x0A7A0, 0x0A7A1], 0),
    (0x0A7A2, [0x0A7A3, 0x0A7A2, 0x0A7A2, 0x0A7A3], 0),
    (0x0A7A3, [0x0A7A3, 0x0A7A2, 0x0A7A2, 0x0A7A3], 0),
    (0x0A7A4, [0x0A7A5, 0x0A7A4, 0x0A7A4, 0x0A7A5], 0),
    (0x0A7A5, [0x0A7A5, 0x0A7A4, 0x0A7A4, 0x0A7A5], 0),
    (0x0A7A6, [0x0A7A7, 0x0A7A6, 0x0A7A6, 0x0A7A7], 0),
    (0x0A7A7, [0x0A7A7, 0x0A7A6, 0x0A7A6, 0x0A7A7], 0),
    (0x0A7A8, [0x0A7A9, 0x0A7A8, 0x0A7A8, 0x0A7A9], 0),
    (0x0A7A9, [0x0A7A9, 0x0A7A8, 0x0A7A8, 0x0A7A9], 0),
    (0x0A7AA, [0x00266, 0x0A7AA, 0x0A7AA, 0x00266], 0),
    (0x0A7AB, [0x0025C, 0x0A7AB, 0x0A7AB, 0x0025C], 0),
    (0x0A7AC, [0x00261, 0x0A7AC, 0x0A7AC, 0x00261], 0),
    (0x0A7AD, [0x0026C, 0x0A7AD, 0x0A7AD, 0x0026C], 0),
    (0x0A7AE, [0x0026A, 0x0A7AE, 0x0A7AE, 0x0026A], 0),
    (0x0A7B0, [0x0029E, 0x0A7B0, 0x0A7B0, 0x0029E], 0),
    (0x0A7B1, [0x00287, 0x0A7B1, 0x0A7B1, 0x00287], 0),
    (0x0A7B2, [0x0029D, 0x0A7B2, 0x0A7B2, 0x0029D], 0),
    (0x0A7B3, [0x0AB53, 0x0A7B3, 0x0A7B3, 0x0AB53], 0),
    (0x0A7B4, [0x0A7B5, 0x0A7B4, 0x0A7B4, 0x0A7B5], 0),
    (0x0A7B5, [0x0A7B5, 0x0A7B4, 0x0A7B4, 0x0A7B5], 0),
    (0x0A7B6, [0x0A7B7, 0x0A7B6, 0x0A7B6, 0x0A7B7], 0),
    (0x0A7B7, [0x0A7B7, 0x0A7B6, 0x0A7B6, 0x0A7B7], 0),
    (0x0A7B8, [0x0A7B9, 0x0A7B8, 0x0A7B8, 0x0A7B9], 0),
    (0x0A7B9, [0x0A7B9, 0x0A7B8, 0x0A7B8, 0x0A7B9], 0),
    (0x0A7BA, [0x0A7BB, 0x0A7BA, 0x0A7BA, 0x0A7BB], 0),
    (0x0A7BB, [0x0A7BB, 0x0A7BA, 0x0A7BA, 0x0A7BB], 0),
    (0x0A7BC, [0x0A7BD, 0x0A7BC, 0x0A7BC, 0x0A7BD], 0),
    (0x0A7BD, [0x0A7BD, 0x0A7BC, 0x0A7BC, 0x0A7BD], 0),
    (0x0A7BE, [0x0A7BF, 0x0A7BE, 0x0A7BE, 0x0A7BF], 0),
    (0x0A7BF, [0x0A7BF, 0x0A7BE, 0x0A7BE, 0x0A7BF], 0),
    (0x0A7C0, [0x0A7C1, 0x0A7C0, 0x0A7C0, 0x0A7C1], 0),
    (0x0A7C1, [0x0A7C1, 0x0A7C0, 0x0A7C0, 0x0A7C1], 0),
    (0x0A7C2, [0x0A7C3, 0x0A7C2, 0x0A7C2, 0x0A7C3], 0),
    (0x0A7C3, [0x0A7C3, 0x0A7C2, 0x0A7C2, 0x0A7C3], 0),
    (0x0A7C4, [0x0A794, 0x0A7C4, 0x0A7C4, 0x0A794], 0),
    (0x0A7C5, [0x00282, 0x0A7C5, 0x0A7C5, 0x00282], 0),
    (0x0A7C6, [0x01D8E, 0x0A7C6, 0x0A7C6, 0x01D8E], 0),
    (0x0A7C7, [0x0A7C8, 0x0A7C7, 0x0A7C7, 0x0A7C8], 0),
    (0x0A7C8, [0x0A7C8, 0x0A7C7, 0x0A7C7, 0x0A7C8], 0),
    (0x0A7C9, [0x0A7CA, 0x0A7C9, 0x0A7C9, 0x0A7CA], 0),
    (0x0A7CA, [0x0A7CA, 0x0A7C9, 0x0A7C9, 0x0A7CA], 0),
    (0x0A7CB, [0x00264, 0x0A7CB, 0x0A7CB, 0x00264], 0),
    (0x0A7CC, [0x0A7CD, 0x0A7CC, 0x0A7CC, 0x0A7CD], 0),
    (0x0A7CD, [0x0A7CD, 0x0A7CC, 0x0A7CC, 0x0A7CD], 0),
    (0x0A7CE, [0x0A7CF, 0x0A7CE, 0x0A7CE, 0x0A7CF], 0),
    (0x0A7CF, [0x0A7CF, 0x0A7CE, 0x0A7CE, 0x0A7CF], 0),
    (0x0A7D0, [0x0A7D1, 0x0A7D0, 0x0A7D0, 0x0A7D1], 0),
    (0x0A7D1, [0x0A7D1, 0x0A7D0, 0x0A7D0, 0x0A7D1], 0),
    (0x0A7D2, [0x0A7D3, 0x0A7D2, 0x0A7D2, 0x0A7D3], 0),
    (0x0A7D3, [0x0A7D3, 0x0A7D2, 0x0A7D2, 0x0A7D3], 0),
    (0x0A7D4, [0x0A7D5, 0x0A7D4, 0x0A7D4, 0x0A7D5], 0),
    (0x0A7D5, [0x0A7D5, 0x0A7D4, 0x0A7D4, 0x0A7D5], 0),
    (0x0A7D6, [0x0A7D7, 0x0A7D6, 0x0A7D6, 0x0A7D7], 0),
    (0x0A7D7, [0x0A7D7, 0x0A7D6, 0x0A7D6, 0x0A7D7], 0),
    (0x0A7D8, [0x0A7D9, 0x0A7D8, 0x0A7D8, 0x0A7D9], 0),
    (0x0A7D9, [0x0A7D9, 0x0A7D8, 0x0A7D8, 0x0A7D9], 0),
    (0x0A7DA, [0x0A7DB, 0x0A7DA, 0x0A7DA, 0x0A7DB], 0),
    (0x0A7DB, [0x0A7DB, 0x0A7DA, 0x0A7DA, 0x0A7DB], 0),
    (0x0A7DC, [0x0019B, 0x0A7DC, 0x0A7DC, 0x0019B], 0),
    (0x0A7F5, [0x0A7F6, 0x0A7F5, 0x0A7F5, 0x0A7F6], 0),
    (0x0A7F6, [0x0A7F6, 0x0A7F5, 0x0A7F5, 0x0A7F6], 0),
    (0x0AB53, [0x0AB53, 0x0A7B3, 0x0A7B3, 0x0AB53], 0),
    (0x0AB70, [0x0AB70, 0x013A0, 0x013A0, 0x013A0], 0),
    (0x0AB71, [0x0AB71, 0x013A1, 0x013A1, 0x013A1], 0),
    (0x0AB72, [0x0AB72, 0x013A2, 0x013A2, 0x013A2], 0),
    (0x0AB73, [0x0AB73, 0x013A3, 0x013A3, 0x013A3], 0),
    (0x0AB74, [0x0AB74, 0x013A4, 0x013A4, 0x013A4], 0),
    (0x0AB75, [0x0AB75, 0x013A5, 0x013A5, 0x013A5], 0),
    (0x0AB76, [0x0AB76, 0x013A6, 0x013A6, 0x013A6], 0),
    (0x0AB77, [0x0AB77, 0x013A7, 0x013A7, 0x013A7], 0),
    (0x0AB78, [0x0AB78, 0x013A8, 0x013A8, 0x013A8], 0),
    (0x0AB79, [0x0AB79, 0x013A9, 0x013A9, 0x013A9], 0),
    (0x0AB7A, [0x0AB7A, 0x013AA, 0x013AA, 0x013AA], 0),
    (0x0AB7B, [0x0AB7B, 0x013AB, 0x013AB, 0x013AB], 0),
    (0x0AB7C, [0x0AB7C, 0x013AC, 0x013AC, 0x013AC], 0),
    (0x0AB7D, [0x0AB7D, 0x013AD, 0x013AD, 0x013AD], 0),
    (0x0AB7E, [0x0AB7E, 0x013AE, 0x013AE, 0x013AE], 0),
    (0x0AB7F, [0x0AB7F, 0x013AF, 0x013AF, 0x013AF], 0),
    (0x0AB80, [0x0AB80, 0x013B0, 0x013B0, 0x013B0], 0),
    (0x0AB81, [0x0AB81, 0x013B1, 0x013B1, 0x013B1], 0),
    (0x0AB82, [0x0AB82, 0x013B2, 0x013B2, 0x013B2], 0),
    (0x0AB83, [0x0AB83, 0x013B3, 0x013B3, 0x013B3], 0),
    (0x0AB84, [0x0AB84, 0x013B4, 0x013B4, 0x013B4], 0),
    (0x0AB85, [0x0AB85, 0x013B5, 0x013B5, 0x013B5], 0),
    (0x0AB86, [0x0AB86, 0x013B6, 0x013B6, 0x013B6], 0),
    (0x0AB87, [0x0AB87, 0x013B7, 0x013B7, 0x013B7], 0),
    (0x0AB88, [0x0AB88, 0x013B8, 0x013B8, 0x013B8], 0),
    (0x0AB89, [0x0AB89, 0x013B9, 0x013B9, 0x013B9], 0),
    (0x0AB8A, [0x0AB8A, 0x013BA, 0x013BA, 0x013BA], 0),
    (0x0AB8B, [0x0AB8B, 0x013BB, 0x013BB, 0x013BB], 0),
    (0x0AB8C, [0x0AB8C, 0x013BC, 0x013BC, 0x013BC], 0),
    (0x0AB8D, [0x0AB8D, 0x013BD, 0x013BD, 0x013BD], 0),
    (0x0AB8E, [0x0AB8E, 0x013BE, 0x013BE, 0x013BE], 0),
    (0x0AB8F, [0x0AB8F, 0x013BF, 0x013BF, 0x013BF], 0),
    (0x0AB90, [0x0AB90, 0x013C0, 0x013C0, 0x013C0], 0),
    (0x0AB91, [0x0AB91, 0x013C1, 0x013C1, 0x013C1], 0),
    (0x0AB92, [0x0AB92, 0x013C2, 0x013C2, 0x013C2], 0),
    (0x0AB93, [0x0AB93, 0x013C3, 0x013C3, 0x013C3], 0),
    (0x0AB94, [0x0AB94, 0x013C4, 0x013C4, 0x013C4], 0),
    (0x0AB95, [0x0AB95, 0x013C5, 0x013C5, 0x013C5], 0),
    (0x0AB96, [0x0AB96, 0x013C6, 0x013C6, 0x013C6], 0),
    (0x0AB97, [0x0AB97, 0x013C7, 0x013C7, 0x013C7], 0),
    (0x0AB98, [0x0AB98, 0x013C8, 0x013C8, 0x013C8], 0),
    (0x0AB99, [0x0AB99, 0x013C9, 0x013C9, 0x013C9], 0),
    (0x0AB9A, [0x0AB9A, 0x013CA, 0x013CA, 0x013CA], 0),
    (0x0AB9B, [0x0AB9B, 0x013CB, 0x013CB, 0x013CB], 0),
    (0x0AB9C, [0x0AB9C, 0x013CC, 0x013CC, 0x013CC], 0),
    (0x0AB9D, [0x0AB9D, 0x013CD, 0x013CD, 0x013CD], 0),
    (0x0AB9E, [0x0AB9E, 0x013CE, 0x013CE, 0x013CE], 0),
    (0x0AB9F, [0x0AB9F, 0x013CF, 0x013CF, 0x013CF], 0),
    (0x0ABA0, [0x0ABA0, 0x013D0, 0x013D0, 0x013D0], 0),
    (0x0ABA1, [0x0ABA1, 0x013D1, 0x013D1, 0x013D1], 0),
    (0x0ABA2, [0x0ABA2, 0x013D2, 0x013D2, 0x013D2], 0),
    (0x0ABA3, [0x0ABA3, 0x013D3, 0x013D3, 0x013D3], 0),
    (0x0ABA4, [0x0ABA4, 0x013D4, 0x013D4, 0x013D4], 0),
    (0x0ABA5, [0x0ABA5, 0x013D5, 0x013D5, 0x013D5], 0),
    (0x0ABA6, [0x0ABA6, 0x013D6, 0x013D6, 0x013D6], 0),
    (0x0ABA7, [0x0ABA7, 0x013D7, 0x013D7, 0x013D7], 0),
    (0x0ABA8, [0x0ABA8, 0x013D8, 0x013D8, 0x013D8], 0),
    (0x0ABA9, [0x0ABA9, 0x013D9, 0x013D9, 0x013D9], 0),
    (0x0ABAA, [0x0ABAA, 0x013DA, 0x013DA, 0x013DA], 0),
    (0x0ABAB, [0x0ABAB, 0x013DB, 0x013DB, 0x013DB], 0),
    (0x0ABAC, [0x0ABAC, 0x013DC, 0x013DC, 0x013DC], 0),
    (0x0ABAD, [0x0ABAD, 0x013DD, 0x013DD, 0x013DD], 0),
    (0x0ABAE, [0x0ABAE, 0x013DE, 0x013DE, 0x013DE], 0),
    (0x0ABAF, [0x0ABAF, 0x013DF, 0x013DF, 0x013DF], 0),
    (0x0ABB0, [0x0ABB0, 0x013E0, 0x013E0, 0x013E0], 0),
    (0x0ABB1, [0x0ABB1, 0x013E1, 0x013E1, 0x013E1], 0),
    (0x0ABB2, [0x0ABB2, 0x013E2, 0x013E2, 0x013E2], 0),
    (0x0ABB3, [0x0ABB3, 0x013E3, 0x013E3, 0x013E3], 0),
    (0x0ABB4, [0x0ABB4, 0x013E4, 0x013E4, 0x013E4], 0),
    (0x0ABB5, [0x0ABB5, 0x013E5, 0x013E5, 0x013E5], 0),
    (0x0ABB6, [0x0ABB6, 0x013E6, 0x013E6, 0x013E6], 0),
    (0x0ABB7, [0x0ABB7, 0x013E7, 0x013E7, 0x013E7], 0),
    (0x0ABB8, [0x0ABB8, 0x013E8, 0x013E8, 0x013E8], 0),
    (0x0ABB9, [0x0ABB9, 0x013E9, 0x013E9, 0x013E9], 0),
    (0x0ABBA, [0x0ABBA, 0x013EA, 0x013EA, 0x013EA], 0),
    (0x0ABBB, [0x0ABBB, 0x013EB, 0x013EB, 0x013EB], 0),
    (0x0ABBC, [0x0ABBC, 0x013EC, 0x013EC, 0x013EC], 0),
    (0x0ABBD, [0x0ABBD, 0x013ED, 0x013ED, 0x013ED], 0),
    (0x0ABBE, [0x0ABBE, 0x013EE, 0x013EE, 0x013EE], 0),
    (0x0ABBF, [0x0ABBF, 0x013EF, 0x013EF, 0x013EF], 0),
    (0x0FB00, [0x0FB00, 0x0FB00, 0x0FB00, 0x0FB00], 94),
    (0x0FB01, [0x0FB01, 0x0FB01, 0x0FB01, 0x0FB01], 95),
    (0x0FB02, [0x0FB02, 0x0FB02, 0x0FB02, 0x0FB02], 96),
    (0x0FB03, [0x0FB03, 0x0FB03, 0x0FB03, 0x0FB03], 97),
    (0x0FB04, [0x0FB04, 0x0FB04, 0x0FB04, 0x0FB04], 98),
    (0x0FB05, [0x0FB05, 0x0FB05, 0x0FB05, 0x0FB06], 99),
    (0x0FB06, [0x0FB06, 0x0FB06, 0x0FB06, 0x0FB06], 100),
    (0x0FB13, [0x0FB13, 0x0FB13, 0x0FB13, 0x0FB13], 101),
    (0x0FB14, [0x0FB14, 0x0FB14, 0x0FB14, 0x0FB14], 102),
    (0x0FB15, [0x0FB15, 0x0FB15, 0x0FB15, 0x0FB15], 103),
    (0x0FB16, [0x0FB16, 0x0FB16, 0x0FB16, 0x0FB16], 104),
    (0x0FB17, [0x0FB17, 0x0FB17, 0x0FB17, 0x0FB17], 105),
    (0x0FF21, [0x0FF41, 0x0FF21, 0x0FF21, 0x0FF41], 0),
    (0x0FF22, [0x0FF42, 0x0FF22, 0x0FF22, 0x0FF42], 0),
    (0x0FF23, [0x0FF43, 0x0FF23, 0x0FF23, 0x0FF43], 0),
    (0x0FF24, [0x0FF44, 0x0FF24, 0x0FF24, 0x0FF44], 0),
    (0x0FF25, [0x0FF45, 0x0FF25, 0x0FF25, 0x0FF45], 0),
    (0x0FF26, [0x0FF46, 0x0FF26, 0x0FF26, 0x0FF46], 0),
    (0x0FF27, [0x0FF47, 0x0FF27, 0x0FF27, 0x0FF47], 0),
    (0x0FF28, [0x0FF48, 0x0FF28, 0x0FF28, 0x0FF48], 0),
    (0x0FF29, [0x0FF49, 0x0FF29, 0x0FF29, 0x0FF49], 0),
    (0x0FF2A, [0x0FF4A, 0x0FF2A, 0x0FF2A, 0x0FF4A], 0),
    (0x0FF2B, [0x0FF4B, 0x0FF2B, 0x0FF2B, 0x0FF4B], 0),
    (0x0FF2C, [0x0FF4C, 0x0FF2C, 0x0FF2C, 0x0FF4C], 0),
    (0x0FF2D, [0x0FF4D, 0x0FF2D, 0x0FF2D, 0x0FF4D], 0),
    (0x0FF2E, [0x0FF4E, 0x0FF2E, 0x0FF2E, 0x0FF4E], 0),
    (0x0FF2F, [0x0FF4F, 0x0FF2F, 0x0FF2F, 0x0FF4F], 0),
    (0x0FF30, [0x0FF50, 0x0FF30, 0x0FF30, 0x0FF50], 0),
    (0x0FF31, [0x0FF51, 0x0FF31, 0x0FF31, 0x0FF51], 0),
    (0x0FF32, [0x0FF52, 0x0FF32, 0x0FF32, 0x0FF52], 0),
    (0x0FF33, [0x0FF53, 0x0FF33, 0x0FF33, 0x0FF53], 0),
    (0x0FF34, [0x0FF54, 0x0FF34, 0x0FF34, 0x0FF54], 0),
    (0x0FF35, [0x0FF55, 0x0FF35, 0x0FF35, 0x0FF55], 0),
    (0x0FF36, [0x0FF56, 0x0FF36, 0x0FF36, 0x0FF56], 0),
    (0x0FF37, [0x0FF57, 0x0FF37, 0x0FF37, 0x0FF57], 0),
    (0x0FF38, [0x0FF58, 0x0FF38, 0x0FF38, 0x0FF58], 0),
    (0x0FF39, [0x0FF59, 0x0FF39, 0x0FF39, 0x0FF59], 0),
    (0x0FF3A, [0x0FF5A, 0x0FF3A, 0x0FF3A, 0x0FF5A], 0),
    (0x0FF41, [0x0FF41, 0x0FF21, 0x0FF21, 0x0FF41], 0),
    (0x0FF42, [0x0FF42, 0x0FF22, 0x0FF22, 0x0FF42], 0),
    (0x0FF43, [0x0FF43, 0x0FF23, 0x0FF23, 0x0FF43], 0),
    (0x0FF44, [0x0FF44, 0x0FF24, 0x0FF24, 0x0FF44], 0),
    (0x0FF45, [0x0FF45, 0x0FF25, 0x0FF25, 0x0FF45], 0),
    (0x0FF46, [0x0FF46, 0x0FF26, 0x0FF26, 0x0FF46], 0),
    (0x0FF47, [0x0FF47, 0x0FF27, 0x0FF27, 0x0FF47], 0),
    (0x0FF48, [0x0FF48, 0x0FF28, 0x0FF28, 0x0FF48], 0),
    (0x0FF49, [0x0FF49, 0x0FF29, 0x0FF29, 0x0FF49], 0),
    (0x0FF4A, [0x0FF4A, 0x0FF2A, 0x0FF2A, 0x0FF4A], 0),
    (0x0FF4B, [0x0FF4B, 0x0FF2B, 0x0FF2B, 0x0FF4B], 0),
    (0x0FF4C, [0x0FF4C, 0x0FF2C, 0x0FF2C, 0x0FF4C], 0),
    (0x0FF4D, [0x0FF4D, 0x0FF2D, 0x0FF2D, 0x0FF4D], 0),
    (0x0FF4E, [0x0FF4E, 0x0FF2E, 0x0FF2E, 0x0FF4E], 0),
    (0x0FF4F, [0x0FF4F, 0x0FF2F, 0x0FF2F, 0x0FF4F], 0),
    (0x0FF50, [0x0FF50, 0x0FF30, 0x0FF30, 0x0FF50], 0),
    (0x0FF51, [0x0FF51, 0x0FF31, 0x0FF31, 0x0FF51], 0),
    (0x0FF52, [0x0FF52, 0x0FF32, 0x0FF32, 0x0FF52], 0),
    (0x0FF53, [0x0FF53, 0x0FF33, 0x0FF33, 0x0FF53], 0),
    (0x0FF54, [0x0FF54, 0x0FF34, 0x0FF34, 0x0FF54], 0),
    (0x0FF55, [0x0FF55, 0x0FF35, 0x0FF35, 0x0FF55], 0),
    (0x0FF56, [0x0FF56, 0x0FF36, 0x0FF36, 0x0FF56], 0),
    (0x0FF57, [0x0FF57, 0x0FF37, 0x0FF37, 0x0FF57], 0),
    (0x0FF58, [0x0FF58, 0x0FF38, 0x0FF38, 0x0FF58], 0),
    (0x0FF59, [0x0FF59, 0x0FF39, 0x0FF39, 0x0FF59], 0),
    (0x0FF5A, [0x0FF5A, 0x0FF3A, 0x0FF3A, 0x0FF5A], 0),
    (0x10400, [0x10428, 0x10400, 0x10400, 0x10428], 0),
    (0x10401, [0x10429, 0x10401, 0x10401, 0x10429], 0),
    (0x10402, [0x1042A, 0x10402, 0x10402, 0x1042A], 0),
    (0x10403, [0x1042B, 0x10403, 0x10403, 0x1042B], 0),
    (0x10404, [0x1042C, 0x10404, 0x10404, 0x1042C], 0),
    (0x10405, [0x1042D, 0x10405, 0x10405, 0x1042D], 0),
    (0x10406, [0x1042E, 0x10406, 0x10406, 0x1042E], 0),
    (0x10407, [0x1042F, 0x10407, 0x10407, 0x1042F], 0),
    (0x10408, [0x10430, 0x10408, 0x10408, 0x10430], 0),
    (0x10409, [0x10431, 0x10409, 0x10409, 0x10431], 0),
    (0x1040A, [0x10432, 0x1040A, 0x1040A, 0x10432], 0),
    (0x1040B, [0x10433, 0x1040B, 0x1040B, 0x10433], 0),
    (0x1040C, [0x10434, 0x1040C, 0x1040C, 0x10434], 0),
    (0x1040D, [0x10435, 0x1040D, 0x1040D, 0x10435], 0),
    (0x1040E, [0x10436, 0x1040E, 0x1040E, 0x10436], 0),
    (0x1040F, [0x10437, 0x1040F, 0x1040F, 0x10437], 0),
    (0x10410, [0x10438, 0x10410, 0x10410, 0x10438], 0),
    (0x10411, [0x10439, 0x10411, 0x10411, 0x10439], 0),
    (0x10412, [0x1043A, 0x10412, 0x10412, 0x1043A], 0),
    (0x10413, [0x1043B, 0x10413, 0x10413, 0x1043B], 0),
    (0x10414, [0x1043C, 0x10414, 0x10414, 0x1043C], 0),
    (0x10415, [0x1043D, 0x10415, 0x10415, 0x1043D], 0),
    (0x10416, [0x1043E, 0x10416, 0x10416, 0x1043E], 0),
    (0x10417, [0x1043F, 0x10417, 0x10417, 0x1043F], 0),
    (0x10418, [0x10440, 0x10418, 0x10418, 0x10440], 0),
    (0x10419, [0x10441, 0x10419, 0x10419, 0x10441], 0),
    (0x1041A, [0x10442, 0x1041A, 0x1041A, 0x10442], 0),
    (0x1041B, [0x10443, 0x1041B, 0x1041B, 0x10443], 0),
    (0x1041C, [0x10444, 0x1041C, 0x1041C, 0x10444], 0),
    (0x1041D, [0x10445, 0x1041D, 0x1041D, 0x10445], 0),
    (0x1041E, [0x10446, 0x1041E, 0x1041E, 0x10446], 0),
    (0x1041F, [0x10447, 0x1041F, 0x1041F, 0x10447], 0),
    (0x10420, [0x10448, 0x10420, 0x10420, 0x10448], 0),
    (0x10421, [0x10449, 0x10421, 0x10421, 0x10449], 0),
    (0x10422, [0x1044A, 0x10422, 0x10422, 0x1044A], 0),
    (0x10423, [0x1044B, 0x10423, 0x10423, 0x1044B], 0),
    (0x10424, [0x1044C, 0x10424, 0x10424, 0x1044C], 0),
    (0x10425, [0x1044D, 0x10425, 0x10425, 0x1044D], 0),
    (0x10426, [0x1044E, 0x10426, 0x10426, 0x1044E], 0),
    (0x10427, [0x1044F, 0x10427, 0x10427, 0x1044F], 0),
    (0x10428, [0x10428, 0x10400, 0x10400, 0x10428], 0),
    (0x10429, [0x10429, 0x10401, 0x10401, 0x10429], 0),
    (0x1042A, [0x1042A, 0x10402, 0x10402, 0x1042A], 0),
    (0x1042B, [0x1042B, 0x10403, 0x10403, 0x1042B], 0),
    (0x1042C, [0x1042C, 0x10404, 0x10404, 0x1042C], 0),
    (0x1042D, [0x1042D, 0x10405, 0x10405, 0x1042D], 0),
    (0x1042E, [0x1042E, 0x10406, 0x10406, 0x1042E], 0),
    (0x1042F, [0x1042F, 0x10407, 0x10407, 0x1042F], 0),
    (0x10430, [0x10430, 0x10408, 0x10408, 0x10430], 0),
    (0x10431, [0x10431, 0x10409, 0x10409, 0x10431], 0),
    (0x10432, [0x10432, 0x1040A, 0x1040A, 0x10432], 0),
    (0x10433, [0x10433, 0x1040B, 0x1040B, 0x10433], 0),
    (0x10434, [0x10434, 0x1040C, 0x1040C, 0x10434], 0),
    (0x10435, [0x10435, 0x1040D, 0x1040D, 0x10435], 0),
    (0x10436, [0x10436, 0x1040E, 0x1040E, 0x10436], 0),
    (0x10437, [0x10437, 0x1040F, 0x1040F, 0x10437], 0),
    (0x10438, [0x10438, 0x10410, 0x10410, 0x10438], 0),
    (0x10439, [0x10439, 0x10411, 0x10411, 0x10439], 0),
    (0x1043A, [0x1043A, 0x10412, 0x10412, 0x1043A], 0),
    (0x1043B, [0x1043B, 0x10413, 0x10413, 0x1043B], 0),
    (0x1043C, [0x1043C, 0x10414, 0x10414, 0x1043C], 0),
    (0x1043D, [0x1043D, 0x10415, 0x10415, 0x1043D], 0),
    (0x1043E, [0x1043E, 0x10416, 0x10416, 0x1043E], 0),
    (0x1043F, [0x1043F, 0x10417, 0x10417, 0x1043F], 0),
    (0x10440, [0x10440, 0x10418, 0x10418, 0x10440], 0),
    (0x10441, [0x10441, 0x10419, 0x10419, 0x10441], 0),
    (0x10442, [0x10442, 0x1041A, 0x1041A, 0x10442], 0),
    (0x10443, [0x10443, 0x1041B, 0x1041B, 0x10443], 0),
    (0x10444, [0x10444, 0x1041C, 0x1041C, 0x10444], 0),
    (0x10445, [0x10445, 0x1041D, 0x1041D, 0x10445], 0),
    (0x10446, [0x10446, 0x1041E, 0x1041E, 0x10446], 0),
    (0x10447, [0x10447, 0x1041F, 0x1041F, 0x10447], 0),
    (0x10448, [0x10448, 0x10420, 0x10420, 0x10448], 0),
    (0x10449, [0x10449, 0x10421, 0x10421, 0x10449], 0),
    (0x1044A, [0x1044A, 0x10422, 0x10422, 0x1044A], 0),
    (0x1044B, [0x1044B, 0x10423, 0x10423, 0x1044B], 0),
    (0x1044C, [0x1044C, 0x10424, 0x10424, 0x1044C], 0),
    (0x1044D, [0x1044D, 0x10425, 0x10425, 0x1044D], 0),
    (0x1044E, [0x1044E, 0x10426, 0x10426, 0x1044E], 0),
    (0x1044F, [0x1044F, 0x10427, 0x10427, 0x1044F], 0),
    (0x104B0, [0x104D8, 0x104B0, 0x104B0, 0x104D8], 0),
    (0x104B1, [0x104D9, 0x104B1, 0x104B1, 0x104D9], 0),
    (0x104B2, [0x104DA, 0x104B2, 0x104B2, 0x104DA], 0),
    (0x104B3, [0x104DB, 0x104B3, 0x104B3, 0x104DB], 0),
    (0x104B4, [0x104DC, 0x104B4, 0x104B4, 0x104DC], 0),
    (0x104B5, [0x104DD, 0x104B5, 0x104B5, 0x104DD], 0),
    (0x104B6, [0x104DE, 0x104B6, 0x104B6, 0x104DE], 0),
    (0x104B7, [0x104DF, 0x104B7, 0x104B7, 0x104DF], 0),
    (0x104B8, [0x104E0, 0x104B8, 0x104B8, 0x104E0], 0),
    (0x104B9, [0x104E1, 0x104B9, 0x104B9, 0x104E1], 0),
    (0x104BA, [0x104E2, 0x104BA, 0x104BA, 0x104E2], 0),
    (0x104BB, [0x104E3, 0x104BB, 0x104BB, 0x104E3], 0),
    (0x104BC, [0x104E4, 0x104BC, 0x104BC, 0x104E4], 0),
    (0x104BD, [0x104E5, 0x104BD, 0x104BD, 0x104E5], 0),
    (0x104BE, [0x104E6, 0x104BE, 0x104BE, 0x104E6], 0),
    (0x104BF, [0x104E7, 0x104BF, 0x104BF, 0x104E7], 0),
    (0x104C0, [0x104E8, 0x104C0, 0x104C0, 0x104E8], 0),
    (0x104C1, [0x104E9, 0x104C1, 0x104C1, 0x104E9], 0),
    (0x104C2, [0x104EA, 0x104C2, 0x104C2, 0x104EA], 0),
    (0x104C3, [0x104EB, 0x104C3, 0x104C3, 0x104EB], 0),
    (0x104C4, [0x104EC, 0x104C4, 0x104C4, 0x104EC], 0),
    (0x104C5, [0x104ED, 0x104C5, 0x104C5, 0x104ED], 0),
    (0x104C6, [0x104EE, 0x104C6, 0x104C6, 0x104EE], 0),
    (0x104C7, [0x104EF, 0x104C7, 0x104C7, 0x104EF], 0),
    (0x104C8, [0x104F0, 0x104C8, 0x104C8, 0x104F0], 0),
    (0x104C9, [0x104F1, 0x104C9, 0x104C9, 0x104F1], 0),
    (0x104CA, [0x104F2, 0x104CA, 0x104CA, 0x104F2], 0),
    (0x104CB, [0x104F3, 0x104CB, 0x104CB, 0x104F3], 0),
    (0x104CC, [0x104F4, 0x104CC, 0x104CC, 0x104F4], 0),
    (0x104CD, [0x104F5, 0x104CD, 0x104CD, 0x104F5], 0),
    (0x104CE, [0x104F6, 0x104CE, 0x104CE, 0x104F6], 0),
    (0x104CF, [0x104F7, 0x104CF, 0x104CF, 0x104F7], 0),
    (0x104D0, [0x104F8, 0x104D0, 0x104D0, 0x104F8], 0),
    (0x104D1, [0x104F9, 0x104D1, 0x104D1, 0x104F9], 0),
    (0x104D2, [0x104FA, 0x104D2, 0x104D2, 0x104FA], 0),
    (0x104D3, [0x104FB, 0x104D3, 0x104D3, 0x104FB], 0),
    (0x104D8, [0x104D8, 0x104B0, 0x104B0, 0x104D8], 0),
    (0x104D9, [0x104D9, 0x104B1, 0x104B1, 0x104D9], 0),
    (0x104DA, [0x104DA, 0x104B2, 0x104B2, 0x104DA], 0),
    (0x104DB, [0x104DB, 0x104B3, 0x104B3, 0x104DB], 0),
    (0x104DC, [0x104DC, 0x104B4, 0x104B4, 0x104DC], 0),
    (0x104DD, [0x104DD, 0x104B5, 0x104B5, 0x104DD], 0),
    (0x104DE, [0x104DE, 0x104B6, 0x104B6, 0x104DE], 0),
    (0x104DF, [0x104DF, 0x104B7, 0x104B7, 0x104DF], 0),
    (0x104E0, [0x104E0, 0x104B8, 0x104B8, 0x104E0], 0),
    (0x104E1, [0x104E1, 0x104B9, 0x104B9, 0x104E1], 0),
    (0x104E2, [0x104E2, 0x104BA, 0x104BA, 0x104E2], 0),
    (0x104E3, [0x104E3, 0x104BB, 0x104BB, 0x104E3], 0),
    (0x104E4, [0x104E4, 0x104BC, 0x104BC, 0x104E4], 0),
    (0x104E5, [0x104E5, 0x104BD, 0x104BD, 0x104E5], 0),
    (0x104E6, [0x104E6, 0x104BE, 0x104BE, 0x104E6], 0),
    (0x104E7, [0x104E7, 0x104BF, 0x104BF, 0x104E7], 0),
    (0x104E8, [0x104E8, 0x104C0, 0x104C0, 0x104E8], 0),
    (0x104E9, [0x104E9, 0x104C1, 0x104C1, 0x104E9], 0),
    (0x104EA, [0x104EA, 0x104C2, 0x104C2, 0x104EA], 0),
    (0x104EB, [0x104EB, 0x104C3, 0x104C3, 0x104EB], 0),
    (0x104EC, [0x104EC, 0x104C4, 0x104C4, 0x104EC], 0),
    (0x104ED, [0x104ED, 0x104C5, 0x104C5, 0x104ED], 0),
    (0x104EE, [0x104EE, 0x104C6, 0x104C6, 0x104EE], 0),
    (0x104EF, [0x104EF, 0x104C7, 0x104C7, 0x104EF], 0),
    (0x104F0, [0x104F0, 0x104C8, 0x104C8, 0x104F0], 0),
    (0x104F1, [0x104F1, 0x104C9, 0x104C9, 0x104F1], 0),
    (0x104F2, [0x104F2, 0x104CA, 0x104CA, 0x104F2], 0),
    (0x104F3, [0x104F3, 0x104CB, 0x104CB, 0x104F3], 0),
    (0x104F4, [0x104F4, 0x104CC, 0x104CC, 0x104F4], 0),
    (0x104F5, [0x104F5, 0x104CD, 0x104CD, 0x104F5], 0),
    (0x104F6, [0x104F6, 0x104CE, 0x104CE, 0x104F6], 0),
    (0x104F7, [0x104F7, 0x104CF, 0x104CF, 0x104F7], 0),
    (0x104F8, [0x104F8, 0x104D0, 0x104D0, 0x104F8], 0),
    (0x104F9, [0x104F9, 0x104D1, 0x104D1, 0x104F9], 0),
    (0x104FA, [0x104FA, 0x104D2, 0x104D2, 0x104FA], 0),
    (0x104FB, [0x104FB, 0x104D3, 0x104D3, 0x104FB], 0),
    (0x10570, [0x10597, 0x10570, 0x10570, 0x10597], 0),
    (0x10571, [0x10598, 0x10571, 0x10571, 0x10598], 0),
    (0x10572, [0x10599, 0x10572, 0x10572, 0x10599], 0),
    (0x10573, [0x1059A, 0x10573, 0x10573, 0x1059A], 0),
    (0x10574, [0x1059B, 0x10574, 0x10574, 0x1059B], 0),
    (0x10575, [0x1059C, 0x10575, 0x10575, 0x1059C], 0),
    (0x10576, [0x1059D, 0x10576, 0x10576, 0x1059D], 0),
    (0x10577, [0x1059E, 0x10577, 0x10577, 0x1059E], 0),
    (0x10578, [0x1059F, 0x10578, 0x10578, 0x1059F], 0),
    (0x10579, [0x105A0, 0x10579, 0x10579, 0x105A0], 0),
    (0x1057A, [0x105A1, 0x1057A, 0x1057A, 0x105A1], 0),
    (0x1057C, [0x105A3, 0x1057C, 0x1057C, 0x105A3], 0),
    (0x1057D, [0x105A4, 0x1057D, 0x1057D, 0x105A4], 0),
    (0x1057E, [0x105A5, 0x1057E, 0x1057E, 0x105A5], 0),
    (0x1057F, [0x105A6, 0x1057F, 0x1057F, 0x105A6], 0),
    (0x10580, [0x105A7, 0x10580, 0x10580, 0x105A7], 0),
    (0x10581, [0x105A8, 0x10581, 0x10581, 0x105A8], 0),
    (0x10582, [0x105A9, 0x10582, 0x10582, 0x105A9], 0),
    (0x10583, [0x105AA, 0x10583, 0x10583, 0x105AA], 0),
    (0x10584, [0x105AB, 0x10584, 0x10584, 0x105AB], 0),
    (0x10585, [0x105AC, 0x10585, 0x10585, 0x105AC], 0),
    (0x10586, [0x105AD, 0x10586, 0x10586, 0x105AD], 0),
    (0x10587, [0x105AE, 0x10587, 0x10587, 0x105AE], 0),
    (0x10588, [0x105AF, 0x10588, 0x10588, 0x105AF], 0),
    (0x10589, [0x105B0, 0x10589, 0x10589, 0x105B0], 0),
    (0x1058A, [0x105B1, 0x1058A, 0x1058A, 0x105B1], 0),
    (0x1058C, [0x105B3, 0x1058C, 0x1058C, 0x105B3], 0),
    (0x1058D, [0x105B4, 0x1058D, 0x1058D, 0x105B4], 0),
    (0x1058E, [0x105B5, 0x1058E, 0x1058E, 0x105B5], 0),
    (0x1058F, [0x105B6, 0x1058F, 0x1058F, 0x105B6], 0),
    (0x10590, [0x105B7, 0x10590, 0x10590, 0x105B7], 0),
    (0x10591, [0x105B8, 0x10591, 0x10591, 0x105B8], 0),
    (0x10592, [0x105B9, 0x10592, 0x10592, 0x105B9], 0),
    (0x10594, [0x105BB, 0x10594, 0x10594, 0x105BB], 0),
    (0x10595, [0x105BC, 0x10595, 0x10595, 0x105BC], 0),
    (0x10597, [0x10597, 0x10570, 0x10570, 0x10597], 0),
    (0x10598, [0x10598, 0x10571, 0x10571, 0x10598], 0),
    (0x10599, [0x10599, 0x10572, 0x10572, 0x10599], 0),
    (0x1059A, [0x1059A, 0x10573, 0x10573, 0x1059A], 0),
    (0x1059B, [0x1059B, 0x10574, 0x10574, 0x1059B], 0),
    (0x1059C, [0x1059C, 0x10575, 0x10575, 0x1059C], 0),
    (0x1059D, [0x1059D, 0x10576, 0x10576, 0x1059D], 0),
    (0x1059E, [0x1059E, 0x10577, 0x10577, 0x1059E], 0),
    (0x1059F, [0x1059F, 0x10578, 0x10578, 0x1059F], 0),
    (0x105A0, [0x105A0, 0x10579, 0x10579, 0x105A0], 0),
    (0x105A1, [0x105A1, 0x1057A, 0x1057A, 0x105A1], 0),
    (0x105A3, [0x105A3, 0x1057C, 0x1057C, 0x105A3], 0),
    (0x105A4, [0x105A4, 0x1057D, 0x1057D, 0x105A4], 0),
    (0x105A5, [0x105A5, 0x1057E, 0x1057E, 0x105A5], 0),
    (0x105A6, [0x105A6, 0x1057F, 0x1057F, 0x105A6], 0),
    (0x105A7, [0x105A7, 0x10580, 0x10580, 0x105A7], 0),
    (0x105A8, [0x105A8, 0x10581, 0x10581, 0x105A8], 0),
    (0x105A9, [0x105A9, 0x10582, 0x10582, 0x105A9], 0),
    (0x105AA, [0x105AA, 0x10583, 0x10583, 0x105AA], 0),
    (0x105AB, [0x105AB, 0x10584, 0x10584, 0x105AB], 0),
    (0x105AC, [0x105AC, 0x10585, 0x10585, 0x105AC], 0),
    (0x105AD, [0x105AD, 0x10586, 0x10586, 0x105AD], 0),
    (0x105AE, [0x105AE, 0x10587, 0x10587, 0x105AE], 0),
    (0x105AF, [0x105AF, 0x10588, 0x10588, 0x105AF], 0),
    (0x105B0, [0x105B0, 0x10589, 0x10589, 0x105B0], 0),
    (0x105B1, [0x105B1, 0x1058A, 0x1058A, 0x105B1], 0),
    (0x105B3, [0x105B3, 0x1058C, 0x1058C, 0x105B3], 0),
    (0x105B4, [0x105B4, 0x1058D, 0x1058D, 0x105B4], 0),
    (0x105B5, [0x105B5, 0x1058E, 0x1058E, 0x105B5], 0),
    (0x105B6, [0x105B6, 0x1058F, 0x1058F, 0x105B6], 0),
    (0x105B7, [0x105B7, 0x10590, 0x10590, 0x105B7], 0),
    (0x105B8, [0x105B8, 0x10591, 0x10591, 0x105B8], 0),
    (0x105B9, [0x105B9, 0x10592, 0x10592, 0x105B9], 0),
    (0x105BB, [0x105BB, 0x10594, 0x10594, 0x105BB], 0),
    (0x105BC, [0x105BC, 0x10595, 0x10595, 0x105BC], 0),
    (0x10C80, [0x10CC0, 0x10C80, 0x10C80, 0x10CC0], 0),
    (0x10C81, [0x10CC1, 0x10C81, 0x10C81, 0x10CC1], 0),
    (0x10C82, [0x10CC2, 0x10C82, 0x10C82, 0x10CC2], 0),
    (0x10C83, [0x10CC3, 0x10C83, 0x10C83, 0x10CC3], 0),
    (0x10C84, [0x10CC4, 0x10C84, 0x10C84, 0x10CC4], 0),
    (0x10C85, [0x10CC5, 0x10C85, 0x10C85, 0x10CC5], 0),
    (0x10C86, [0x10CC6, 0x10C86, 0x10C86, 0x10CC6], 0),
    (0x10C87, [0x10CC7, 0x10C87, 0x10C87, 0x10CC7], 0),
    (0x10C88, [0x10CC8, 0x10C88, 0x10C88, 0x10CC8], 0),
    (0x10C89, [0x10CC9, 0x10C89, 0x10C89, 0x10CC9], 0),
    (0x10C8A, [0x10CCA, 0x10C8A, 0x10C8A, 0x10CCA], 0),
    (0x10C8B, [0x10CCB, 0x10C8B, 0x10C8B, 0x10CCB], 0),
    (0x10C8C, [0x10CCC, 0x10C8C, 0x10C8C, 0x10CCC], 0),
    (0x10C8D, [0x10CCD, 0x10C8D, 0x10C8D, 0x10CCD], 0),
    (0x10C8E, [0x10CCE, 0x10C8E, 0x10C8E, 0x10CCE], 0),
    (0x10C8F, [0x10CCF, 0x10C8F, 0x10C8F, 0x10CCF], 0),
    (0x10C90, [0x10CD0, 0x10C90, 0x10C90, 0x10CD0], 0),
    (0x10C91, [0x10CD1, 0x10C91, 0x10C91, 0x10CD1], 0),
    (0x10C92, [0x10CD2, 0x10C92, 0x10C92, 0x10CD2], 0),
    (0x10C93, [0x10CD3, 0x10C93, 0x10C93, 0x10CD3], 0),
    (0x10C94, [0x10CD4, 0x10C94, 0x10C94, 0x10CD4], 0),
    (0x10C95, [0x10CD5, 0x10C95, 0x10C95, 0x10CD5], 0),
    (0x10C96, [0x10CD6, 0x10C96, 0x10C96, 0x10CD6], 0),
    (0x10C97, [0x10CD7, 0x10C97, 0x10C97, 0x10CD7], 0),
    (0x10C98, [0x10CD8, 0x10C98, 0x10C98, 0x10CD8], 0),
    (0x10C99, [0x10CD9, 0x10C99, 0x10C99, 0x10CD9], 0),
    (0x10C9A, [0x10CDA, 0x10C9A, 0x10C9A, 0x10CDA], 0),
    (0x10C9B, [0x10CDB, 0x10C9B, 0x10C9B, 0x10CDB], 0),
    (0x10C9C, [0x10CDC, 0x10C9C, 0x10C9C, 0x10CDC], 0),
    (0x10C9D, [0x10CDD, 0x10C9D, 0x10C9D, 0x10CDD], 0),
    (0x10C9E, [0x10CDE, 0x10C9E, 0x10C9E, 0x10CDE], 0),
    (0x10C9F, [0x10CDF, 0x10C9F, 0x10C9F, 0x10CDF], 0),
    (0x10CA0, [0x10CE0, 0x10CA0, 0x10CA0, 0x10CE0], 0),
    (0x10CA1, [0x10CE1, 0x10CA1, 0x10CA1, 0x10CE1], 0),
    (0x10CA2, [0x10CE2, 0x10CA2, 0x10CA2, 0x10CE2], 0),
    (0x10CA3, [0x10CE3, 0x10CA3, 0x10CA3, 0x10CE3], 0),
    (0x10CA4, [0x10CE4, 0x10CA4, 0x10CA4, 0x10CE4], 0),
    (0x10CA5, [0x10CE5, 0x10CA5, 0x10CA5, 0x10CE5], 0),
    (0x10CA6, [0x10CE6, 0x10CA6, 0x10CA6, 0x10CE6], 0),
    (0x10CA7, [0x10CE7, 0x10CA7, 0x10CA7, 0x10CE7], 0),
    (0x10CA8, [0x10CE8, 0x10CA8, 0x10CA8, 0x10CE8], 0),
    (0x10CA9, [0x10CE9, 0x10CA9, 0x10CA9, 0x10CE9], 0),
    (0x10CAA, [0x10CEA, 0x10CAA, 0x10CAA, 0x10CEA], 0),
    (0x10CAB, [0x10CEB, 0x10CAB, 0x10CAB, 0x10CEB], 0),
    (0x10CAC, [0x10CEC, 0x10CAC, 0x10CAC, 0x10CEC], 0),
    (0x10CAD, [0x10CED, 0x10CAD, 0x10CAD, 0x10CED], 0),
    (0x10CAE, [0x10CEE, 0x10CAE, 0x10CAE, 0x10CEE], 0),
    (0x10CAF, [0x10CEF, 0x10CAF, 0x10CAF, 0x10CEF], 0),
    (0x10CB0, [0x10CF0, 0x10CB0, 0x10CB0, 0x10CF0], 0),
    (0x10CB1, [0x10CF1, 0x10CB1, 0x10CB1, 0x10CF1], 0),
    (0x10CB2, [0x10CF2, 0x10CB2, 0x10CB2, 0x10CF2], 0),
    (0x10CC0, [0x10CC0, 0x10C80, 0x10C80, 0x10CC0], 0),
    (0x10CC1, [0x10CC1, 0x10C81, 0x10C81, 0x10CC1], 0),
    (0x10CC2, [0x10CC2, 0x10C82, 0x10C82, 0x10CC2], 0),
    (0x10CC3, [0x10CC3, 0x10C83, 0x10C83, 0x10CC3], 0),
    (0x10CC4, [0x10CC4, 0x10C84, 0x10C84, 0x10CC4], 0),
    (0x10CC5, [0x10CC5, 0x10C85, 0x10C85, 0x10CC5], 0),
    (0x10CC6, [0x10CC6, 0x10C86, 0x10C86, 0x10CC6], 0),
    (0x10CC7, [0x10CC7, 0x10C87, 0x10C87, 0x10CC7], 0),
    (0x10CC8, [0x10CC8, 0x10C88, 0x10C88, 0x10CC8], 0),
    (0x10CC9, [0x10CC9, 0x10C89, 0x10C89, 0x10CC9], 0),
    (0x10CCA, [0x10CCA, 0x10C8A, 0x10C8A, 0x10CCA], 0),
    (0x10CCB, [0x10CCB, 0x10C8B, 0x10C8B, 0x10CCB], 0),
    (0x10CCC, [0x10CCC, 0x10C8C, 0x10C8C, 0x10CCC], 0),
    (0x10CCD, [0x10CCD, 0x10C8D, 0x10C8D, 0x10CCD], 0),
    (0x10CCE, [0x10CCE, 0x10C8E, 0x10C8E, 0x10CCE], 0),
    (0x10CCF, [0x10CCF, 0x10C8F, 0x10C8F, 0x10CCF], 0),
    (0x10CD0, [0x10CD0, 0x10C90, 0x10C90, 0x10CD0], 0),
    (0x10CD1, [0x10CD1, 0x10C91, 0x10C91, 0x10CD1], 0),
    (0x10CD2, [0x10CD2, 0x10C92, 0x10C92, 0x10CD2], 0),
    (0x10CD3, [0x10CD3, 0x10C93, 0x10C93, 0x10CD3], 0),
    (0x10CD4, [0x10CD4, 0x10C94, 0x10C94, 0x10CD4], 0),
    (0x10CD5, [0x10CD5, 0x10C95, 0x10C95, 0x10CD5], 0),
    (0x10CD6, [0x10CD6, 0x10C96, 0x10C96, 0x10CD6], 0),
    (0x10CD7, [0x10CD7, 0x10C97, 0x10C97, 0x10CD7], 0),
    (0x10CD8, [0x10CD8, 0x10C98, 0x10C98, 0x10CD8], 0),
    (0x10CD9, [0x10CD9, 0x10C99, 0x10C99, 0x10CD9], 0),
    (0x10CDA, [0x10CDA, 0x10C9A, 0x10C9A, 0x10CDA], 0),
    (0x10CDB, [0x10CDB, 0x10C9B, 0x10C9B, 0x10CDB], 0),
    (0x10CDC, [0x10CDC, 0x10C9C, 0x10C9C, 0x10CDC], 0),
    (0x10CDD, [0x10CDD, 0x10C9D, 0x10C9D, 0x10CDD], 0),
    (0x10CDE, [0x10CDE, 0x10C9E, 0x10C9E, 0x10CDE], 0),
    (0x10CDF, [0x10CDF, 0x10C9F, 0x10C9F, 0x10CDF], 0),
    (0x10CE0, [0x10CE0, 0x10CA0, 0x10CA0, 0x10CE0], 0),
    (0x10CE1, [0x10CE1, 0x10CA1, 0x10CA1, 0x10CE1], 0),
    (0x10CE2, [0x10CE2, 0x10CA2, 0x10CA2, 0x10CE2], 0),
    (0x10CE3, [0x10CE3, 0x10CA3, 0x10CA3, 0x10CE3], 0),
    (0x10CE4, [0x10CE4, 0x10CA4, 0x10CA4, 0x10CE4], 0),
    (0x10CE5, [0x10CE5, 0x10CA5, 0x10CA5, 0x10CE5], 0),
    (0x10CE6, [0x10CE6, 0x10CA6, 0x10CA6, 0x10CE6], 0),
    (0x10CE7, [0x10CE7, 0x10CA7, 0x10CA7, 0x10CE7], 0),
    (0x10CE8, [0x10CE8, 0x10CA8, 0x10CA8, 0x10CE8], 0),
    (0x10CE9, [0x10CE9, 0x10CA9, 0x10CA9, 0x10CE9], 0),
    (0x10CEA, [0x10CEA, 0x10CAA, 0x10CAA, 0x10CEA], 0),
    (0x10CEB, [0x10CEB, 0x10CAB, 0x10CAB, 0x10CEB], 0),
    (0x10CEC, [0x10CEC, 0x10CAC, 0x10CAC, 0x10CEC], 0),
    (0x10CED, [0x10CED, 0x10CAD, 0x10CAD, 0x10CED], 0),
    (0x10CEE, [0x10CEE, 0x10CAE, 0x10CAE, 0x10CEE], 0),
    (0x10CEF, [0x10CEF, 0x10CAF, 0x10CAF, 0x10CEF], 0),
    (0x10CF0, [0x10CF0, 0x10CB0, 0x10CB0, 0x10CF0], 0),
    (0x10CF1, [0x10CF1, 0x10CB1, 0x10CB1, 0x10CF1], 0),
    (0x10CF2, [0x10CF2, 0x10CB2, 0x10CB2, 0x10CF2], 0),
    (0x10D50, [0x10D70, 0x10D50, 0x10D50, 0x10D70], 0),
    (0x10D51, [0x10D71, 0x10D51, 0x10D51, 0x10D71], 0),
    (0x10D52, [0x10D72, 0x10D52, 0x10D52, 0x10D72], 0),
    (0x10D53, [0x10D73, 0x10D53, 0x10D53, 0x10D73], 0),
    (0x10D54, [0x10D74, 0x10D54, 0x10D54, 0x10D74], 0),
    (0x10D55, [0x10D75, 0x10D55, 0x10D55, 0x10D75], 0),
    (0x10D56, [0x10D76, 0x10D56, 0x10D56, 0x10D76], 0),
    (0x10D57, [0x10D77, 0x10D57, 0x10D57, 0x10D77], 0),
    (0x10D58, [0x10D78, 0x10D58, 0x10D58, 0x10D78], 0),
    (0x10D59, [0x10D79, 0x10D59, 0x10D59, 0x10D79], 0),
    (0x10D5A, [0x10D7A, 0x10D5A, 0x10D5A, 0x10D7A], 0),
    (0x10D5B, [0x10D7B, 0x10D5B, 0x10D5B, 0x10D7B], 0),
    (0x10D5C, [0x10D7C, 0x10D5C, 0x10D5C, 0x10D7C], 0),
    (0x10D5D, [0x10D7D, 0x10D5D, 0x10D5D, 0x10D7D], 0),
    (0x10D5E, [0x10D7E, 0x10D5E, 0x10D5E, 0x10D7E], 0),
    (0x10D5F, [0x10D7F, 0x10D5F, 0x10D5F, 0x10D7F], 0),
    (0x10D60, [0x10D80, 0x10D60, 0x10D60, 0x10D80], 0),
    (0x10D61, [0x10D81, 0x10D61, 0x10D61, 0x10D81], 0),
    (0x10D62, [0x10D82, 0x10D62, 0x10D62, 0x10D82], 0),
    (0x10D63, [0x10D83, 0x10D63, 0x10D63, 0x10D83], 0),
    (0x10D64, [0x10D84, 0x10D64, 0x10D64, 0x10D84], 0),
    (0x10D65, [0x10D85, 0x10D65, 0x10D65, 0x10D85], 0),
    (0x10D70, [0x10D70, 0x10D50, 0x10D50, 0x10D70], 0),
    (0x10D71, [0x10D71, 0x10D51, 0x10D51, 0x10D71], 0),
    (0x10D72, [0x10D72, 0x10D52, 0x10D52, 0x10D72], 0),
    (0x10D73, [0x10D73, 0x10D53, 0x10D53, 0x10D73], 0),
    (0x10D74, [0x10D74, 0x10D54, 0x10D54, 0x10D74], 0),
    (0x10D75, [0x10D75, 0x10D55, 0x10D55, 0x10D75], 0),
    (0x10D76, [0x10D76, 0x10D56, 0x10D56, 0x10D76], 0),
    (0x10D77, [0x10D77, 0x10D57, 0x10D57, 0x10D77], 0),
    (0x10D78, [0x10D78, 0x10D58, 0x10D58, 0x10D78], 0),
    (0x10D79, [0x10D79, 0x10D59, 0x10D59, 0x10D79], 0),
    (0x10D7A, [0x10D7A, 0x10D5A, 0x10D5A, 0x10D7A], 0),
    (0x10D7B, [0x10D7B, 0x10D5B, 0x10D5B, 0x10D7B], 0),
    (0x10D7C, [0x10D7C, 0x10D5C, 0x10D5C, 0x10D7C], 0),
    (0x10D7D, [0x10D7D, 0x10D5D, 0x10D5D, 0x10D7D], 0),
    (0x10D7E, [0x10D7E, 0x10D5E, 0x10D5E, 0x10D7E], 0),
    (0x10D7F, [0x10D7F, 0x10D5F, 0x10D5F, 0x10D7F], 0),
    (0x10D80, [0x10D80, 0x10D60, 0x10D60, 0x10D80], 0),
    (0x10D81, [0x10D81, 0x10D61, 0x10D61, 0x10D81], 0),
    (0x10D82, [0x10D82, 0x10D62, 0x10D62, 0x10D82], 0),
    (0x10D83, [0x10D83, 0x10D63, 0x10D63, 0x10D83], 0),
    (0x10D84, [0x10D84, 0x10D64, 0x10D64, 0x10D84], 0),
    (0x10D85, [0x10D85, 0x10D65, 0x10D65, 0x10D85], 0),
    (0x118A0, [0x118C0, 0x118A0, 0x118A0, 0x118C0], 0),
    (0x118A1, [0x118C1, 0x118A1, 0x118A1, 0x118C1], 0),
    (0x118A2, [0x118C2, 0x118A2, 0x118A2, 0x118C2], 0),
    (0x118A3, [0x118C3, 0x118A3, 0x118A3, 0x118C3], 0),
    (0x118A4, [0x118C4, 0x118A4, 0x118A4, 0x118C4], 0),
    (0x118A5, [0x118C5, 0x118A5, 0x118A5, 0x118C5], 0),
    (0x118A6, [0x118C6, 0x118A6, 0x118A6, 0x118C6], 0),
    (0x118A7, [0x118C7, 0x118A7, 0x118A7, 0x118C7], 0),
    (0x118A8, [0x118C8, 0x118A8, 0x118A8, 0x118C8], 0),
    (0x118A9, [0x118C9, 0x118A9, 0x118A9, 0x118C9], 0),
    (0x118AA, [0x118CA, 0x118AA, 0x118AA, 0x118CA], 0),
    (0x118AB, [0x118CB, 0x118AB, 0x118AB, 0x118CB], 0),
    (0x118AC, [0x118CC, 0x118AC, 0x118AC, 0x118CC], 0),
    (0x118AD, [0x118CD, 0x118AD, 0x118AD, 0x118CD], 0),
    (0x118AE, [0x118CE, 0x118AE, 0x118AE, 0x118CE], 0),
    (0x118AF, [0x118CF, 0x118AF, 0x118AF, 0x118CF], 0),
    (0x118B0, [0x118D0, 0x118B0, 0x118B0, 0x118D0], 0),
    (0x118B1, [0x118D1, 0x118B1, 0x118B1, 0x118D1], 0),
    (0x118B2, [0x118D2, 0x118B2, 0x118B2, 0x118D2], 0),
    (0x118B3, [0x118D3, 0x118B3, 0x118B3, 0x118D3], 0),
    (0x118B4, [0x118D4, 0x118B4, 0x118B4, 0x118D4], 0),
    (0x118B5, [0x118D5, 0x118B5, 0x118B5, 0x118D5], 0),
    (0x118B6, [0x118D6, 0x118B6, 0x118B6, 0x118D6], 0),
    (0x118B7, [0x118D7, 0x118B7, 0x118B7, 0x118D7], 0),
    (0x118B8, [0x118D8, 0x118B8, 0x118B8, 0x118D8], 0),
    (0x118B9, [0x118D9, 0x118B9, 0x118B9, 0x118D9], 0),
    (0x118BA, [0x118DA, 0x118BA, 0x118BA, 0x118DA], 0),
    (0x118BB, [0x118DB, 0x118BB, 0x118BB, 0x118DB], 0),
    (0x118BC, [0x118DC, 0x118BC, 0x118BC, 0x118DC], 0),
    (0x118BD, [0x118DD, 0x118BD, 0x118BD, 0x118DD], 0),
    (0x118BE, [0x118DE, 0x118BE, 0x118BE, 0x118DE], 0),
    (0x118BF, [0x118DF, 0x118BF, 0x118BF, 0x118DF], 0),
    (0x118C0, [0x118C0, 0x118A0, 0x118A0, 0x118C0], 0),
    (0x118C1, [0x118C1, 0x118A1, 0x118A1, 0x118C1], 0),
    (0x118C2, [0x118C2, 0x118A2, 0x118A2, 0x118C2], 0),
    (0x118C3, [0x118C3, 0x118A3, 0x118A3, 0x118C3], 0),
    (0x118C4, [0x118C4, 0x118A4, 0x118A4, 0x118C4], 0),
    (0x118C5, [0x118C5, 0x118A5, 0x118A5, 0x118C5], 0),
    (0x118C6, [0x118C6, 0x118A6, 0x118A6, 0x118C6], 0),
    (0x118C7, [0x118C7, 0x118A7, 0x118A7, 0x118C7], 0),
    (0x118C8, [0x118C8, 0x118A8, 0x118A8, 0x118C8], 0),
    (0x118C9, [0x118C9, 0x118A9, 0x118A9, 0x118C9], 0),
    (0x118CA, [0x118CA, 0x118AA, 0x118AA, 0x118CA], 0),
    (0x118CB, [0x118CB, 0x118AB, 0x118AB, 0x118CB], 0),
    (0x118CC, [0x118CC, 0x118AC, 0x118AC, 0x118CC], 0),
    (0x118CD, [0x118CD, 0x118AD, 0x118AD, 0x118CD], 0),
    (0x118CE, [0x118CE, 0x118AE, 0x118AE, 0x118CE], 0),
    (0x118CF, [0x118CF, 0x118AF, 0x118AF, 0x118CF], 0),
    (0x118D0, [0x118D0, 0x118B0, 0x118B0, 0x118D0], 0),
    (0x118D1, [0x118D1, 0x118B1, 0x118B1, 0x118D1], 0),
    (0x118D2, [0x118D2, 0x118B2, 0x118B2, 0x118D2], 0),
    (0x118D3, [0x118D3, 0x118B3, 0x118B3, 0x118D3], 0),
    (0x118D4, [0x118D4, 0x118B4, 0x118B4, 0x118D4], 0),
    (0x118D5, [0x118D5, 0x118B5, 0x118B5, 0x118D5], 0),
    (0x118D6, [0x118D6, 0x118B6, 0x118B6, 0x118D6], 0),
    (0x118D7, [0x118D7, 0x118B7, 0x118B7, 0x118D7], 0),
    (0x118D8, [0x118D8, 0x118B8, 0x118B8, 0x118D8], 0),
    (0x118D9, [0x118D9, 0x118B9, 0x118B9, 0x118D9], 0),
    (0x118DA, [0x118DA, 0x118BA, 0x118BA, 0x118DA], 0),
    (0x118DB, [0x118DB, 0x118BB, 0x118BB, 0x118DB], 0),
    (0x118DC, [0x118DC, 0x118BC, 0x118BC, 0x118DC], 0),
    (0x118DD, [0x118DD, 0x118BD, 0x118BD, 0x118DD], 0),
    (0x118DE, [0x118DE, 0x118BE, 0x118BE, 0x118DE], 0),
    (0x118DF, [0x118DF, 0x118BF, 0x118BF, 0x118DF], 0),
    (0x16E40, [0x16E60, 0x16E40, 0x16E40, 0x16E60], 0),
    (0x16E41, [0x16E61, 0x16E41, 0x16E41, 0x16E61], 0),
    (0x16E42, [0x16E62, 0x16E42, 0x16E42, 0x16E62], 0),
    (0x16E43, [0x16E63, 0x16E43, 0x16E43, 0x16E63], 0),
    (0x16E44, [0x16E64, 0x16E44, 0x16E44, 0x16E64], 0),
    (0x16E45, [0x16E65, 0x16E45, 0x16E45, 0x16E65], 0),
    (0x16E46, [0x16E66, 0x16E46, 0x16E46, 0x16E66], 0),
    (0x16E47, [0x16E67, 0x16E47, 0x16E47, 0x16E67], 0),
    (0x16E48, [0x16E68, 0x16E48, 0x16E48, 0x16E68], 0),
    (0x16E49, [0x16E69, 0x16E49, 0x16E49, 0x16E69], 0),
    (0x16E4A, [0x16E6A, 0x16E4A, 0x16E4A, 0x16E6A], 0),
    (0x16E4B, [0x16E6B, 0x16E4B, 0x16E4B, 0x16E6B], 0),
    (0x16E4C, [0x16E6C, 0x16E4C, 0x16E4C, 0x16E6C], 0),
    (0x16E4D, [0x16E6D, 0x16E4D, 0x16E4D, 0x16E6D], 0),
    (0x16E4E, [0x16E6E, 0x16E4E, 0x16E4E, 0x16E6E], 0),
    (0x16E4F, [0x16E6F, 0x16E4F, 0x16E4F, 0x16E6F], 0),
    (0x16E50, [0x16E70, 0x16E50, 0x16E50, 0x16E70], 0),
    (0x16E51, [0x16E71, 0x16E51, 0x16E51, 0x16E71], 0),
    (0x16E52, [0x16E72, 0x16E52, 0x16E52, 0x16E72], 0),
    (0x16E53, [0x16E73, 0x16E53, 0x16E53, 0x16E73], 0),
    (0x16E54, [0x16E74, 0x16E54, 0x16E54, 0x16E74], 0),
    (0x16E55, [0x16E75, 0x16E55, 0x16E55, 0x16E75], 0),
    (0x16E56, [0x16E76, 0x16E56, 0x16E56, 0x16E76], 0),
    (0x16E57, [0x16E77, 0x16E57, 0x16E57, 0x16E77], 0),
    (0x16E58, [0x16E78, 0x16E58, 0x16E58, 0x16E78], 0),
    (0x16E59, [0x16E79, 0x16E59, 0x16E59, 0x16E79], 0),
    (0x16E5A, [0x16E7A, 0x16E5A, 0x16E5A, 0x16E7A], 0),
    (0x16E5B, [0x16E7B, 0x16E5B, 0x16E5B, 0x16E7B], 0),
    (0x16E5C, [0x16E7C, 0x16E5C, 0x16E5C, 0x16E7C], 0),
    (0x16E5D, [0x16E7D, 0x16E5D, 0x16E5D, 0x16E7D], 0),
    (0x16E5E, [0x16E7E, 0x16E5E, 0x16E5E, 0x16E7E], 0),
    (0x16E5F, [0x16E7F, 0x16E5F, 0x16E5F, 0x16E7F], 0),
    (0x16E60, [0x16E60, 0x16E40, 0x16E40, 0x16E60], 0),
    (0x16E61, [0x16E61, 0x16E41, 0x16E41, 0x16E61], 0),
    (0x16E62, [0x16E62, 0x16E42, 0x16E42, 0x16E62], 0),
    (0x16E63, [0x16E63, 0x16E43, 0x16E43, 0x16E63], 0),
    (0x16E64, [0x16E64, 0x16E44, 0x16E44, 0x16E64], 0),
    (0x16E65, [0x16E65, 0x16E45, 0x16E45, 0x16E65], 0),
    (0x16E66, [0x16E66, 0x16E46, 0x16E46, 0x16E66], 0),
    (0x16E67, [0x16E67, 0x16E47, 0x16E47, 0x16E67], 0),
    (0x16E68, [0x16E68, 0x16E48, 0x16E48, 0x16E68], 0),
    (0x16E69, [0x16E69, 0x16E49, 0x16E49, 0x16E69], 0),
    (0x16E6A, [0x16E6A, 0x16E4A, 0x16E4A, 0x16E6A], 0),
    (0x16E6B, [0x16E6B, 0x16E4B, 0x16E4B, 0x16E6B], 0),
    (0x16E6C, [0x16E6C, 0x16E4C, 0x16E4C, 0x16E6C], 0),
    (0x16E6D, [0x16E6D, 0x16E4D, 0x16E4D, 0x16E6D], 0),
    (0x16E6E, [0x16E6E, 0x16E4E, 0x16E4E, 0x16E6E], 0),
    (0x16E6F, [0x16E6F, 0x16E4F, 0x16E4F, 0x16E6F], 0),
    (0x16E70, [0x16E70, 0x16E50, 0x16E50, 0x16E70], 0),
    (0x16E71, [0x16E71, 0x16E51, 0x16E51, 0x16E71], 0),
    (0x16E72, [0x16E72, 0x16E52, 0x16E52, 0x16E72], 0),
    (0x16E73, [0x16E73, 0x16E53, 0x16E53, 0x16E73], 0),
    (0x16E74, [0x16E74, 0x16E54, 0x16E54, 0x16E74], 0),
    (0x16E75, [0x16E75, 0x16E55, 0x16E55, 0x16E75], 0),
    (0x16E76, [0x16E76, 0x16E56, 0x16E56, 0x16E76], 0),
    (0x16E77, [0x16E77, 0x16E57, 0x16E57, 0x16E77], 0),
    (0x16E78, [0x16E78, 0x16E58, 0x16E58, 0x16E78], 0),
    (0x16E79, [0x16E79, 0x16E59, 0x16E59, 0x16E79], 0),
    (0x16E7A, [0x16E7A, 0x16E5A, 0x16E5A, 0x16E7A], 0),
    (0x16E7B, [0x16E7B, 0x16E5B, 0x16E5B, 0x16E7B], 0),
    (0x16E7C, [0x16E7C, 0x16E5C, 0x16E5C, 0x16E7C], 0),
    (0x16E7D, [0x16E7D, 0x16E5D, 0x16E5D, 0x16E7D], 0),
    (0x16E7E, [0x16E7E, 0x16E5E, 0x16E5E, 0x16E7E], 0),
    (0x16E7F, [0x16E7F, 0x16E5F, 0x16E5F, 0x16E7F], 0),
    (0x16EA0, [0x16EBB, 0x16EA0, 0x16EA0, 0x16EBB], 0),
    (0x16EA1, [0x16EBC, 0x16EA1, 0x16EA1, 0x16EBC], 0),
    (0x16EA2, [0x16EBD, 0x16EA2, 0x16EA2, 0x16EBD], 0),
    (0x16EA3, [0x16EBE, 0x16EA3, 0x16EA3, 0x16EBE], 0),
    (0x16EA4, [0x16EBF, 0x16EA4, 0x16EA4, 0x16EBF], 0),
    (0x16EA5, [0x16EC0, 0x16EA5, 0x16EA5, 0x16EC0], 0),
    (0x16EA6, [0x16EC1, 0x16EA6, 0x16EA6, 0x16EC1], 0),
    (0x16EA7, [0x16EC2, 0x16EA7, 0x16EA7, 0x16EC2], 0),
    (0x16EA8, [0x16EC3, 0x16EA8, 0x16EA8, 0x16EC3], 0),
    (0x16EA9, [0x16EC4, 0x16EA9, 0x16EA9, 0x16EC4], 0),
    (0x16EAA, [0x16EC5, 0x16EAA, 0x16EAA, 0x16EC5], 0),
    (0x16EAB, [0x16EC6, 0x16EAB, 0x16EAB, 0x16EC6], 0),
    (0x16EAC, [0x16EC7, 0x16EAC, 0x16EAC, 0x16EC7], 0),
    (0x16EAD, [0x16EC8, 0x16EAD, 0x16EAD, 0x16EC8], 0),
    (0x16EAE, [0x16EC9, 0x16EAE, 0x16EAE, 0x16EC9], 0),
    (0x16EAF, [0x16ECA, 0x16EAF, 0x16EAF, 0x16ECA], 0),
    (0x16EB0, [0x16ECB, 0x16EB0, 0x16EB0, 0x16ECB], 0),
    (0x16EB1, [0x16ECC, 0x16EB1, 0x16EB1, 0x16ECC], 0),
    (0x16EB2, [0x16ECD, 0x16EB2, 0x16EB2, 0x16ECD], 0),
    (0x16EB3, [0x16ECE, 0x16EB3, 0x16EB3, 0x16ECE], 0),
    (0x16EB4, [0x16ECF, 0x16EB4, 0x16EB4, 0x16ECF], 0),
    (0x16EB5, [0x16ED0, 0x16EB5, 0x16EB5, 0x16ED0], 0),
    (0x16EB6, [0x16ED1, 0x16EB6, 0x16EB6, 0x16ED1], 0),
    (0x16EB7, [0x16ED2, 0x16EB7, 0x16EB7, 0x16ED2], 0),
    (0x16EB8, [0x16ED3, 0x16EB8, 0x16EB8, 0x16ED3], 0),
    (0x16EBB, [0x16EBB, 0x16EA0, 0x16EA0, 0x16EBB], 0),
    (0x16EBC, [0x16EBC, 0x16EA1, 0x16EA1, 0x16EBC], 0),
    (0x16EBD, [0x16EBD, 0x16EA2, 0x16EA2, 0x16EBD], 0),
    (0x16EBE, [0x16EBE, 0x16EA3, 0x16EA3, 0x16EBE], 0),
    (0x16EBF, [0x16EBF, 0x16EA4, 0x16EA4, 0x16EBF], 0),
    (0x16EC0, [0x16EC0, 0x16EA5, 0x16EA5, 0x16EC0], 0),
    (0x16EC1, [0x16EC1, 0x16EA6, 0x16EA6, 0x16EC1], 0),
    (0x16EC2, [0x16EC2, 0x16EA7, 0x16EA7, 0x16EC2], 0),
    (0x16EC3, [0x16EC3, 0x16EA8, 0x16EA8, 0x16EC3], 0),
    (0x16EC4, [0x16EC4, 0x16EA9, 0x16EA9, 0x16EC4], 0),
    (0x16EC5, [0x16EC5, 0x16EAA, 0x16EAA, 0x16EC5], 0),
    (0x16EC6, [0x16EC6, 0x16EAB, 0x16EAB, 0x16EC6], 0),
    (0x16EC7, [0x16EC7, 0x16EAC, 0x16EAC, 0x16EC7], 0),
    (0x16EC8, [0x16EC8, 0x16EAD, 0x16EAD, 0x16EC8], 0),
    (0x16EC9, [0x16EC9, 0x16EAE, 0x16EAE, 0x16EC9], 0),
    (0x16ECA, [0x16ECA, 0x16EAF, 0x16EAF, 0x16ECA], 0),
    (0x16ECB, [0x16ECB, 0x16EB0, 0x16EB0, 0x16ECB], 0),
    (0x16ECC, [0x16ECC, 0x16EB1, 0x16EB1, 0x16ECC], 0),
    (0x16ECD, [0x16ECD, 0x16EB2, 0x16EB2, 0x16ECD], 0),
    (0x16ECE, [0x16ECE, 0x16EB3, 0x16EB3, 0x16ECE], 0),
    (0x16ECF, [0x16ECF, 0x16EB4, 0x16EB4, 0x16ECF], 0),
    (0x16ED0, [0x16ED0, 0x16EB5, 0x16EB5, 0x16ED0], 0),
    (0x16ED1, [0x16ED1, 0x16EB6, 0x16EB6, 0x16ED1], 0),
    (0x16ED2, [0x16ED2, 0x16EB7, 0x16EB7, 0x16ED2], 0),
    (0x16ED3, [0x16ED3, 0x16EB8, 0x16EB8, 0x16ED3], 0),
    (0x1E900, [0x1E922, 0x1E900, 0x1E900, 0x1E922], 0),
    (0x1E901, [0x1E923, 0x1E901, 0x1E901, 0x1E923], 0),
    (0x1E902, [0x1E924, 0x1E902, 0x1E902, 0x1E924], 0),
    (0x1E903, [0x1E925, 0x1E903, 0x1E903, 0x1E925], 0),
    (0x1E904, [0x1E926, 0x1E904, 0x1E904, 0x1E926], 0),
    (0x1E905, [0x1E927, 0x1E905, 0x1E905, 0x1E927], 0),
    (0x1E906, [0x1E928, 0x1E906, 0x1E906, 0x1E928], 0),
    (0x1E907, [0x1E929, 0x1E907, 0x1E907, 0x1E929], 0),
    (0x1E908, [0x1E92A, 0x1E908, 0x1E908, 0x1E92A], 0),
    (0x1E909, [0x1E92B, 0x1E909, 0x1E909, 0x1E92B], 0),
    (0x1E90A, [0x1E92C, 0x1E90A, 0x1E90A, 0x1E92C], 0),
    (0x1E90B, [0x1E92D, 0x1E90B, 0x1E90B, 0x1E92D], 0),
    (0x1E90C, [0x1E92E, 0x1E90C, 0x1E90C, 0x1E92E], 0),
    (0x1E90D, [0x1E92F, 0x1E90D, 0x1E90D, 0x1E92F], 0),
    (0x1E90E, [0x1E930, 0x1E90E, 0x1E90E, 0x1E930], 0),
    (0x1E90F, [0x1E931, 0x1E90F, 0x1E90F, 0x1E931], 0),
    (0x1E910, [0x1E932, 0x1E910, 0x1E910, 0x1E932], 0),
    (0x1E911, [0x1E933, 0x1E911, 0x1E911, 0x1E933], 0),
    (0x1E912, [0x1E934, 0x1E912, 0x1E912, 0x1E934], 0),
    (0x1E913, [0x1E935, 0x1E913, 0x1E913, 0x1E935], 0),
    (0x1E914, [0x1E936, 0x1E914, 0x1E914, 0x1E936], 0),
    (0x1E915, [0x1E937, 0x1E915, 0x1E915, 0x1E937], 0),
    (0x1E916, [0x1E938, 0x1E916, 0x1E916, 0x1E938], 0),
    (0x1E917, [0x1E939, 0x1E917, 0x1E917, 0x1E939], 0),
    (0x1E918, [0x1E93A, 0x1E918, 0x1E918, 0x1E93A], 0),
    (0x1E919, [0x1E93B, 0x1E919, 0x1E919, 0x1E93B], 0),
    (0x1E91A, [0x1E93C, 0x1E91A, 0x1E91A, 0x1E93C], 0),
    (0x1E91B, [0x1E93D, 0x1E91B, 0x1E91B, 0x1E93D], 0),
    (0x1E91C, [0x1E93E, 0x1E91C, 0x1E91C, 0x1E93E], 0),
    (0x1E91D, [0x1E93F, 0x1E91D, 0x1E91D, 0x1E93F], 0),
    (0x1E91E, [0x1E940, 0x1E91E, 0x1E91E, 0x1E940], 0),
    (0x1E91F, [0x1E941, 0x1E91F, 0x1E91F, 0x1E941], 0),
    (0x1E920, [0x1E942, 0x1E920, 0x1E920, 0x1E942], 0),
    (0x1E921, [0x1E943, 0x1E921, 0x1E921, 0x1E943], 0),
    (0x1E922, [0x1E922, 0x1E900, 0x1E900, 0x1E922], 0),
    (0x1E923, [0x1E923, 0x1E901, 0x1E901, 0x1E923], 0),
    (0x1E924, [0x1E924, 0x1E902, 0x1E902, 0x1E924], 0),
    (0x1E925, [0x1E925, 0x1E903, 0x1E903, 0x1E925], 0),
    (0x1E926, [0x1E926, 0x1E904, 0x1E904, 0x1E926], 0),
    (0x1E927, [0x1E927, 0x1E905, 0x1E905, 0x1E927], 0),
    (0x1E928, [0x1E928, 0x1E906, 0x1E906, 0x1E928], 0),
    (0x1E929, [0x1E929, 0x1E907, 0x1E907, 0x1E929], 0),
    (0x1E92A, [0x1E92A, 0x1E908, 0x1E908, 0x1E92A], 0),
    (0x1E92B, [0x1E92B, 0x1E909, 0x1E909, 0x1E92B], 0),
    (0x1E92C, [0x1E92C, 0x1E90A, 0x1E90A, 0x1E92C], 0),
    (0x1E92D, [0x1E92D, 0x1E90B, 0x1E90B, 0x1E92D], 0),
    (0x1E92E, [0x1E92E, 0x1E90C, 0x1E90C, 0x1E92E], 0),
    (0x1E92F, [0x1E92F, 0x1E90D, 0x1E90D, 0x1E92F], 0),
    (0x1E930, [0x1E930, 0x1E90E, 0x1E90E, 0x1E930], 0),
    (0x1E931, [0x1E931, 0x1E90F, 0x1E90F, 0x1E931], 0),
    (0x1E932, [0x1E932, 0x1E910, 0x1E910, 0x1E932], 0),
    (0x1E933, [0x1E933, 0x1E911, 0x1E911, 0x1E933], 0),
    (0x1E934, [0x1E934, 0x1E912, 0x1E912, 0x1E934], 0),
    (0x1E935, [0x1E935, 0x1E913, 0x1E913, 0x1E935], 0),
    (0x1E936, [0x1E936, 0x1E914, 0x1E914, 0x1E936], 0),
    (0x1E937, [0x1E937, 0x1E915, 0x1E915, 0x1E937], 0),
    (0x1E938, [0x1E938, 0x1E916, 0x1E916, 0x1E938], 0),
    (0x1E939, [0x1E939, 0x1E917, 0x1E917, 0x1E939], 0),
    (0x1E93A, [0x1E93A, 0x1E918, 0x1E918, 0x1E93A], 0),
    (0x1E93B, [0x1E93B, 0x1E919, 0x1E919, 0x1E93B], 0),
    (0x1E93C, [0x1E93C, 0x1E91A, 0x1E91A, 0x1E93C], 0),
    (0x1E93D, [0x1E93D, 0x1E91B, 0x1E91B, 0x1E93D], 0),
    (0x1E93E, [0x1E93E, 0x1E91C, 0x1E91C, 0x1E93E], 0),
    (0x1E93F, [0x1E93F, 0x1E91D, 0x1E91D, 0x1E93F], 0),
    (0x1E940, [0x1E940, 0x1E91E, 0x1E91E, 0x1E940], 0),
    (0x1E941, [0x1E941, 0x1E91F, 0x1E91F, 0x1E941], 0),
    (0x1E942, [0x1E942, 0x1E920, 0x1E920, 0x1E942], 0),
    (0x1E943, [0x1E943, 0x1E921, 0x1E921, 0x1E943], 0),
];

#[rustfmt::skip]
pub(super) static SPECIALS: [(u8, [[u32; 3]; 4]); 106] = [
   
    (0, [[0x00000, 0x00000, 0x00000], [0x00000, 0x00000, 0x00000], [0x00000, 0x00000, 0x00000], [0x00000, 0x00000, 0x00000]]),
    (0, [[0x000DF, 0x00000, 0x00000], [0x00053, 0x00073, 0x00000], [0x00053, 0x00053, 0x00000], [0x00073, 0x00073, 0x00000]]),
    (0, [[0x00069, 0x00307, 0x00000], [0x00130, 0x00000, 0x00000], [0x00130, 0x00000, 0x00000], [0x00069, 0x00307, 0x00000]]),
    (0, [[0x00149, 0x00000, 0x00000], [0x002BC, 0x0004E, 0x00000], [0x002BC, 0x0004E, 0x00000], [0x002BC, 0x0006E, 0x00000]]),
    (0, [[0x001F0, 0x00000, 0x00000], [0x0004A, 0x0030C, 0x00000], [0x0004A, 0x0030C, 0x00000], [0x0006A, 0x0030C, 0x00000]]),
    (0, [[0x00390, 0x00000, 0x00000], [0x00399, 0x00308, 0x00301], [0x00399, 0x00308, 0x00301], [0x003B9, 0x00308, 0x00301]]),
    (1, [[0x003C2, 0x00000, 0x00000], [0x003A3, 0x00000, 0x00000], [0x003A3, 0x00000, 0x00000], [0x003C3, 0x00000, 0x00000]]),
    (0, [[0x003B0, 0x00000, 0x00000], [0x003A5, 0x00308, 0x00301], [0x003A5, 0x00308, 0x00301], [0x003C5, 0x00308, 0x00301]]),
    (0, [[0x00587, 0x00000, 0x00000], [0x00535, 0x00582, 0x00000], [0x00535, 0x00552, 0x00000], [0x00565, 0x00582, 0x00000]]),
    (0, [[0x01E96, 0x00000, 0x00000], [0x00048, 0x00331, 0x00000], [0x00048, 0x00331, 0x00000], [0x00068, 0x00331, 0x00000]]),
    (0, [[0x01E97, 0x00000, 0x00000], [0x00054, 0x00308, 0x00000], [0x00054, 0x00308, 0x00000], [0x00074, 0x00308, 0x00000]]),
    (0, [[0x01E98, 0x00000, 0x00000], [0x00057, 0x0030A, 0x00000], [0x00057, 0x0030A, 0x00000], [0x00077, 0x0030A, 0x00000]]),
    (0, [[0x01E99, 0x00000, 0x00000], [0x00059, 0x0030A, 0x00000], [0x00059, 0x0030A, 0x00000], [0x00079, 0x0030A, 0x00000]]),
    (0, [[0x01E9A, 0x00000, 0x00000], [0x00041, 0x002BE, 0x00000], [0x00041, 0x002BE, 0x00000], [0x00061, 0x002BE, 0x00000]]),
    (0, [[0x000DF, 0x00000, 0x00000], [0x01E9E, 0x00000, 0x00000], [0x01E9E, 0x00000, 0x00000], [0x00073, 0x00073, 0x00000]]),
    (0, [[0x01F50, 0x00000, 0x00000], [0x003A5, 0x00313, 0x00000], [0x003A5, 0x00313, 0x00000], [0x003C5, 0x00313, 0x00000]]),
    (0, [[0x01F52, 0x00000, 0x00000], [0x003A5, 0x00313, 0x00300], [0x003A5, 0x00313, 0x00300], [0x003C5, 0x00313, 0x00300]]),
    (0, [[0x01F54, 0x00000, 0x00000], [0x003A5, 0x00313, 0x00301], [0x003A5, 0x00313, 0x00301], [0x003C5, 0x00313, 0x00301]]),
    (0, [[0x01F56, 0x00000, 0x00000], [0x003A5, 0x00313, 0x00342], [0x003A5, 0x00313, 0x00342], [0x003C5, 0x00313, 0x00342]]),
    (0, [[0x01F80, 0x00000, 0x00000], [0x01F88, 0x00000, 0x00000], [0x01F08, 0x00399, 0x00000], [0x01F00, 0x003B9, 0x00000]]),
    (0, [[0x01F81, 0x00000, 0x00000], [0x01F89, 0x00000, 0x00000], [0x01F09, 0x00399, 0x00000], [0x01F01, 0x003B9, 0x00000]]),
    (0, [[0x01F82, 0x00000, 0x00000], [0x01F8A, 0x00000, 0x00000], [0x01F0A, 0x00399, 0x00000], [0x01F02, 0x003B9, 0x00000]]),
    (0, [[0x01F83, 0x00000, 0x00000], [0x01F8B, 0x00000, 0x00000], [0x01F0B, 0x00399, 0x00000], [0x01F03, 0x003B9, 0x00000]]),
    (0, [[0x01F84, 0x00000, 0x00000], [0x01F8C, 0x00000, 0x00000], [0x01F0C, 0x00399, 0x00000], [0x01F04, 0x003B9, 0x00000]]),
    (0, [[0x01F85, 0x00000, 0x00000], [0x01F8D, 0x00000, 0x00000], [0x01F0D, 0x00399, 0x00000], [0x01F05, 0x003B9, 0x00000]]),
    (0, [[0x01F86, 0x00000, 0x00000], [0x01F8E, 0x00000, 0x00000], [0x01F0E, 0x00399, 0x00000], [0x01F06, 0x003B9, 0x00000]]),
    (0, [[0x01F87, 0x00000, 0x00000], [0x01F8F, 0x00000, 0x00000], [0x01F0F, 0x00399, 0x00000], [0x01F07, 0x003B9, 0x00000]]),
    (0, [[0x01F80, 0x00000, 0x00000], [0x01F88, 0x00000, 0x00000], [0x01F08, 0x00399, 0x00000], [0x01F00, 0x003B9, 0x00000]]),
    (0, [[0x01F81, 0x00000, 0x00000], [0x01F89, 0x00000, 0x00000], [0x01F09, 0x00399, 0x00000], [0x01F01, 0x003B9, 0x00000]]),
    (0, [[0x01F82, 0x00000, 0x00000], [0x01F8A, 0x00000, 0x00000], [0x01F0A, 0x00399, 0x00000], [0x01F02, 0x003B9, 0x00000]]),
    (0, [[0x01F83, 0x00000, 0x00000], [0x01F8B, 0x00000, 0x00000], [0x01F0B, 0x00399, 0x00000], [0x01F03, 0x003B9, 0x00000]]),
    (0, [[0x01F84, 0x00000, 0x00000], [0x01F8C, 0x00000, 0x00000], [0x01F0C, 0x00399, 0x00000], [0x01F04, 0x003B9, 0x00000]]),
    (0, [[0x01F85, 0x00000, 0x00000], [0x01F8D, 0x00000, 0x00000], [0x01F0D, 0x00399, 0x00000], [0x01F05, 0x003B9, 0x00000]]),
    (0, [[0x01F86, 0x00000, 0x00000], [0x01F8E, 0x00000, 0x00000], [0x01F0E, 0x00399, 0x00000], [0x01F06, 0x003B9, 0x00000]]),
    (0, [[0x01F87, 0x00000, 0x00000], [0x01F8F, 0x00000, 0x00000], [0x01F0F, 0x00399, 0x00000], [0x01F07, 0x003B9, 0x00000]]),
    (0, [[0x01F90, 0x00000, 0x00000], [0x01F98, 0x00000, 0x00000], [0x01F28, 0x00399, 0x00000], [0x01F20, 0x003B9, 0x00000]]),
    (0, [[0x01F91, 0x00000, 0x00000], [0x01F99, 0x00000, 0x00000], [0x01F29, 0x00399, 0x00000], [0x01F21, 0x003B9, 0x00000]]),
    (0, [[0x01F92, 0x00000, 0x00000], [0x01F9A, 0x00000, 0x00000], [0x01F2A, 0x00399, 0x00000], [0x01F22, 0x003B9, 0x00000]]),
    (0, [[0x01F93, 0x00000, 0x00000], [0x01F9B, 0x00000, 0x00000], [0x01F2B, 0x00399, 0x00000], [0x01F23, 0x003B9, 0x00000]]),
    (0, [[0x01F94, 0x00000, 0x00000], [0x01F9C, 0x00000, 0x00000], [0x01F2C, 0x00399, 0x00000], [0x01F24, 0x003B9, 0x00000]]),
    (0, [[0x01F95, 0x00000, 0x00000], [0x01F9D, 0x00000, 0x00000], [0x01F2D, 0x00399, 0x00000], [0x01F25, 0x003B9, 0x00000]]),
    (0, [[0x01F96, 0x00000, 0x00000], [0x01F9E, 0x00000, 0x00000], [0x01F2E, 0x00399, 0x00000], [0x01F26, 0x003B9, 0x00000]]),
    (0, [[0x01F97, 0x00000, 0x00000], [0x01F9F, 0x00000, 0x00000], [0x01F2F, 0x00399, 0x00000], [0x01F27, 0x003B9, 0x00000]]),
    (0, [[0x01F90, 0x00000, 0x00000], [0x01F98, 0x00000, 0x00000], [0x01F28, 0x00399, 0x00000], [0x01F20, 0x003B9, 0x00000]]),
    (0, [[0x01F91, 0x00000, 0x00000], [0x01F99, 0x00000, 0x00000], [0x01F29, 0x00399, 0x00000], [0x01F21, 0x003B9, 0x00000]]),
    (0, [[0x01F92, 0x00000, 0x00000], [0x01F9A, 0x00000, 0x00000], [0x01F2A, 0x00399, 0x00000], [0x01F22, 0x003B9, 0x00000]]),
    (0, [[0x01F93, 0x00000, 0x00000], [0x01F9B, 0x00000, 0x00000], [0x01F2B, 0x00399, 0x00000], [0x01F23, 0x003B9, 0x00000]]),
    (0, [[0x01F94, 0x00000, 0x00000], [0x01F9C, 0x00000, 0x00000], [0x01F2C, 0x00399, 0x00000], [0x01F24, 0x003B9, 0x00000]]),
    (0, [[0x01F95, 0x00000, 0x00000], [0x01F9D, 0x00000, 0x00000], [0x01F2D, 0x00399, 0x00000], [0x01F25, 0x003B9, 0x00000]]),
    (0, [[0x01F96, 0x00000, 0x00000], [0x01F9E, 0x00000, 0x00000], [0x01F2E, 0x00399, 0x00000], [0x01F26, 0x003B9, 0x00000]]),
    (0, [[0x01F97, 0x00000, 0x00000], [0x01F9F, 0x00000, 0x00000], [0x01F2F, 0x00399, 0x00000], [0x01F27, 0x003B9, 0x00000]]),
    (0, [[0x01FA0, 0x00000, 0x00000], [0x01FA8, 0x00000, 0x00000], [0x01F68, 0x00399, 0x00000], [0x01F60, 0x003B9, 0x00000]]),
    (0, [[0x01FA1, 0x00000, 0x00000], [0x01FA9, 0x00000, 0x00000], [0x01F69, 0x00399, 0x00000], [0x01F61, 0x003B9, 0x00000]]),
    (0, [[0x01FA2, 0x00000, 0x00000], [0x01FAA, 0x00000, 0x00000], [0x01F6A, 0x00399, 0x00000], [0x01F62, 0x003B9, 0x00000]]),
    (0, [[0x01FA3, 0x00000, 0x00000], [0x01FAB, 0x00000, 0x00000], [0x01F6B, 0x00399, 0x00000], [0x01F63, 0x003B9, 0x00000]]),
    (0, [[0x01FA4, 0x00000, 0x00000], [0x01FAC, 0x00000, 0x00000], [0x01F6C, 0x00399, 0x00000], [0x01F64, 0x003B9, 0x00000]]),
    (0, [[0x01FA5, 0x00000, 0x00000], [0x01FAD, 0x00000, 0x00000], [0x01F6D, 0x00399, 0x00000], [0x01F65, 0x003B9, 0x00000]]),
    (0, [[0x01FA6, 0x00000, 0x00000], [0x01FAE, 0x00000, 0x00000], [0x01F6E, 0x00399, 0x00000], [0x01F66, 0x003B9, 0x00000]]),
    (0, [[0x01FA7, 0x00000, 0x00000], [0x01FAF, 0x00000, 0x00000], [0x01F6F, 0x00399, 0x00000], [0x01F67, 0x003B9, 0x00000]]),
    (0, [[0x01FA0, 0x00000, 0x00000], [0x01FA8, 0x00000, 0x00000], [0x01F68, 0x00399, 0x00000], [0x01F60, 0x003B9, 0x00000]]),
    (0, [[0x01FA1, 0x00000, 0x00000], [0x01FA9, 0x00000, 0x00000], [0x01F69, 0x00399, 0x00000], [0x01F61, 0x003B9, 0x00000]]),
    (0, [[0x01FA2, 0x00000, 0x00000], [0x01FAA, 0x00000, 0x00000], [0x01F6A, 0x00399, 0x00000], [0x01F62, 0x003B9, 0x00000]]),
    (0, [[0x01FA3, 0x00000, 0x00000], [0x01FAB, 0x00000, 0x00000], [0x01F6B, 0x00399, 0x00000], [0x01F63, 0x003B9, 0x00000]]),
    (0, [[0x01FA4, 0x00000, 0x00000], [0x01FAC, 0x00000, 0x00000], [0x01F6C, 0x00399, 0x00000], [0x01F64, 0x003B9, 0x00000]]),
    (0, [[0x01FA5, 0x00000, 0x00000], [0x01FAD, 0x00000, 0x00000], [0x01F6D, 0x00399, 0x00000], [0x01F65, 0x003B9, 0x00000]]),
    (0, [[0x01FA6, 0x00000, 0x00000], [0x01FAE, 0x00000, 0x00000], [0x01F6E, 0x00399, 0x00000], [0x01F66, 0x003B9, 0x00000]]),
    (0, [[0x01FA7, 0x00000, 0x00000], [0x01FAF, 0x00000, 0x00000], [0x01F6F, 0x00399, 0x00000], [0x01F67, 0x003B9, 0x00000]]),
    (0, [[0x01FB2, 0x00000, 0x00000], [0x01FBA, 0x00345, 0x00000], [0x01FBA, 0x00399, 0x00000], [0x01F70, 0x003B9, 0x00000]]),
    (0, [[0x01FB3, 0x00000, 0x00000], [0x01FBC, 0x00000, 0x00000], [0x00391, 0x00399, 0x00000], [0x003B1, 0x003B9, 0x00000]]),
    (0, [[0x01FB4, 0x00000, 0x00000], [0x00386, 0x00345, 0x00000], [0x00386, 0x00399, 0x00000], [0x003AC, 0x003B9, 0x00000]]),
    (0, [[0x01FB6, 0x00000, 0x00000], [0x00391, 0x00342, 0x00000], [0x00391, 0x00342, 0x00000], [0x003B1, 0x00342, 0x00000]]),
    (0, [[0x01FB7, 0x00000, 0x00000], [0x00391, 0x00342, 0x00345], [0x00391, 0x00342, 0x00399], [0x003B1, 0x00342, 0x003B9]]),
    (0, [[0x01FB3, 0x00000, 0x00000], [0x01FBC, 0x00000, 0x00000], [0x00391, 0x00399, 0x00000], [0x003B1, 0x003B9, 0x00000]]),
    (0, [[0x01FC2, 0x00000, 0x00000], [0x01FCA, 0x00345, 0x00000], [0x01FCA, 0x00399, 0x00000], [0x01F74, 0x003B9, 0x00000]]),
    (0, [[0x01FC3, 0x00000, 0x00000], [0x01FCC, 0x00000, 0x00000], [0x00397, 0x00399, 0x00000], [0x003B7, 0x003B9, 0x00000]]),
    (0, [[0x01FC4, 0x00000, 0x00000], [0x00389, 0x00345, 0x00000], [0x00389, 0x00399, 0x00000], [0x003AE, 0x003B9, 0x00000]]),
    (0, [[0x01FC6, 0x00000, 0x00000], [0x00397, 0x00342, 0x00000], [0x00397, 0x00342, 0x00000], [0x003B7, 0x00342, 0x00000]]),
    (0, [[0x01FC7, 0x00000, 0x00000], [0x00397, 0x00342, 0x00345], [0x00397, 0x00342, 0x00399], [0x003B7, 0x00342, 0x003B9]]),
    (0, [[0x01FC3, 0x00000, 0x00000], [0x01FCC, 0x00000, 0x00000], [0x00397, 0x00399, 0x00000], [0x003B7, 0x003B9, 0x00000]]),
    (0, [[0x01FD2, 0x00000, 0x00000], [0x00399, 0x00308, 0x00300], [0x00399, 0x00308, 0x00300], [0x003B9, 0x00308, 0x00300]]),
    (0, [[0x01FD3, 0x00000, 0x00000], [0x00399, 0x00308, 0x00301], [0x00399, 0x00308, 0x00301], [0x003B9, 0x00308, 0x00301]]),
    (0, [[0x01FD6, 0x00000, 0x00000], [0x00399, 0x00342, 0x00000], [0x00399, 0x00342, 0x00000], [0x003B9, 0x00342, 0x00000]]),
    (0, [[0x01FD7, 0x00000, 0x00000], [0x00399, 0x00308, 0x00342], [0x00399, 0x00308, 0x00342], [0x003B9, 0x00308, 0x00342]]),
    (0, [[0x01FE2, 0x00000, 0x00000], [0x003A5, 0x00308, 0x00300], [0x003A5, 0x00308, 0x00300], [0x003C5, 0x00308, 0x00300]]),
    (0, [[0x01FE3, 0x00000, 0x00000], [0x003A5, 0x00308, 0x00301], [0x003A5, 0x00308, 0x00301], [0x003C5, 0x00308, 0x00301]]),
    (0, [[0x01FE4, 0x00000, 0x00000], [0x003A1, 0x00313, 0x00000], [0x003A1, 0x00313, 0x00000], [0x003C1, 0x00313, 0x00000]]),
    (0, [[0x01FE6, 0x00000, 0x00000], [0x003A5, 0x00342, 0x00000], [0x003A5, 0x00342, 0x00000], [0x003C5, 0x00342, 0x00000]]),
    (0, [[0x01FE7, 0x00000, 0x00000], [0x003A5, 0x00308, 0x00342], [0x003A5, 0x00308, 0x00342], [0x003C5, 0x00308, 0x00342]]),
    (0, [[0x01FF2, 0x00000, 0x00000], [0x01FFA, 0x00345, 0x00000], [0x01FFA, 0x00399, 0x00000], [0x01F7C, 0x003B9, 0x00000]]),
    (0, [[0x01FF3, 0x00000, 0x00000], [0x01FFC, 0x00000, 0x00000], [0x003A9, 0x00399, 0x00000], [0x003C9, 0x003B9, 0x00000]]),
    (0, [[0x01FF4, 0x00000, 0x00000], [0x0038F, 0x00345, 0x00000], [0x0038F, 0x00399, 0x00000], [0x003CE, 0x003B9, 0x00000]]),
    (0, [[0x01FF6, 0x00000, 0x00000], [0x003A9, 0x00342, 0x00000], [0x003A9, 0x00342, 0x00000], [0x003C9, 0x00342, 0x00000]]),
    (0, [[0x01FF7, 0x00000, 0x00000], [0x003A9, 0x00342, 0x00345], [0x003A9, 0x00342, 0x00399], [0x003C9, 0x00342, 0x003B9]]),
    (0, [[0x01FF3, 0x00000, 0x00000], [0x01FFC, 0x00000, 0x00000], [0x003A9, 0x00399, 0x00000], [0x003C9, 0x003B9, 0x00000]]),
    (0, [[0x0FB00, 0x00000, 0x00000], [0x00046, 0x00066, 0x00000], [0x00046, 0x00046, 0x00000], [0x00066, 0x00066, 0x00000]]),
    (0, [[0x0FB01, 0x00000, 0x00000], [0x00046, 0x00069, 0x00000], [0x00046, 0x00049, 0x00000], [0x00066, 0x00069, 0x00000]]),
    (0, [[0x0FB02, 0x00000, 0x00000], [0x00046, 0x0006C, 0x00000], [0x00046, 0x0004C, 0x00000], [0x00066, 0x0006C, 0x00000]]),
    (0, [[0x0FB03, 0x00000, 0x00000], [0x00046, 0x00066, 0x00069], [0x00046, 0x00046, 0x00049], [0x00066, 0x00066, 0x00069]]),
    (0, [[0x0FB04, 0x00000, 0x00000], [0x00046, 0x00066, 0x0006C], [0x00046, 0x00046, 0x0004C], [0x00066, 0x00066, 0x0006C]]),
    (0, [[0x0FB05, 0x00000, 0x00000], [0x00053, 0x00074, 0x00000], [0x00053, 0x00054, 0x00000], [0x00073, 0x00074, 0x00000]]),
    (0, [[0x0FB06, 0x00000, 0x00000], [0x00053, 0x00074, 0x00000], [0x00053, 0x00054, 0x00000], [0x00073, 0x00074, 0x00000]]),
    (0, [[0x0FB13, 0x00000, 0x00000], [0x00544, 0x00576, 0x00000], [0x00544, 0x00546, 0x00000], [0x00574, 0x00576, 0x00000]]),
    (0, [[0x0FB14, 0x00000, 0x00000], [0x00544, 0x00565, 0x00000], [0x00544, 0x00535, 0x00000], [0x00574, 0x00565, 0x00000]]),
    (0, [[0x0FB15, 0x00000, 0x00000], [0x00544, 0x0056B, 0x00000], [0x00544, 0x0053B, 0x00000], [0x00574, 0x0056B, 0x00000]]),
    (0, [[0x0FB16, 0x00000, 0x00000], [0x0054E, 0x00576, 0x00000], [0x0054E, 0x00546, 0x00000], [0x0057E, 0x00576, 0x00000]]),
    (0, [[0x0FB17, 0x00000, 0x00000], [0x00544, 0x0056D, 0x00000], [0x00544, 0x0053D, 0x00000], [0x00574, 0x0056D, 0x00000]]),
];

#[rustfmt::skip]
pub(super) static CATEGORIES: [(u32, u32, Category); 3409] = [
    (0x00000, 0x0001F, Category::Control), (0x00020, 0x00020, Category::SpaceSeparator),
    (0x00021, 0x00023, Category::OtherPunctuation), (0x00024, 0x00024, Category::CurrencySymbol),
    (0x00025, 0x00027, Category::OtherPunctuation), (0x00028, 0x00028, Category::OpenPunctuation),
    (0x00029, 0x00029, Category::ClosePunctuation), (0x0002A, 0x0002A, Category::OtherPunctuation),
    (0x0002B, 0x0002B, Category::MathSymbol), (0x0002C, 0x0002C, Category::OtherPunctuation),
    (0x0002D, 0x0002D, Category::DashPunctuation), (0x0002E, 0x0002F, Category::OtherPunctuation),
    (0x00030, 0x00039, Category::DecimalNumber), (0x0003A, 0x0003B, Category::OtherPunctuation),
    (0x0003C, 0x0003E, Category::MathSymbol), (0x0003F, 0x00040, Category::OtherPunctuation),
    (0x00041, 0x0005A, Category::UppercaseLetter), (0x0005B, 0x0005B, Category::OpenPunctuation),
    (0x0005C, 0x0005C, Category::OtherPunctuation), (0x0005D, 0x0005D, Category::ClosePunctuation),
    (0x0005E, 0x0005E, Category::ModifierSymbol),
    (0x0005F, 0x0005F, Category::ConnectorPunctuation),
    (0x00060, 0x00060, Category::ModifierSymbol), (0x00061, 0x0007A, Category::LowercaseLetter),
    (0x0007B, 0x0007B, Category::OpenPunctuation), (0x0007C, 0x0007C, Category::MathSymbol),
    (0x0007D, 0x0007D, Category::ClosePunctuation), (0x0007E, 0x0007E, Category::MathSymbol),
    (0x0007F, 0x0009F, Category::Control), (0x000A0, 0x000A0, Category::SpaceSeparator),
    (0x000A1, 0x000A1, Category::OtherPunctuation), (0x000A2, 0x000A5, Category::CurrencySymbol),
    (0x000A6, 0x000A6, Category::OtherSymbol), (0x000A7, 0x000A7, Category::OtherPunctuation),
    (0x000A8, 0x000A8, Category::ModifierSymbol), (0x000A9, 0x000A9, Category::OtherSymbol),
    (0x000AA, 0x000AA, Category::OtherLetter), (0x000AB, 0x000AB, Category::InitialPunctuation),
    (0x000AC, 0x000AC, Category::MathSymbol), (0x000AD, 0x000AD, Category::Format),
    (0x000AE, 0x000AE, Category::OtherSymbol), (0x000AF, 0x000AF, Category::ModifierSymbol),
    (0x000B0, 0x000B0, Category::OtherSymbol), (0x000B1, 0x000B1, Category::MathSymbol),
    (0x000B2, 0x000B3, Category::OtherNumber), (0x000B4, 0x000B4, Category::ModifierSymbol),
    (0x000B5, 0x000B5, Category::LowercaseLetter), (0x000B6, 0x000B7, Category::OtherPunctuation),
    (0x000B8, 0x000B8, Category::ModifierSymbol), (0x000B9, 0x000B9, Category::OtherNumber),
    (0x000BA, 0x000BA, Category::OtherLetter), (0x000BB, 0x000BB, Category::FinalPunctuation),
    (0x000BC, 0x000BE, Category::OtherNumber), (0x000BF, 0x000BF, Category::OtherPunctuation),
    (0x000C0, 0x000D6, Category::UppercaseLetter), (0x000D7, 0x000D7, Category::MathSymbol),
    (0x000D8, 0x000DE, Category::UppercaseLetter), (0x000DF, 0x000F6, Category::LowercaseLetter),
    (0x000F7, 0x000F7, Category::MathSymbol), (0x000F8, 0x000FF, Category::LowercaseLetter),
    (0x00100, 0x00100, Category::UppercaseLetter), (0x00101, 0x00101, Category::LowercaseLetter),
    (0x00102, 0x00102, Category::UppercaseLetter), (0x00103, 0x00103, Category::LowercaseLetter),
    (0x00104, 0x00104, Category::UppercaseLetter), (0x00105, 0x00105, Category::LowercaseLetter),
    (0x00106, 0x00106, Category::UppercaseLetter), (0x00107, 0x00107, Category::LowercaseLetter),
    (0x00108, 0x00108, Category::UppercaseLetter), (0x00109, 0x00109, Category::LowercaseLetter),
    (0x0010A, 0x0010A, Category::UppercaseLetter), (0x0010B, 0x0010B, Category::LowercaseLetter),
    (0x0010C, 0x0010C, Category::UppercaseLetter), (0x0010D, 0x0010D, Category::LowercaseLetter),
    (0x0010E, 0x0010E, Category::UppercaseLetter), (0x0010F, 0x0010F, Category::LowercaseLetter),
    (0x00110, 0x00110, Category::UppercaseLetter), (0x00111, 0x00111, Category::LowercaseLetter),
    (0x00112, 0x00112, Category::UppercaseLetter), (0x00113, 0x00113, Category::LowercaseLetter),
    (0x00114, 0x00114, Category::UppercaseLetter), (0x00115, 0x00115, Category::LowercaseLetter),
    (0x00116, 0x00116, Category::UppercaseLetter), (0x00117, 0x00117, Category::LowercaseLetter),
    (0x00118, 0x00118, Category::UppercaseLetter), (0x00119, 0x00119, Category::LowercaseLetter),
    (0x0011A, 0x0011A, Category::UppercaseLetter), (0x0011B, 0x0011B, Category::LowercaseLetter),
    (0x0011C, 0x0011C, Category::UppercaseLetter), (0x0011D, 0x0011D, Category::LowercaseLetter),
    (0x0011E, 0x0011E, Category::UppercaseLetter), (0x0011F, 0x0011F, Category::LowercaseLetter),
    (0x00120, 0x00120, Category::UppercaseLetter), (0x00121, 0x00121, Category::LowercaseLetter),
    (0x00122, 0x00122, Category::UppercaseLetter), (0x00123, 0x00123, Category::LowercaseLetter),
    (0x00124, 0x00124, Category::UppercaseLetter), (0x00125, 0x00125, Category::LowercaseLetter),
    (0x00126, 0x00126, Category::UppercaseLetter), (0x00127, 0x00127, Category::LowercaseLetter),
    (0x00128, 0x00128, Category::UppercaseLetter), (0x00129, 0x00129, Category::LowercaseLetter),
    (0x0012A, 0x0012A, Category::UppercaseLetter), (0x0012B, 0x0012B, Category::LowercaseLetter),
    (0x0012C, 0x0012C, Category::UppercaseLetter), (0x0012D, 0x0012D, Category::LowercaseLetter),
    (0x0012E, 0x0012E, Category::UppercaseLetter), (0x0012F, 0x0012F, Category::LowercaseLetter),
    (0x00130, 0x00130, Category::UppercaseLetter), (0x00131, 0x00131, Category::LowercaseLetter),
    (0x00132, 0x00132, Category::UppercaseLetter), (0x00133, 0x00133, Category::LowercaseLetter),
    (0x00134, 0x00134, Category::UppercaseLetter), (0x00135, 0x00135, Category::LowercaseLetter),
    (0x00136, 0x00136, Category::UppercaseLetter), (0x00137, 0x00138, Category::LowercaseLetter),
    (0x00139, 0x00139, Category::UppercaseLetter), (0x0013A, 0x0013A, Category::LowercaseLetter),
    (0x0013B, 0x0013B, Category::UppercaseLetter), (0x0013C, 0x0013C, Category::LowercaseLetter),
    (0x0013D, 0x0013D, Category::UppercaseLetter), (0x0013E, 0x0013E, Category::LowercaseLetter),
    (0x0013F, 0x0013F, Category::UppercaseLetter), (0x00140, 0x00140, Category::LowercaseLetter),
    (0x00141, 0x00141, Category::UppercaseLetter), (0x00142, 0x00142, Category::LowercaseLetter),
    (0x00143, 0x00143, Category::UppercaseLetter), (0x00144, 0x00144, Category::LowercaseLetter),
    (0x00145, 0x00145, Category::UppercaseLetter), (0x00146, 0x00146, Category::LowercaseLetter),
    (0x00147, 0x00147, Category::UppercaseLetter), (0x00148, 0x00149, Category::LowercaseLetter),
    (0x0014A, 0x0014A, Category::UppercaseLetter), (0x0014B, 0x0014B, Category::LowercaseLetter),
    (0x0014C, 0x0014C, Category::UppercaseLetter), (0x0014D, 0x0014D, Category::LowercaseLetter),
    (0x0014E, 0x0014E, Category::UppercaseLetter), (0x0014F, 0x0014F, Category::LowercaseLetter),
    (0x00150, 0x00150, Category::UppercaseLetter), (0x00151, 0x00151, Category::LowercaseLetter),
    (0x00152, 0x00152, Category::UppercaseLetter), (0x00153, 0x00153, Category::LowercaseLetter),
    (0x00154, 0x00154, Category::UppercaseLetter), (0x00155, 0x00155, Category::LowercaseLetter),
    (0x00156, 0x00156, Category::UppercaseLetter), (0x00157, 0x00157, Category::LowercaseLetter),
    (0x00158, 0x00158, Category::UppercaseLetter), (0x00159, 0x00159, Category::LowercaseLetter),
    (0x0015A, 0x0015A, Category::UppercaseLetter), (0x0015B, 0x0015B, Category::LowercaseLetter),
    (0x0015C, 0x0015C, Category::UppercaseLetter), (0x0015D, 0x0015D, Category::LowercaseLetter),
    (0x0015E, 0x0015E, Category::UppercaseLetter), (0x0015F, 0x0015F, Category::LowercaseLetter),
    (0x00160, 0x00160, Category::UppercaseLetter), (0x00161, 0x00161, Category::LowercaseLetter),
    (0x00162, 0x00162, Category::UppercaseLetter), (0x00163, 0x00163, Category::LowercaseLetter),
    (0x00164, 0x00164, Category::UppercaseLetter), (0x00165, 0x00165, Category::LowercaseLetter),
    (0x00166, 0x00166, Category::UppercaseLetter), (0x00167, 0x00167, Category::LowercaseLetter),
    (0x00168, 0x00168, Category::UppercaseLetter), (0x00169, 0x00169, Category::LowercaseLetter),
    (0x0016A, 0x0016A, Category::UppercaseLetter), (0x0016B, 0x0016B, Category::LowercaseLetter),
    (0x0016C, 0x0016C, Category::UppercaseLetter), (0x0016D, 0x0016D, Category::LowercaseLetter),
    (0x0016E, 0x0016E, Category::UppercaseLetter), (0x0016F, 0x0016F, Category::LowercaseLetter),
    (0x00170, 0x00170, Category::UppercaseLetter), (0x00171, 0x00171, Category::LowercaseLetter),
    (0x00172, 0x00172, Category::UppercaseLetter), (0x00173, 0x00173, Category::LowercaseLetter),
    (0x00174, 0x00174, Category::UppercaseLetter), (0x00175, 0x00175, Category::LowercaseLetter),
    (0x00176, 0x00176, Category::UppercaseLetter), (0x00177, 0x00177, Category::LowercaseLetter),
    (0x00178, 0x00179, Category::UppercaseLetter), (0x0017A, 0x0017A, Category::LowercaseLetter),
    (0x0017B, 0x0017B, Category::UppercaseLetter), (0x0017C, 0x0017C, Category::LowercaseLetter),
    (0x0017D, 0x0017D, Category::UppercaseLetter), (0x0017E, 0x00180, Category::LowercaseLetter),
    (0x00181, 0x00182, Category::UppercaseLetter), (0x00183, 0x00183, Category::LowercaseLetter),
    (0x00184, 0x00184, Category::UppercaseLetter), (0x00185, 0x00185, Category::LowercaseLetter),
    (0x00186, 0x00187, Category::UppercaseLetter), (0x00188, 0x00188, Category::LowercaseLetter),
    (0x00189, 0x0018B, Category::UppercaseLetter), (0x0018C, 0x0018D, Category::LowercaseLetter),
    (0x0018E, 0x00191, Category::UppercaseLetter), (0x00192, 0x00192, Category::LowercaseLetter),
    (0x00193, 0x00194, Category::UppercaseLetter), (0x00195, 0x00195, Category::LowercaseLetter),
    (0x00196, 0x00198, Category::UppercaseLetter), (0x00199, 0x0019B, Category::LowercaseLetter),
    (0x0019C, 0x0019D, Category::UppercaseLetter), (0x0019E, 0x0019E, Category::LowercaseLetter),
    (0x0019F, 0x001A0, Category::UppercaseLetter), (0x001A1, 0x001A1, Category::LowercaseLetter),
    (0x001A2, 0x001A2, Category::UppercaseLetter), (0x001A3, 0x001A3, Category::LowercaseLetter),
    (0x001A4, 0x001A4, Category::UppercaseLetter), (0x001A5, 0x001A5, Category::LowercaseLetter),
    (0x001A6, 0x001A7, Category::UppercaseLetter), (0x001A8, 0x001A8, Category::LowercaseLetter),
    (0x001A9, 0x001A9, Category::UppercaseLetter), (0x001AA, 0x001AB, Category::LowercaseLetter),
    (0x001AC, 0x001AC, Category::UppercaseLetter), (0x001AD, 0x001AD, Category::LowercaseLetter),
    (0x001AE, 0x001AF, Category::UppercaseLetter), (0x001B0, 0x001B0, Category::LowercaseLetter),
    (0x001B1, 0x001B3, Category::UppercaseLetter), (0x001B4, 0x001B4, Category::LowercaseLetter),
    (0x001B5, 0x001B5, Category::UppercaseLetter), (0x001B6, 0x001B6, Category::LowercaseLetter),
    (0x001B7, 0x001B8, Category::UppercaseLetter), (0x001B9, 0x001BA, Category::LowercaseLetter),
    (0x001BB, 0x001BB, Category::OtherLetter), (0x001BC, 0x001BC, Category::UppercaseLetter),
    (0x001BD, 0x001BF, Category::LowercaseLetter), (0x001C0, 0x001C3, Category::OtherLetter),
    (0x001C4, 0x001C4, Category::UppercaseLetter), (0x001C5, 0x001C5, Category::TitlecaseLetter),
    (0x001C6, 0x001C6, Category::LowercaseLetter), (0x001C7, 0x001C7, Category::UppercaseLetter),
    (0x001C8, 0x001C8, Category::TitlecaseLetter), (0x001C9, 0x001C9, Category::LowercaseLetter),
    (0x001CA, 0x001CA, Category::UppercaseLetter), (0x001CB, 0x001CB, Category::TitlecaseLetter),
    (0x001CC, 0x001CC, Category::LowercaseLetter), (0x001CD, 0x001CD, Category::UppercaseLetter),
    (0x001CE, 0x001CE, Category::LowercaseLetter), (0x001CF, 0x001CF, Category::UppercaseLetter),
    (0x001D0, 0x001D0, Category::LowercaseLetter), (0x001D1, 0x001D1, Category::UppercaseLetter),
    (0x001D2, 0x001D2, Category::LowercaseLetter), (0x001D3, 0x001D3, Category::UppercaseLetter),
    (0x001D4, 0x001D4, Category::LowercaseLetter), (0x001D5, 0x001D5, Category::UppercaseLetter),
    (0x001D6, 0x001D6, Category::LowercaseLetter), (0x001D7, 0x001D7, Category::UppercaseLetter),
    (0x001D8, 0x001D8, Category::LowercaseLetter), (0x001D9, 0x001D9, Category::UppercaseLetter),
    (0x001DA, 0x001DA, Category::LowercaseLetter), (0x001DB, 0x001DB, Category::UppercaseLetter),
    (0x001DC, 0x001DD, Category::LowercaseLetter), (0x001DE, 0x001DE, Category::UppercaseLetter),
    (0x001DF, 0x001DF, Category::LowercaseLetter), (0x001E0, 0x001E0, Category::UppercaseLetter),
    (0x001E1, 0x001E1, Category::LowercaseLetter), (0x001E2, 0x001E2, Category::UppercaseLetter),
    (0x001E3, 0x001E3, Category::LowercaseLetter), (0x001E4, 0x001E4, Category::UppercaseLetter),
    (0x001E5, 0x001E5, Category::LowercaseLetter), (0x001E6, 0x001E6, Category::UppercaseLetter),
    (0x001E7, 0x001E7, Category::LowercaseLetter), (0x001E8, 0x001E8, Category::UppercaseLetter),
    (0x001E9, 0x001E9, Category::LowercaseLetter), (0x001EA, 0x001EA, Category::UppercaseLetter),
    (0x001EB, 0x001EB, Category::LowercaseLetter), (0x001EC, 0x001EC, Category::UppercaseLetter),
    (0x001ED, 0x001ED, Category::LowercaseLetter), (0x001EE, 0x001EE, Category::UppercaseLetter),
    (0x001EF, 0x001F0, Category::LowercaseLetter), (0x001F1, 0x001F1, Category::UppercaseLetter),
    (0x001F2, 0x001F2, Category::TitlecaseLetter), (0x001F3, 0x001F3, Category::LowercaseLetter),
    (0x001F4, 0x001F4, Category::UppercaseLetter), (0x001F5, 0x001F5, Category::LowercaseLetter),
    (0x001F6, 0x001F8, Category::UppercaseLetter), (0x001F9, 0x001F9, Category::LowercaseLetter),
    (0x001FA, 0x001FA, Category::UppercaseLetter), (0x001FB, 0x001FB, Category::LowercaseLetter),
    (0x001FC, 0x001FC, Category::UppercaseLetter), (0x001FD, 0x001FD, Category::LowercaseLetter),
    (0x001FE, 0x001FE, Category::UppercaseLetter), (0x001FF, 0x001FF, Category::LowercaseLetter),
    (0x00200, 0x00200, Category::UppercaseLetter), (0x00201, 0x00201, Category::LowercaseLetter),
    (0x00202, 0x00202, Category::UppercaseLetter), (0x00203, 0x00203, Category::LowercaseLetter),
    (0x00204, 0x00204, Category::UppercaseLetter), (0x00205, 0x00205, Category::LowercaseLetter),
    (0x00206, 0x00206, Category::UppercaseLetter), (0x00207, 0x00207, Category::LowercaseLetter),
    (0x00208, 0x00208, Category::UppercaseLetter), (0x00209, 0x00209, Category::LowercaseLetter),
    (0x0020A, 0x0020A, Category::UppercaseLetter), (0x0020B, 0x0020B, Category::LowercaseLetter),
    (0x0020C, 0x0020C, Category::UppercaseLetter), (0x0020D, 0x0020D, Category::LowercaseLetter),
    (0x0020E, 0x0020E, Category::UppercaseLetter), (0x0020F, 0x0020F, Category::LowercaseLetter),
    (0x00210, 0x00210, Category::UppercaseLetter), (0x00211, 0x00211, Category::LowercaseLetter),
    (0x00212, 0x00212, Category::UppercaseLetter), (0x00213, 0x00213, Category::LowercaseLetter),
    (0x00214, 0x00214, Category::UppercaseLetter), (0x00215, 0x00215, Category::LowercaseLetter),
    (0x00216, 0x00216, Category::UppercaseLetter), (0x00217, 0x00217, Category::LowercaseLetter),
    (0x00218, 0x00218, Category::UppercaseLetter), (0x00219, 0x00219, Category::LowercaseLetter),
    (0x0021A, 0x0021A, Category::UppercaseLetter), (0x0021B, 0x0021B, Category::LowercaseLetter),
    (0x0021C, 0x0021C, Category::UppercaseLetter), (0x0021D, 0x0021D, Category::LowercaseLetter),
    (0x0021E, 0x0021E, Category::UppercaseLetter), (0x0021F, 0x0021F, Category::LowercaseLetter),
    (0x00220, 0x00220, Category::UppercaseLetter), (0x00221, 0x00221, Category::LowercaseLetter),
    (0x00222, 0x00222, Category::UppercaseLetter), (0x00223, 0x00223, Category::LowercaseLetter),
    (0x00224, 0x00224, Category::UppercaseLetter), (0x00225, 0x00225, Category::LowercaseLetter),
    (0x00226, 0x00226, Category::UppercaseLetter), (0x00227, 0x00227, Category::LowercaseLetter),
    (0x00228, 0x00228, Category::UppercaseLetter), (0x00229, 0x00229, Category::LowercaseLetter),
    (0x0022A, 0x0022A, Category::UppercaseLetter), (0x0022B, 0x0022B, Category::LowercaseLetter),
    (0x0022C, 0x0022C, Category::UppercaseLetter), (0x0022D, 0x0022D, Category::LowercaseLetter),
    (0x0022E, 0x0022E, Category::UppercaseLetter), (0x0022F, 0x0022F, Category::LowercaseLetter),
    (0x00230, 0x00230, Category::UppercaseLetter), (0x00231, 0x00231, Category::LowercaseLetter),
    (0x00232, 0x00232, Category::UppercaseLetter), (0x00233, 0x00239, Category::LowercaseLetter),
    (0x0023A, 0x0023B, Category::UppercaseLetter), (0x0023C, 0x0023C, Category::LowercaseLetter),
    (0x0023D, 0x0023E, Category::UppercaseLetter), (0x0023F, 0x00240, Category::LowercaseLetter),
    (0x00241, 0x00241, Category::UppercaseLetter), (0x00242, 0x00242, Category::LowercaseLetter),
    (0x00243, 0x00246, Category::UppercaseLetter), (0x00247, 0x00247, Category::LowercaseLetter),
    (0x00248, 0x00248, Category::UppercaseLetter), (0x00249, 0x00249, Category::LowercaseLetter),
    (0x0024A, 0x0024A, Category::UppercaseLetter), (0x0024B, 0x0024B, Category::LowercaseLetter),
    (0x0024C, 0x0024C, Category::UppercaseLetter), (0x0024D, 0x0024D, Category::LowercaseLetter),
    (0x0024E, 0x0024E, Category::UppercaseLetter), (0x0024F, 0x00293, Category::LowercaseLetter),
    (0x00294, 0x00295, Category::OtherLetter), (0x00296, 0x002AF, Category::LowercaseLetter),
    (0x002B0, 0x002C1, Category::ModifierLetter), (0x002C2, 0x002C5, Category::ModifierSymbol),
    (0x002C6, 0x002D1, Category::ModifierLetter), (0x002D2, 0x002DF, Category::ModifierSymbol),
    (0x002E0, 0x002E4, Category::ModifierLetter), (0x002E5, 0x002EB, Category::ModifierSymbol),
    (0x002EC, 0x002EC, Category::ModifierLetter), (0x002ED, 0x002ED, Category::ModifierSymbol),
    (0x002EE, 0x002EE, Category::ModifierLetter), (0x002EF, 0x002FF, Category::ModifierSymbol),
    (0x00300, 0x0036F, Category::NonspacingMark), (0x00370, 0x00370, Category::UppercaseLetter),
    (0x00371, 0x00371, Category::LowercaseLetter), (0x00372, 0x00372, Category::UppercaseLetter),
    (0x00373, 0x00373, Category::LowercaseLetter), (0x00374, 0x00374, Category::ModifierLetter),
    (0x00375, 0x00375, Category::ModifierSymbol), (0x00376, 0x00376, Category::UppercaseLetter),
    (0x00377, 0x00377, Category::LowercaseLetter), (0x0037A, 0x0037A, Category::ModifierLetter),
    (0x0037B, 0x0037D, Category::LowercaseLetter), (0x0037E, 0x0037E, Category::OtherPunctuation),
    (0x0037F, 0x0037F, Category::UppercaseLetter), (0x00384, 0x00385, Category::ModifierSymbol),
    (0x00386, 0x00386, Category::UppercaseLetter), (0x00387, 0x00387, Category::OtherPunctuation),
    (0x00388, 0x0038A, Category::UppercaseLetter), (0x0038C, 0x0038C, Category::UppercaseLetter),
    (0x0038E, 0x0038F, Category::UppercaseLetter), (0x00390, 0x00390, Category::LowercaseLetter),
    (0x00391, 0x003A1, Category::UppercaseLetter), (0x003A3, 0x003AB, Category::UppercaseLetter),
    (0x003AC, 0x003CE, Category::LowercaseLetter), (0x003CF, 0x003CF, Category::UppercaseLetter),
    (0x003D0, 0x003D1, Category::LowercaseLetter), (0x003D2, 0x003D4, Category::UppercaseLetter),
    (0x003D5, 0x003D7, Category::LowercaseLetter), (0x003D8, 0x003D8, Category::UppercaseLetter),
    (0x003D9, 0x003D9, Category::LowercaseLetter), (0x003DA, 0x003DA, Category::UppercaseLetter),
    (0x003DB, 0x003DB, Category::LowercaseLetter), (0x003DC, 0x003DC, Category::UppercaseLetter),
    (0x003DD, 0x003DD, Category::LowercaseLetter), (0x003DE, 0x003DE, Category::UppercaseLetter),
    (0x003DF, 0x003DF, Category::LowercaseLetter), (0x003E0, 0x003E0, Category::UppercaseLetter),
    (0x003E1, 0x003E1, Category::LowercaseLetter), (0x003E2, 0x003E2, Category::UppercaseLetter),
    (0x003E3, 0x003E3, Category::LowercaseLetter), (0x003E4, 0x003E4, Category::UppercaseLetter),
    (0x003E5, 0x003E5, Category::LowercaseLetter), (0x003E6, 0x003E6, Category::UppercaseLetter),
    (0x003E7, 0x003E7, Category::LowercaseLetter), (0x003E8, 0x003E8, Category::UppercaseLetter),
    (0x003E9, 0x003E9, Category::LowercaseLetter), (0x003EA, 0x003EA, Category::UppercaseLetter),
    (0x003EB, 0x003EB, Category::LowercaseLetter), (0x003EC, 0x003EC, Category::UppercaseLetter),
    (0x003ED, 0x003ED, Category::LowercaseLetter), (0x003EE, 0x003EE, Category::UppercaseLetter),
    (0x003EF, 0x003F3, Category::LowercaseLetter), (0x003F4, 0x003F4, Category::UppercaseLetter),
    (0x003F5, 0x003F5, Category::LowercaseLetter), (0x003F6, 0x003F6, Category::MathSymbol),
    (0x003F7, 0x003F7, Category::UppercaseLetter), (0x003F8, 0x003F8, Category::LowercaseLetter),
    (0x003F9, 0x003FA, Category::UppercaseLetter), (0x003FB, 0x003FC, Category::LowercaseLetter),
    (0x003FD, 0x0042F, Category::UppercaseLetter), (0x00430, 0x0045F, Category::LowercaseLetter),
    (0x00460, 0x00460, Category::UppercaseLetter), (0x00461, 0x00461, Category::LowercaseLetter),
    (0x00462, 0x00462, Category::UppercaseLetter), (0x00463, 0x00463, Category::LowercaseLetter),
    (0x00464, 0x00464, Category::UppercaseLetter), (0x00465, 0x00465, Category::LowercaseLetter),
    (0x00466, 0x00466, Category::UppercaseLetter), (0x00467, 0x00467, Category::LowercaseLetter),
    (0x00468, 0x00468, Category::UppercaseLetter), (0x00469, 0x00469, Category::LowercaseLetter),
    (0x0046A, 0x0046A, Category::UppercaseLetter), (0x0046B, 0x0046B, Category::LowercaseLetter),
    (0x0046C, 0x0046C, Category::UppercaseLetter), (0x0046D, 0x0046D, Category::LowercaseLetter),
    (0x0046E, 0x0046E, Category::UppercaseLetter), (0x0046F, 0x0046F, Category::LowercaseLetter),
    (0x00470, 0x00470, Category::UppercaseLetter), (0x00471, 0x00471, Category::LowercaseLetter),
    (0x00472, 0x00472, Category::UppercaseLetter), (0x00473, 0x00473, Category::LowercaseLetter),
    (0x00474, 0x00474, Category::UppercaseLetter), (0x00475, 0x00475, Category::LowercaseLetter),
    (0x00476, 0x00476, Category::UppercaseLetter), (0x00477, 0x00477, Category::LowercaseLetter),
    (0x00478, 0x00478, Category::UppercaseLetter), (0x00479, 0x00479, Category::LowercaseLetter),
    (0x0047A, 0x0047A, Category::UppercaseLetter), (0x0047B, 0x0047B, Category::LowercaseLetter),
    (0x0047C, 0x0047C, Category::UppercaseLetter), (0x0047D, 0x0047D, Category::LowercaseLetter),
    (0x0047E, 0x0047E, Category::UppercaseLetter), (0x0047F, 0x0047F, Category::LowercaseLetter),
    (0x00480, 0x00480, Category::UppercaseLetter), (0x00481, 0x00481, Category::LowercaseLetter),
    (0x00482, 0x00482, Category::OtherSymbol), (0x00483, 0x00487, Category::NonspacingMark),
    (0x00488, 0x00489, Category::EnclosingMark), (0x0048A, 0x0048A, Category::UppercaseLetter),
    (0x0048B, 0x0048B, Category::LowercaseLetter), (0x0048C, 0x0048C, Category::UppercaseLetter),
    (0x0048D, 0x0048D, Category::LowercaseLetter), (0x0048E, 0x0048E, Category::UppercaseLetter),
    (0x0048F, 0x0048F, Category::LowercaseLetter), (0x00490, 0x00490, Category::UppercaseLetter),
    (0x00491, 0x00491, Category::LowercaseLetter), (0x00492, 0x00492, Category::UppercaseLetter),
    (0x00493, 0x00493, Category::LowercaseLetter), (0x00494, 0x00494, Category::UppercaseLetter),
    (0x00495, 0x00495, Category::LowercaseLetter), (0x00496, 0x00496, Category::UppercaseLetter),
    (0x00497, 0x00497, Category::LowercaseLetter), (0x00498, 0x00498, Category::UppercaseLetter),
    (0x00499, 0x00499, Category::LowercaseLetter), (0x0049A, 0x0049A, Category::UppercaseLetter),
    (0x0049B, 0x0049B, Category::LowercaseLetter), (0x0049C, 0x0049C, Category::UppercaseLetter),
    (0x0049D, 0x0049D, Category::LowercaseLetter), (0x0049E, 0x0049E, Category::UppercaseLetter),
    (0x0049F, 0x0049F, Category::LowercaseLetter), (0x004A0, 0x004A0, Category::UppercaseLetter),
    (0x004A1, 0x004A1, Category::LowercaseLetter), (0x004A2, 0x004A2, Category::UppercaseLetter),
    (0x004A3, 0x004A3, Category::LowercaseLetter), (0x004A4, 0x004A4, Category::UppercaseLetter),
    (0x004A5, 0x004A5, Category::LowercaseLetter), (0x004A6, 0x004A6, Category::UppercaseLetter),
    (0x004A7, 0x004A7, Category::LowercaseLetter), (0x004A8, 0x004A8, Category::UppercaseLetter),
    (0x004A9, 0x004A9, Category::LowercaseLetter), (0x004AA, 0x004AA, Category::UppercaseLetter),
    (0x004AB, 0x004AB, Category::LowercaseLetter), (0x004AC, 0x004AC, Category::UppercaseLetter),
    (0x004AD, 0x004AD, Category::LowercaseLetter), (0x004AE, 0x004AE, Category::UppercaseLetter),
    (0x004AF, 0x004AF, Category::LowercaseLetter), (0x004B0, 0x004B0, Category::UppercaseLetter),
    (0x004B1, 0x004B1, Category::LowercaseLetter), (0x004B2, 0x004B2, Category::UppercaseLetter),
    (0x004B3, 0x004B3, Category::LowercaseLetter), (0x004B4, 0x004B4, Category::UppercaseLetter),
    (0x004B5, 0x004B5, Category::LowercaseLetter), (0x004B6, 0x004B6, Category::UppercaseLetter),
    (0x004B7, 0x004B7, Category::LowercaseLetter), (0x004B8, 0x004B8, Category::UppercaseLetter),
    (0x004B9, 0x004B9, Category::LowercaseLetter), (0x004BA, 0x004BA, Category::UppercaseLetter),
    (0x004BB, 0x004BB, Category::LowercaseLetter), (0x004BC, 0x004BC, Category::UppercaseLetter),
    (0x004BD, 0x004BD, Category::LowercaseLetter), (0x004BE, 0x004BE, Category::UppercaseLetter),
    (0x004BF, 0x004BF, Category::LowercaseLetter), (0x004C0, 0x004C1, Category::UppercaseLetter),
    (0x004C2, 0x004C2, Category::LowercaseLetter), (0x004C3, 0x004C3, Category::UppercaseLetter),
    (0x004C4, 0x004C4, Category::LowercaseLetter), (0x004C5, 0x004C5, Category::UppercaseLetter),
    (0x004C6, 0x004C6, Category::LowercaseLetter), (0x004C7, 0x004C7, Category::UppercaseLetter),
    (0x004C8, 0x004C8, Category::LowercaseLetter), (0x004C9, 0x004C9, Category::UppercaseLetter),
    (0x004CA, 0x004CA, Category::LowercaseLetter), (0x004CB, 0x004CB, Category::UppercaseLetter),
    (0x004CC, 0x004CC, Category::LowercaseLetter), (0x004CD, 0x004CD, Category::UppercaseLetter),
    (0x004CE, 0x004CF, Category::LowercaseLetter), (0x004D0, 0x004D0, Category::UppercaseLetter),
    (0x004D1, 0x004D1, Category::LowercaseLetter), (0x004D2, 0x004D2, Category::UppercaseLetter),
    (0x004D3, 0x004D3, Category::LowercaseLetter), (0x004D4, 0x004D4, Category::UppercaseLetter),
    (0x004D5, 0x004D5, Category::LowercaseLetter), (0x004D6, 0x004D6, Category::UppercaseLetter),
    (0x004D7, 0x004D7, Category::LowercaseLetter), (0x004D8, 0x004D8, Category::UppercaseLetter),
    (0x004D9, 0x004D9, Category::LowercaseLetter), (0x004DA, 0x004DA, Category::UppercaseLetter),
    (0x004DB, 0x004DB, Category::LowercaseLetter), (0x004DC, 0x004DC, Category::UppercaseLetter),
    (0x004DD, 0x004DD, Category::LowercaseLetter), (0x004DE, 0x004DE, Category::UppercaseLetter),
    (0x004DF, 0x004DF, Category::LowercaseLetter), (0x004E0, 0x004E0, Category::UppercaseLetter),
    (0x004E1, 0x004E1, Category::LowercaseLetter), (0x004E2, 0x004E2, Category::UppercaseLetter),
    (0x004E3, 0x004E3, Category::LowercaseLetter), (0x004E4, 0x004E4, Category::UppercaseLetter),
    (0x004E5, 0x004E5, Category::LowercaseLetter), (0x004E6, 0x004E6, Category::UppercaseLetter),
    (0x004E7, 0x004E7, Category::LowercaseLetter), (0x004E8, 0x004E8, Category::UppercaseLetter),
    (0x004E9, 0x004E9, Category::LowercaseLetter), (0x004EA, 0x004EA, Category::UppercaseLetter),
    (0x004EB, 0x004EB, Category::LowercaseLetter), (0x004EC, 0x004EC, Category::UppercaseLetter),
    (0x004ED, 0x004ED, Category::LowercaseLetter), (0x004EE, 0x004EE, Category::UppercaseLetter),
    (0x004EF, 0x004EF, Category::LowercaseLetter), (0x004F0, 0x004F0, Category::UppercaseLetter),
    (0x004F1, 0x004F1, Category::LowercaseLetter), (0x004F2, 0x004F2, Category::UppercaseLetter),
    (0x004F3, 0x004F3, Category::LowercaseLetter), (0x004F4, 0x004F4, Category::UppercaseLetter),
    (0x004F5, 0x004F5, Category::LowercaseLetter), (0x004F6, 0x004F6, Category::UppercaseLetter),
    (0x004F7, 0x004F7, Category::LowercaseLetter), (0x004F8, 0x004F8, Category::UppercaseLetter),
    (0x004F9, 0x004F9, Category::LowercaseLetter), (0x004FA, 0x004FA, Category::UppercaseLetter),
    (0x004FB, 0x004FB, Category::LowercaseLetter), (0x004FC, 0x004FC, Category::UppercaseLetter),
    (0x004FD, 0x004FD, Category::LowercaseLetter), (0x004FE, 0x004FE, Category::UppercaseLetter),
    (0x004FF, 0x004FF, Category::LowercaseLetter), (0x00500, 0x00500, Category::UppercaseLetter),
    (0x00501, 0x00501, Category::LowercaseLetter), (0x00502, 0x00502, Category::UppercaseLetter),
    (0x00503, 0x00503, Category::LowercaseLetter), (0x00504, 0x00504, Category::UppercaseLetter),
    (0x00505, 0x00505, Category::LowercaseLetter), (0x00506, 0x00506, Category::UppercaseLetter),
    (0x00507, 0x00507, Category::LowercaseLetter), (0x00508, 0x00508, Category::UppercaseLetter),
    (0x00509, 0x00509, Category::LowercaseLetter), (0x0050A, 0x0050A, Category::UppercaseLetter),
    (0x0050B, 0x0050B, Category::LowercaseLetter), (0x0050C, 0x0050C, Category::UppercaseLetter),
    (0x0050D, 0x0050D, Category::LowercaseLetter), (0x0050E, 0x0050E, Category::UppercaseLetter),
    (0x0050F, 0x0050F, Category::LowercaseLetter), (0x00510, 0x00510, Category::UppercaseLetter),
    (0x00511, 0x00511, Category::LowercaseLetter), (0x00512, 0x00512, Category::UppercaseLetter),
    (0x00513, 0x00513, Category::LowercaseLetter), (0x00514, 0x00514, Category::UppercaseLetter),
    (0x00515, 0x00515, Category::LowercaseLetter), (0x00516, 0x00516, Category::UppercaseLetter),
    (0x00517, 0x00517, Category::LowercaseLetter), (0x00518, 0x00518, Category::UppercaseLetter),
    (0x00519, 0x00519, Category::LowercaseLetter), (0x0051A, 0x0051A, Category::UppercaseLetter),
    (0x0051B, 0x0051B, Category::LowercaseLetter), (0x0051C, 0x0051C, Category::UppercaseLetter),
    (0x0051D, 0x0051D, Category::LowercaseLetter), (0x0051E, 0x0051E, Category::UppercaseLetter),
    (0x0051F, 0x0051F, Category::LowercaseLetter), (0x00520, 0x00520, Category::UppercaseLetter),
    (0x00521, 0x00521, Category::LowercaseLetter), (0x00522, 0x00522, Category::UppercaseLetter),
    (0x00523, 0x00523, Category::LowercaseLetter), (0x00524, 0x00524, Category::UppercaseLetter),
    (0x00525, 0x00525, Category::LowercaseLetter), (0x00526, 0x00526, Category::UppercaseLetter),
    (0x00527, 0x00527, Category::LowercaseLetter), (0x00528, 0x00528, Category::UppercaseLetter),
    (0x00529, 0x00529, Category::LowercaseLetter), (0x0052A, 0x0052A, Category::UppercaseLetter),
    (0x0052B, 0x0052B, Category::LowercaseLetter), (0x0052C, 0x0052C, Category::UppercaseLetter),
    (0x0052D, 0x0052D, Category::LowercaseLetter), (0x0052E, 0x0052E, Category::UppercaseLetter),
    (0x0052F, 0x0052F, Category::LowercaseLetter), (0x00531, 0x00556, Category::UppercaseLetter),
    (0x00559, 0x00559, Category::ModifierLetter), (0x0055A, 0x0055F, Category::OtherPunctuation),
    (0x00560, 0x00588, Category::LowercaseLetter), (0x00589, 0x00589, Category::OtherPunctuation),
    (0x0058A, 0x0058A, Category::DashPunctuation), (0x0058D, 0x0058E, Category::OtherSymbol),
    (0x0058F, 0x0058F, Category::CurrencySymbol), (0x00591, 0x005BD, Category::NonspacingMark),
    (0x005BE, 0x005BE, Category::DashPunctuation), (0x005BF, 0x005BF, Category::NonspacingMark),
    (0x005C0, 0x005C0, Category::OtherPunctuation), (0x005C1, 0x005C2, Category::NonspacingMark),
    (0x005C3, 0x005C3, Category::OtherPunctuation), (0x005C4, 0x005C5, Category::NonspacingMark),
    (0x005C6, 0x005C6, Category::OtherPunctuation), (0x005C7, 0x005C7, Category::NonspacingMark),
    (0x005D0, 0x005EA, Category::OtherLetter), (0x005EF, 0x005F2, Category::OtherLetter),
    (0x005F3, 0x005F4, Category::OtherPunctuation), (0x00600, 0x00605, Category::Format),
    (0x00606, 0x00608, Category::MathSymbol), (0x00609, 0x0060A, Category::OtherPunctuation),
    (0x0060B, 0x0060B, Category::CurrencySymbol), (0x0060C, 0x0060D, Category::OtherPunctuation),
    (0x0060E, 0x0060F, Category::OtherSymbol), (0x00610, 0x0061A, Category::NonspacingMark),
    (0x0061B, 0x0061B, Category::OtherPunctuation), (0x0061C, 0x0061C, Category::Format),
    (0x0061D, 0x0061F, Category::OtherPunctuation), (0x00620, 0x0063F, Category::OtherLetter),
    (0x00640, 0x00640, Category::ModifierLetter), (0x00641, 0x0064A, Category::OtherLetter),
    (0x0064B, 0x0065F, Category::NonspacingMark), (0x00660, 0x00669, Category::DecimalNumber),
    (0x0066A, 0x0066D, Category::OtherPunctuation), (0x0066E, 0x0066F, Category::OtherLetter),
    (0x00670, 0x00670, Category::NonspacingMark), (0x00671, 0x006D3, Category::OtherLetter),
    (0x006D4, 0x006D4, Category::OtherPunctuation), (0x006D5, 0x006D5, Category::OtherLetter),
    (0x006D6, 0x006DC, Category::NonspacingMark), (0x006DD, 0x006DD, Category::Format),
    (0x006DE, 0x006DE, Category::OtherSymbol), (0x006DF, 0x006E4, Category::NonspacingMark),
    (0x006E5, 0x006E6, Category::ModifierLetter), (0x006E7, 0x006E8, Category::NonspacingMark),
    (0x006E9, 0x006E9, Category::OtherSymbol), (0x006EA, 0x006ED, Category::NonspacingMark),
    (0x006EE, 0x006EF, Category::OtherLetter), (0x006F0, 0x006F9, Category::DecimalNumber),
    (0x006FA, 0x006FC, Category::OtherLetter), (0x006FD, 0x006FE, Category::OtherSymbol),
    (0x006FF, 0x006FF, Category::OtherLetter), (0x00700, 0x0070D, Category::OtherPunctuation),
    (0x0070F, 0x0070F, Category::Format), (0x00710, 0x00710, Category::OtherLetter),
    (0x00711, 0x00711, Category::NonspacingMark), (0x00712, 0x0072F, Category::OtherLetter),
    (0x00730, 0x0074A, Category::NonspacingMark), (0x0074D, 0x007A5, Category::OtherLetter),
    (0x007A6, 0x007B0, Category::NonspacingMark), (0x007B1, 0x007B1, Category::OtherLetter),
    (0x007C0, 0x007C9, Category::DecimalNumber), (0x007CA, 0x007EA, Category::OtherLetter),
    (0x007EB, 0x007F3, Category::NonspacingMark), (0x007F4, 0x007F5, Category::ModifierLetter),
    (0x007F6, 0x007F6, Category::OtherSymbol), (0x007F7, 0x007F9, Category::OtherPunctuation),
    (0x007FA, 0x007FA, Category::ModifierLetter), (0x007FD, 0x007FD, Category::NonspacingMark),
    (0x007FE, 0x007FF, Category::CurrencySymbol), (0x00800, 0x00815, Category::OtherLetter),
    (0x00816, 0x00819, Category::NonspacingMark), (0x0081A, 0x0081A, Category::ModifierLetter),
    (0x0081B, 0x00823, Category::NonspacingMark), (0x00824, 0x00824, Category::ModifierLetter),
    (0x00825, 0x00827, Category::NonspacingMark), (0x00828, 0x00828, Category::ModifierLetter),
    (0x00829, 0x0082D, Category::NonspacingMark), (0x00830, 0x0083E, Category::OtherPunctuation),
    (0x00840, 0x00858, Category::OtherLetter), (0x00859, 0x0085B, Category::NonspacingMark),
    (0x0085E, 0x0085E, Category::OtherPunctuation), (0x00860, 0x0086A, Category::OtherLetter),
    (0x00870, 0x00887, Category::OtherLetter), (0x00888, 0x00888, Category::ModifierSymbol),
    (0x00889, 0x0088F, Category::OtherLetter), (0x00890, 0x00891, Category::Format),
    (0x00897, 0x0089F, Category::NonspacingMark), (0x008A0, 0x008C8, Category::OtherLetter),
    (0x008C9, 0x008C9, Category::ModifierLetter), (0x008CA, 0x008E1, Category::NonspacingMark),
    (0x008E2, 0x008E2, Category::Format), (0x008E3, 0x00902, Category::NonspacingMark),
    (0x00903, 0x00903, Category::SpacingMark), (0x00904, 0x00939, Category::OtherLetter),
    (0x0093A, 0x0093A, Category::NonspacingMark), (0x0093B, 0x0093B, Category::SpacingMark),
    (0x0093C, 0x0093C, Category::NonspacingMark), (0x0093D, 0x0093D, Category::OtherLetter),
    (0x0093E, 0x00940, Category::SpacingMark), (0x00941, 0x00948, Category::NonspacingMark),
    (0x00949, 0x0094C, Category::SpacingMark), (0x0094D, 0x0094D, Category::NonspacingMark),
    (0x0094E, 0x0094F, Category::SpacingMark), (0x00950, 0x00950, Category::OtherLetter),
    (0x00951, 0x00957, Category::NonspacingMark), (0x00958, 0x00961, Category::OtherLetter),
    (0x00962, 0x00963, Category::NonspacingMark), (0x00964, 0x00965, Category::OtherPunctuation),
    (0x00966, 0x0096F, Category::DecimalNumber), (0x00970, 0x00970, Category::OtherPunctuation),
    (0x00971, 0x00971, Category::ModifierLetter), (0x00972, 0x00980, Category::OtherLetter),
    (0x00981, 0x00981, Category::NonspacingMark), (0x00982, 0x00983, Category::SpacingMark),
    (0x00985, 0x0098C, Category::OtherLetter), (0x0098F, 0x00990, Category::OtherLetter),
    (0x00993, 0x009A8, Category::OtherLetter), (0x009AA, 0x009B0, Category::OtherLetter),
    (0x009B2, 0x009B2, Category::OtherLetter), (0x009B6, 0x009B9, Category::OtherLetter),
    (0x009BC, 0x009BC, Category::NonspacingMark), (0x009BD, 0x009BD, Category::OtherLetter),
    (0x009BE, 0x009C0, Category::SpacingMark), (0x009C1, 0x009C4, Category::NonspacingMark),
    (0x009C7, 0x009C8, Category::SpacingMark), (0x009CB, 0x009CC, Category::SpacingMark),
    (0x009CD, 0x009CD, Category::NonspacingMark), (0x009CE, 0x009CE, Category::OtherLetter),
    (0x009D7, 0x009D7, Category::SpacingMark), (0x009DC, 0x009DD, Category::OtherLetter),
    (0x009DF, 0x009E1, Category::OtherLetter), (0x009E2, 0x009E3, Category::NonspacingMark),
    (0x009E6, 0x009EF, Category::DecimalNumber), (0x009F0, 0x009F1, Category::OtherLetter),
    (0x009F2, 0x009F3, Category::CurrencySymbol), (0x009F4, 0x009F9, Category::OtherNumber),
    (0x009FA, 0x009FA, Category::OtherSymbol), (0x009FB, 0x009FB, Category::CurrencySymbol),
    (0x009FC, 0x009FC, Category::OtherLetter), (0x009FD, 0x009FD, Category::OtherPunctuation),
    (0x009FE, 0x009FE, Category::NonspacingMark), (0x00A01, 0x00A02, Category::NonspacingMark),
    (0x00A03, 0x00A03, Category::SpacingMark), (0x00A05, 0x00A0A, Category::OtherLetter),
    (0x00A0F, 0x00A10, Category::OtherLetter), (0x00A13, 0x00A28, Category::OtherLetter),
    (0x00A2A, 0x00A30, Category::OtherLetter), (0x00A32, 0x00A33, Category::OtherLetter),
    (0x00A35, 0x00A36, Category::OtherLetter), (0x00A38, 0x00A39, Category::OtherLetter),
    (0x00A3C, 0x00A3C, Category::NonspacingMark), (0x00A3E, 0x00A40, Category::SpacingMark),
    (0x00A41, 0x00A42, Category::NonspacingMark), (0x00A47, 0x00A48, Category::NonspacingMark),
    (0x00A4B, 0x00A4D, Category::NonspacingMark), (0x00A51, 0x00A51, Category::NonspacingMark),
    (0x00A59, 0x00A5C, Category::OtherLetter), (0x00A5E, 0x00A5E, Category::OtherLetter),
    (0x00A66, 0x00A6F, Category::DecimalNumber), (0x00A70, 0x00A71, Category::NonspacingMark),
    (0x00A72, 0x00A74, Category::OtherLetter), (0x00A75, 0x00A75, Category::NonspacingMark),
    (0x00A76, 0x00A76, Category::OtherPunctuation), (0x00A81, 0x00A82, Category::NonspacingMark),
    (0x00A83, 0x00A83, Category::SpacingMark), (0x00A85, 0x00A8D, Category::OtherLetter),
    (0x00A8F, 0x00A91, Category::OtherLetter), (0x00A93, 0x00AA8, Category::OtherLetter),
    (0x00AAA, 0x00AB0, Category::OtherLetter), (0x00AB2, 0x00AB3, Category::OtherLetter),
    (0x00AB5, 0x00AB9, Category::OtherLetter), (0x00ABC, 0x00ABC, Category::NonspacingMark),
    (0x00ABD, 0x00ABD, Category::OtherLetter), (0x00ABE, 0x00AC0, Category::SpacingMark),
    (0x00AC1, 0x00AC5, Category::NonspacingMark), (0x00AC7, 0x00AC8, Category::NonspacingMark),
    (0x00AC9, 0x00AC9, Category::SpacingMark), (0x00ACB, 0x00ACC, Category::SpacingMark),
    (0x00ACD, 0x00ACD, Category::NonspacingMark), (0x00AD0, 0x00AD0, Category::OtherLetter),
    (0x00AE0, 0x00AE1, Category::OtherLetter), (0x00AE2, 0x00AE3, Category::NonspacingMark),
    (0x00AE6, 0x00AEF, Category::DecimalNumber), (0x00AF0, 0x00AF0, Category::OtherPunctuation),
    (0x00AF1, 0x00AF1, Category::CurrencySymbol), (0x00AF9, 0x00AF9, Category::OtherLetter),
    (0x00AFA, 0x00AFF, Category::NonspacingMark), (0x00B01, 0x00B01, Category::NonspacingMark),
    (0x00B02, 0x00B03, Category::SpacingMark), (0x00B05, 0x00B0C, Category::OtherLetter),
    (0x00B0F, 0x00B10, Category::OtherLetter), (0x00B13, 0x00B28, Category::OtherLetter),
    (0x00B2A, 0x00B30, Category::OtherLetter), (0x00B32, 0x00B33, Category::OtherLetter),
    (0x00B35, 0x00B39, Category::OtherLetter), (0x00B3C, 0x00B3C, Category::NonspacingMark),
    (0x00B3D, 0x00B3D, Category::OtherLetter), (0x00B3E, 0x00B3E, Category::SpacingMark),
    (0x00B3F, 0x00B3F, Category::NonspacingMark), (0x00B40, 0x00B40, Category::SpacingMark),
    (0x00B41, 0x00B44, Category::NonspacingMark), (0x00B47, 0x00B48, Category::SpacingMark),
    (0x00B4B, 0x00B4C, Category::SpacingMark), (0x00B4D, 0x00B4D, Category::NonspacingMark),
    (0x00B55, 0x00B56, Category::NonspacingMark), (0x00B57, 0x00B57, Category::SpacingMark),
    (0x00B5C, 0x00B5D, Category::OtherLetter), (0x00B5F, 0x00B61, Category::OtherLetter),
    (0x00B62, 0x00B63, Category::NonspacingMark), (0x00B66, 0x00B6F, Category::DecimalNumber),
    (0x00B70, 0x00B70, Category::OtherSymbol), (0x00B71, 0x00B71, Category::OtherLetter),
    (0x00B72, 0x00B77, Category::OtherNumber), (0x00B82, 0x00B82, Category::NonspacingMark),
    (0x00B83, 0x00B83, Category::OtherLetter), (0x00B85, 0x00B8A, Category::OtherLetter),
    (0x00B8E, 0x00B90, Category::OtherLetter), (0x00B92, 0x00B95, Category::OtherLetter),
    (0x00B99, 0x00B9A, Category::OtherLetter), (0x00B9C, 0x00B9C, Category::OtherLetter),
    (0x00B9E, 0x00B9F, Category::OtherLetter), (0x00BA3, 0x00BA4, Category::OtherLetter),
    (0x00BA8, 0x00BAA, Category::OtherLetter), (0x00BAE, 0x00BB9, Category::OtherLetter),
    (0x00BBE, 0x00BBF, Category::SpacingMark), (0x00BC0, 0x00BC0, Category::NonspacingMark),
    (0x00BC1, 0x00BC2, Category::SpacingMark), (0x00BC6, 0x00BC8, Category::SpacingMark),
    (0x00BCA, 0x00BCC, Category::SpacingMark), (0x00BCD, 0x00BCD, Category::NonspacingMark),
    (0x00BD0, 0x00BD0, Category::OtherLetter), (0x00BD7, 0x00BD7, Category::SpacingMark),
    (0x00BE6, 0x00BEF, Category::DecimalNumber), (0x00BF0, 0x00BF2, Category::OtherNumber),
    (0x00BF3, 0x00BF8, Category::OtherSymbol), (0x00BF9, 0x00BF9, Category::CurrencySymbol),
    (0x00BFA, 0x00BFA, Category::OtherSymbol), (0x00C00, 0x00C00, Category::NonspacingMark),
    (0x00C01, 0x00C03, Category::SpacingMark), (0x00C04, 0x00C04, Category::NonspacingMark),
    (0x00C05, 0x00C0C, Category::OtherLetter), (0x00C0E, 0x00C10, Category::OtherLetter),
    (0x00C12, 0x00C28, Category::OtherLetter), (0x00C2A, 0x00C39, Category::OtherLetter),
    (0x00C3C, 0x00C3C, Category::NonspacingMark), (0x00C3D, 0x00C3D, Category::OtherLetter),
    (0x00C3E, 0x00C40, Category::NonspacingMark), (0x00C41, 0x00C44, Category::SpacingMark),
    (0x00C46, 0x00C48, Category::NonspacingMark), (0x00C4A, 0x00C4D, Category::NonspacingMark),
    (0x00C55, 0x00C56, Category::NonspacingMark), (0x00C58, 0x00C5A, Category::OtherLetter),
    (0x00C5C, 0x00C5D, Category::OtherLetter), (0x00C60, 0x00C61, Category::OtherLetter),
    (0x00C62, 0x00C63, Category::NonspacingMark), (0x00C66, 0x00C6F, Category::DecimalNumber),
    (0x00C77, 0x00C77, Category::OtherPunctuation), (0x00C78, 0x00C7E, Category::OtherNumber),
    (0x00C7F, 0x00C7F, Category::OtherSymbol), (0x00C80, 0x00C80, Category::OtherLetter),
    (0x00C81, 0x00C81, Category::NonspacingMark), (0x00C82, 0x00C83, Category::SpacingMark),
    (0x00C84, 0x00C84, Category::OtherPunctuation), (0x00C85, 0x00C8C, Category::OtherLetter),
    (0x00C8E, 0x00C90, Category::OtherLetter), (0x00C92, 0x00CA8, Category::OtherLetter),
    (0x00CAA, 0x00CB3, Category::OtherLetter), (0x00CB5, 0x00CB9, Category::OtherLetter),
    (0x00CBC, 0x00CBC, Category::NonspacingMark), (0x00CBD, 0x00CBD, Category::OtherLetter),
    (0x00CBE, 0x00CBE, Category::SpacingMark), (0x00CBF, 0x00CBF, Category::NonspacingMark),
    (0x00CC0, 0x00CC4, Category::SpacingMark), (0x00CC6, 0x00CC6, Category::NonspacingMark),
    (0x00CC7, 0x00CC8, Category::SpacingMark), (0x00CCA, 0x00CCB, Category::SpacingMark),
    (0x00CCC, 0x00CCD, Category::NonspacingMark), (0x00CD5, 0x00CD6, Category::SpacingMark),
    (0x00CDC, 0x00CDE, Category::OtherLetter), (0x00CE0, 0x00CE1, Category::OtherLetter),
    (0x00CE2, 0x00CE3, Category::NonspacingMark), (0x00CE6, 0x00CEF, Category::DecimalNumber),
    (0x00CF1, 0x00CF2, Category::OtherLetter), (0x00CF3, 0x00CF3, Category::SpacingMark),
    (0x00D00, 0x00D01, Category::NonspacingMark), (0x00D02, 0x00D03, Category::SpacingMark),
    (0x00D04, 0x00D0C, Category::OtherLetter), (0x00D0E, 0x00D10, Category::OtherLetter),
    (0x00D12, 0x00D3A, Category::OtherLetter), (0x00D3B, 0x00D3C, Category::NonspacingMark),
    (0x00D3D, 0x00D3D, Category::OtherLetter), (0x00D3E, 0x00D40, Category::SpacingMark),
    (0x00D41, 0x00D44, Category::NonspacingMark), (0x00D46, 0x00D48, Category::SpacingMark),
    (0x00D4A, 0x00D4C, Category::SpacingMark), (0x00D4D, 0x00D4D, Category::NonspacingMark),
    (0x00D4E, 0x00D4E, Category::OtherLetter), (0x00D4F, 0x00D4F, Category::OtherSymbol),
    (0x00D54, 0x00D56, Category::OtherLetter), (0x00D57, 0x00D57, Category::SpacingMark),
    (0x00D58, 0x00D5E, Category::OtherNumber), (0x00D5F, 0x00D61, Category::OtherLetter),
    (0x00D62, 0x00D63, Category::NonspacingMark), (0x00D66, 0x00D6F, Category::DecimalNumber),
    (0x00D70, 0x00D78, Category::OtherNumber), (0x00D79, 0x00D79, Category::OtherSymbol),
    (0x00D7A, 0x00D7F, Category::OtherLetter), (0x00D81, 0x00D81, Category::NonspacingMark),
    (0x00D82, 0x00D83, Category::SpacingMark), (0x00D85, 0x00D96, Category::OtherLetter),
    (0x00D9A, 0x00DB1, Category::OtherLetter), (0x00DB3, 0x00DBB, Category::OtherLetter),
    (0x00DBD, 0x00DBD, Category::OtherLetter), (0x00DC0, 0x00DC6, Category::OtherLetter),
    (0x00DCA, 0x00DCA, Category::NonspacingMark), (0x00DCF, 0x00DD1, Category::SpacingMark),
    (0x00DD2, 0x00DD4, Category::NonspacingMark), (0x00DD6, 0x00DD6, Category::NonspacingMark),
    (0x00DD8, 0x00DDF, Category::SpacingMark), (0x00DE6, 0x00DEF, Category::DecimalNumber),
    (0x00DF2, 0x00DF3, Category::SpacingMark), (0x00DF4, 0x00DF4, Category::OtherPunctuation),
    (0x00E01, 0x00E30, Category::OtherLetter), (0x00E31, 0x00E31, Category::NonspacingMark),
    (0x00E32, 0x00E33, Category::OtherLetter), (0x00E34, 0x00E3A, Category::NonspacingMark),
    (0x00E3F, 0x00E3F, Category::CurrencySymbol), (0x00E40, 0x00E45, Category::OtherLetter),
    (0x00E46, 0x00E46, Category::ModifierLetter), (0x00E47, 0x00E4E, Category::NonspacingMark),
    (0x00E4F, 0x00E4F, Category::OtherPunctuation), (0x00E50, 0x00E59, Category::DecimalNumber),
    (0x00E5A, 0x00E5B, Category::OtherPunctuation), (0x00E81, 0x00E82, Category::OtherLetter),
    (0x00E84, 0x00E84, Category::OtherLetter), (0x00E86, 0x00E8A, Category::OtherLetter),
    (0x00E8C, 0x00EA3, Category::OtherLetter), (0x00EA5, 0x00EA5, Category::OtherLetter),
    (0x00EA7, 0x00EB0, Category::OtherLetter), (0x00EB1, 0x00EB1, Category::NonspacingMark),
    (0x00EB2, 0x00EB3, Category::OtherLetter), (0x00EB4, 0x00EBC, Category::NonspacingMark),
    (0x00EBD, 0x00EBD, Category::OtherLetter), (0x00EC0, 0x00EC4, Category::OtherLetter),
    (0x00EC6, 0x00EC6, Category::ModifierLetter), (0x00EC8, 0x00ECE, Category::NonspacingMark),
    (0x00ED0, 0x00ED9, Category::DecimalNumber), (0x00EDC, 0x00EDF, Category::OtherLetter),
    (0x00F00, 0x00F00, Category::OtherLetter), (0x00F01, 0x00F03, Category::OtherSymbol),
    (0x00F04, 0x00F12, Category::OtherPunctuation), (0x00F13, 0x00F13, Category::OtherSymbol),
    (0x00F14, 0x00F14, Category::OtherPunctuation), (0x00F15, 0x00F17, Category::OtherSymbol),
    (0x00F18, 0x00F19, Category::NonspacingMark), (0x00F1A, 0x00F1F, Category::OtherSymbol),
    (0x00F20, 0x00F29, Category::DecimalNumber), (0x00F2A, 0x00F33, Category::OtherNumber),
    (0x00F34, 0x00F34, Category::OtherSymbol), (0x00F35, 0x00F35, Category::NonspacingMark),
    (0x00F36, 0x00F36, Category::OtherSymbol), (0x00F37, 0x00F37, Category::NonspacingMark),
    (0x00F38, 0x00F38, Category::OtherSymbol), (0x00F39, 0x00F39, Category::NonspacingMark),
    (0x00F3A, 0x00F3A, Category::OpenPunctuation), (0x00F3B, 0x00F3B, Category::ClosePunctuation),
    (0x00F3C, 0x00F3C, Category::OpenPunctuation), (0x00F3D, 0x00F3D, Category::ClosePunctuation),
    (0x00F3E, 0x00F3F, Category::SpacingMark), (0x00F40, 0x00F47, Category::OtherLetter),
    (0x00F49, 0x00F6C, Category::OtherLetter), (0x00F71, 0x00F7E, Category::NonspacingMark),
    (0x00F7F, 0x00F7F, Category::SpacingMark), (0x00F80, 0x00F84, Category::NonspacingMark),
    (0x00F85, 0x00F85, Category::OtherPunctuation), (0x00F86, 0x00F87, Category::NonspacingMark),
    (0x00F88, 0x00F8C, Category::OtherLetter), (0x00F8D, 0x00F97, Category::NonspacingMark),
    (0x00F99, 0x00FBC, Category::NonspacingMark), (0x00FBE, 0x00FC5, Category::OtherSymbol),
    (0x00FC6, 0x00FC6, Category::NonspacingMark), (0x00FC7, 0x00FCC, Category::OtherSymbol),
    (0x00FCE, 0x00FCF, Category::OtherSymbol), (0x00FD0, 0x00FD4, Category::OtherPunctuation),
    (0x00FD5, 0x00FD8, Category::OtherSymbol), (0x00FD9, 0x00FDA, Category::OtherPunctuation),
    (0x01000, 0x0102A, Category::OtherLetter), (0x0102B, 0x0102C, Category::SpacingMark),
    (0x0102D, 0x01030, Category::NonspacingMark), (0x01031, 0x01031, Category::SpacingMark),
    (0x01032, 0x01037, Category::NonspacingMark), (0x01038, 0x01038, Category::SpacingMark),
    (0x01039, 0x0103A, Category::NonspacingMark), (0x0103B, 0x0103C, Category::SpacingMark),
    (0x0103D, 0x0103E, Category::NonspacingMark), (0x0103F, 0x0103F, Category::OtherLetter),
    (0x01040, 0x01049, Category::DecimalNumber), (0x0104A, 0x0104F, Category::OtherPunctuation),
    (0x01050, 0x01055, Category::OtherLetter), (0x01056, 0x01057, Category::SpacingMark),
    (0x01058, 0x01059, Category::NonspacingMark), (0x0105A, 0x0105D, Category::OtherLetter),
    (0x0105E, 0x01060, Category::NonspacingMark), (0x01061, 0x01061, Category::OtherLetter),
    (0x01062, 0x01064, Category::SpacingMark), (0x01065, 0x01066, Category::OtherLetter),
    (0x01067, 0x0106D, Category::SpacingMark), (0x0106E, 0x01070, Category::OtherLetter),
    (0x01071, 0x01074, Category::NonspacingMark), (0x01075, 0x01081, Category::OtherLetter),
    (0x01082, 0x01082, Category::NonspacingMark), (0x01083, 0x01084, Category::SpacingMark),
    (0x01085, 0x01086, Category::NonspacingMark), (0x01087, 0x0108C, Category::SpacingMark),
    (0x0108D, 0x0108D, Category::NonspacingMark), (0x0108E, 0x0108E, Category::OtherLetter),
    (0x0108F, 0x0108F, Category::SpacingMark), (0x01090, 0x01099, Category::DecimalNumber),
    (0x0109A, 0x0109C, Category::SpacingMark), (0x0109D, 0x0109D, Category::NonspacingMark),
    (0x0109E, 0x0109F, Category::OtherSymbol), (0x010A0, 0x010C5, Category::UppercaseLetter),
    (0x010C7, 0x010C7, Category::UppercaseLetter), (0x010CD, 0x010CD, Category::UppercaseLetter),
    (0x010D0, 0x010FA, Category::LowercaseLetter), (0x010FB, 0x010FB, Category::OtherPunctuation),
    (0x010FC, 0x010FC, Category::ModifierLetter), (0x010FD, 0x010FF, Category::LowercaseLetter),
    (0x01100, 0x01248, Category::OtherLetter), (0x0124A, 0x0124D, Category::OtherLetter),
    (0x01250, 0x01256, Category::OtherLetter), (0x01258, 0x01258, Category::OtherLetter),
    (0x0125A, 0x0125D, Category::OtherLetter), (0x01260, 0x01288, Category::OtherLetter),
    (0x0128A, 0x0128D, Category::OtherLetter), (0x01290, 0x012B0, Category::OtherLetter),
    (0x012B2, 0x012B5, Category::OtherLetter), (0x012B8, 0x012BE, Category::OtherLetter),
    (0x012C0, 0x012C0, Category::OtherLetter), (0x012C2, 0x012C5, Category::OtherLetter),
    (0x012C8, 0x012D6, Category::OtherLetter), (0x012D8, 0x01310, Category::OtherLetter),
    (0x01312, 0x01315, Category::OtherLetter), (0x01318, 0x0135A, Category::OtherLetter),
    (0x0135D, 0x0135F, Category::NonspacingMark), (0x01360, 0x01368, Category::OtherPunctuation),
    (0x01369, 0x0137C, Category::OtherNumber), (0x01380, 0x0138F, Category::OtherLetter),
    (0x01390, 0x01399, Category::OtherSymbol), (0x013A0, 0x013F5, Category::UppercaseLetter),
    (0x013F8, 0x013FD, Category::LowercaseLetter), (0x01400, 0x01400, Category::DashPunctuation),
    (0x01401, 0x0166C, Category::OtherLetter), (0x0166D, 0x0166D, Category::OtherSymbol),
    (0x0166E, 0x0166E, Category::OtherPunctuation), (0x0166F, 0x0167F, Category::OtherLetter),
    (0x01680, 0x01680, Category::SpaceSeparator), (0x01681, 0x0169A, Category::OtherLetter),
    (0x0169B, 0x0169B, Category::OpenPunctuation), (0x0169C, 0x0169C, Category::ClosePunctuation),
    (0x016A0, 0x016EA, Category::OtherLetter), (0x016EB, 0x016ED, Category::OtherPunctuation),
    (0x016EE, 0x016F0, Category::LetterNumber), (0x016F1, 0x016F8, Category::OtherLetter),
    (0x01700, 0x01711, Category::OtherLetter), (0x01712, 0x01714, Category::NonspacingMark),
    (0x01715, 0x01715, Category::SpacingMark), (0x0171F, 0x01731, Category::OtherLetter),
    (0x01732, 0x01733, Category::NonspacingMark), (0x01734, 0x01734, Category::SpacingMark),
    (0x01735, 0x01736, Category::OtherPunctuation), (0x01740, 0x01751, Category::OtherLetter),
    (0x01752, 0x01753, Category::NonspacingMark), (0x01760, 0x0176C, Category::OtherLetter),
    (0x0176E, 0x01770, Category::OtherLetter), (0x01772, 0x01773, Category::NonspacingMark),
    (0x01780, 0x017B3, Category::OtherLetter), (0x017B4, 0x017B5, Category::NonspacingMark),
    (0x017B6, 0x017B6, Category::SpacingMark), (0x017B7, 0x017BD, Category::NonspacingMark),
    (0x017BE, 0x017C5, Category::SpacingMark), (0x017C6, 0x017C6, Category::NonspacingMark),
    (0x017C7, 0x017C8, Category::SpacingMark), (0x017C9, 0x017D3, Category::NonspacingMark),
    (0x017D4, 0x017D6, Category::OtherPunctuation), (0x017D7, 0x017D7, Category::ModifierLetter),
    (0x017D8, 0x017DA, Category::OtherPunctuation), (0x017DB, 0x017DB, Category::CurrencySymbol),
    (0x017DC, 0x017DC, Category::OtherLetter), (0x017DD, 0x017DD, Category::NonspacingMark),
    (0x017E0, 0x017E9, Category::DecimalNumber), (0x017F0, 0x017F9, Category::OtherNumber),
    (0x01800, 0x01805, Category::OtherPunctuation), (0x01806, 0x01806, Category::DashPunctuation),
    (0x01807, 0x0180A, Category::OtherPunctuation), (0x0180B, 0x0180D, Category::NonspacingMark),
    (0x0180E, 0x0180E, Category::Format), (0x0180F, 0x0180F, Category::NonspacingMark),
    (0x01810, 0x01819, Category::DecimalNumber), (0x01820, 0x01842, Category::OtherLetter),
    (0x01843, 0x01843, Category::ModifierLetter), (0x01844, 0x01878, Category::OtherLetter),
    (0x01880, 0x01884, Category::OtherLetter), (0x01885, 0x01886, Category::NonspacingMark),
    (0x01887, 0x018A8, Category::OtherLetter), (0x018A9, 0x018A9, Category::NonspacingMark),
    (0x018AA, 0x018AA, Category::OtherLetter), (0x018B0, 0x018F5, Category::OtherLetter),
    (0x01900, 0x0191E, Category::OtherLetter), (0x01920, 0x01922, Category::NonspacingMark),
    (0x01923, 0x01926, Category::SpacingMark), (0x01927, 0x01928, Category::NonspacingMark),
    (0x01929, 0x0192B, Category::SpacingMark), (0x01930, 0x01931, Category::SpacingMark),
    (0x01932, 0x01932, Category::NonspacingMark), (0x01933, 0x01938, Category::SpacingMark),
    (0x01939, 0x0193B, Category::NonspacingMark), (0x01940, 0x01940, Category::OtherSymbol),
    (0x01944, 0x01945, Category::OtherPunctuation), (0x01946, 0x0194F, Category::DecimalNumber),
    (0x01950, 0x0196D, Category::OtherLetter), (0x01970, 0x01974, Category::OtherLetter),
    (0x01980, 0x019AB, Category::OtherLetter), (0x019B0, 0x019C9, Category::OtherLetter),
    (0x019D0, 0x019D9, Category::DecimalNumber), (0x019DA, 0x019DA, Category::OtherNumber),
    (0x019DE, 0x019FF, Category::OtherSymbol), (0x01A00, 0x01A16, Category::OtherLetter),
    (0x01A17, 0x01A18, Category::NonspacingMark), (0x01A19, 0x01A1A, Category::SpacingMark),
    (0x01A1B, 0x01A1B, Category::NonspacingMark), (0x01A1E, 0x01A1F, Category::OtherPunctuation),
    (0x01A20, 0x01A54, Category::OtherLetter), (0x01A55, 0x01A55, Category::SpacingMark),
    (0x01A56, 0x01A56, Category::NonspacingMark), (0x01A57, 0x01A57, Category::SpacingMark),
    (0x01A58, 0x01A5E, Category::NonspacingMark), (0x01A60, 0x01A60, Category::NonspacingMark),
    (0x01A61, 0x01A61, Category::SpacingMark), (0x01A62, 0x01A62, Category::NonspacingMark),
    (0x01A63, 0x01A64, Category::SpacingMark), (0x01A65, 0x01A6C, Category::NonspacingMark),
    (0x01A6D, 0x01A72, Category::SpacingMark), (0x01A73, 0x01A7C, Category::NonspacingMark),
    (0x01A7F, 0x01A7F, Category::NonspacingMark), (0x01A80, 0x01A89, Category::DecimalNumber),
    (0x01A90, 0x01A99, Category::DecimalNumber), (0x01AA0, 0x01AA6, Category::OtherPunctuation),
    (0x01AA7, 0x01AA7, Category::ModifierLetter), (0x01AA8, 0x01AAD, Category::OtherPunctuation),
    (0x01AB0, 0x01ABD, Category::NonspacingMark), (0x01ABE, 0x01ABE, Category::EnclosingMark),
    (0x01ABF, 0x01ADD, Category::NonspacingMark), (0x01AE0, 0x01AEB, Category::NonspacingMark),
    (0x01B00, 0x01B03, Category::NonspacingMark), (0x01B04, 0x01B04, Category::SpacingMark),
    (0x01B05, 0x01B33, Category::OtherLetter), (0x01B34, 0x01B34, Category::NonspacingMark),
    (0x01B35, 0x01B35, Category::SpacingMark), (0x01B36, 0x01B3A, Category::NonspacingMark),
    (0x01B3B, 0x01B3B, Category::SpacingMark), (0x01B3C, 0x01B3C, Category::NonspacingMark),
    (0x01B3D, 0x01B41, Category::SpacingMark), (0x01B42, 0x01B42, Category::NonspacingMark),
    (0x01B43, 0x01B44, Category::SpacingMark), (0x01B45, 0x01B4C, Category::OtherLetter),
    (0x01B4E, 0x01B4F, Category::OtherPunctuation), (0x01B50, 0x01B59, Category::DecimalNumber),
    (0x01B5A, 0x01B60, Category::OtherPunctuation), (0x01B61, 0x01B6A, Category::OtherSymbol),
    (0x01B6B, 0x01B73, Category::NonspacingMark), (0x01B74, 0x01B7C, Category::OtherSymbol),
    (0x01B7D, 0x01B7F, Category::OtherPunctuation), (0x01B80, 0x01B81, Category::NonspacingMark),
    (0x01B82, 0x01B82, Category::SpacingMark), (0x01B83, 0x01BA0, Category::OtherLetter),
    (0x01BA1, 0x01BA1, Category::SpacingMark), (0x01BA2, 0x01BA5, Category::NonspacingMark),
    (0x01BA6, 0x01BA7, Category::SpacingMark), (0x01BA8, 0x01BA9, Category::NonspacingMark),
    (0x01BAA, 0x01BAA, Category::SpacingMark), (0x01BAB, 0x01BAD, Category::NonspacingMark),
    (0x01BAE, 0x01BAF, Category::OtherLetter), (0x01BB0, 0x01BB9, Category::DecimalNumber),
    (0x01BBA, 0x01BE5, Category::OtherLetter), (0x01BE6, 0x01BE6, Category::NonspacingMark),
    (0x01BE7, 0x01BE7, Category::SpacingMark), (0x01BE8, 0x01BE9, Category::NonspacingMark),
    (0x01BEA, 0x01BEC, Category::SpacingMark), (0x01BED, 0x01BED, Category::NonspacingMark),
    (0x01BEE, 0x01BEE, Category::SpacingMark), (0x01BEF, 0x01BF1, Category::NonspacingMark),
    (0x01BF2, 0x01BF3, Category::SpacingMark), (0x01BFC, 0x01BFF, Category::OtherPunctuation),
    (0x01C00, 0x01C23, Category::OtherLetter), (0x01C24, 0x01C2B, Category::SpacingMark),
    (0x01C2C, 0x01C33, Category::NonspacingMark), (0x01C34, 0x01C35, Category::SpacingMark),
    (0x01C36, 0x01C37, Category::NonspacingMark), (0x01C3B, 0x01C3F, Category::OtherPunctuation),
    (0x01C40, 0x01C49, Category::DecimalNumber), (0x01C4D, 0x01C4F, Category::OtherLetter),
    (0x01C50, 0x01C59, Category::DecimalNumber), (0x01C5A, 0x01C77, Category::OtherLetter),
    (0x01C78, 0x01C7D, Category::ModifierLetter), (0x01C7E, 0x01C7F, Category::OtherPunctuation),
    (0x01C80, 0x01C88, Category::LowercaseLetter), (0x01C89, 0x01C89, Category::UppercaseLetter),
    (0x01C8A, 0x01C8A, Category::LowercaseLetter), (0x01C90, 0x01CBA, Category::UppercaseLetter),
    (0x01CBD, 0x01CBF, Category::UppercaseLetter), (0x01CC0, 0x01CC7, Category::OtherPunctuation),
    (0x01CD0, 0x01CD2, Category::NonspacingMark), (0x01CD3, 0x01CD3, Category::OtherPunctuation),
    (0x01CD4, 0x01CE0, Category::NonspacingMark), (0x01CE1, 0x01CE1, Category::SpacingMark),
    (0x01CE2, 0x01CE8, Category::NonspacingMark), (0x01CE9, 0x01CEC, Category::OtherLetter),
    (0x01CED, 0x01CED, Category::NonspacingMark), (0x01CEE, 0x01CF3, Category::OtherLetter),
    (0x01CF4, 0x01CF4, Category::NonspacingMark), (0x01CF5, 0x01CF6, Category::OtherLetter),
    (0x01CF7, 0x01CF7, Category::SpacingMark), (0x01CF8, 0x01CF9, Category::NonspacingMark),
    (0x01CFA, 0x01CFA, Category::OtherLetter), (0x01D00, 0x01D2B, Category::LowercaseLetter),
    (0x01D2C, 0x01D6A, Category::ModifierLetter), (0x01D6B, 0x01D77, Category::LowercaseLetter),
    (0x01D78, 0x01D78, Category::ModifierLetter), (0x01D79, 0x01D9A, Category::LowercaseLetter),
    (0x01D9B, 0x01DBF, Category::ModifierLetter), (0x01DC0, 0x01DFF, Category::NonspacingMark),
    (0x01E00, 0x01E00, Category::UppercaseLetter), (0x01E01, 0x01E01, Category::LowercaseLetter),
    (0x01E02, 0x01E02, Category::UppercaseLetter), (0x01E03, 0x01E03, Category::LowercaseLetter),
    (0x01E04, 0x01E04, Category::UppercaseLetter), (0x01E05, 0x01E05, Category::LowercaseLetter),
    (0x01E06, 0x01E06, Category::UppercaseLetter), (0x01E07, 0x01E07, Category::LowercaseLetter),
    (0x01E08, 0x01E08, Category::UppercaseLetter), (0x01E09, 0x01E09, Category::LowercaseLetter),
    (0x01E0A, 0x01E0A, Category::UppercaseLetter), (0x01E0B, 0x01E0B, Category::LowercaseLetter),
    (0x01E0C, 0x01E0C, Category::UppercaseLetter), (0x01E0D, 0x01E0D, Category::LowercaseLetter),
    (0x01E0E, 0x01E0E, Category::UppercaseLetter), (0x01E0F, 0x01E0F, Category::LowercaseLetter),
    (0x01E10, 0x01E10, Category::UppercaseLetter), (0x01E11, 0x01E11, Category::LowercaseLetter),
    (0x01E12, 0x01E12, Category::UppercaseLetter), (0x01E13, 0x01E13, Category::LowercaseLetter),
    (0x01E14, 0x01E14, Category::UppercaseLetter), (0x01E15, 0x01E15, Category::LowercaseLetter),
    (0x01E16, 0x01E16, Category::UppercaseLetter), (0x01E17, 0x01E17, Category::LowercaseLetter),
    (0x01E18, 0x01E18, Category::UppercaseLetter), (0x01E19, 0x01E19, Category::LowercaseLetter),
    (0x01E1A, 0x01E1A, Category::UppercaseLetter), (0x01E1B, 0x01E1B, Category::LowercaseLetter),
    (0x01E1C, 0x01E1C, Category::UppercaseLetter), (0x01E1D, 0x01E1D, Category::LowercaseLetter),
    (0x01E1E, 0x01E1E, Category::UppercaseLetter), (0x01E1F, 0x01E1F, Category::LowercaseLetter),
    (0x01E20, 0x01E20, Category::UppercaseLetter), (0x01E21, 0x01E21, Category::LowercaseLetter),
    (0x01E22, 0x01E22, Category::UppercaseLetter), (0x01E23, 0x01E23, Category::LowercaseLetter),
    (0x01E24, 0x01E24, Category::UppercaseLetter), (0x01E25, 0x01E25, Category::LowercaseLetter),
    (0x01E26, 0x01E26, Category::UppercaseLetter), (0x01E27, 0x01E27, Category::LowercaseLetter),
    (0x01E28, 0x01E28, Category::UppercaseLetter), (0x01E29, 0x01E29, Category::LowercaseLetter),
    (0x01E2A, 0x01E2A, Category::UppercaseLetter), (0x01E2B, 0x01E2B, Category::LowercaseLetter),
    (0x01E2C, 0x01E2C, Category::UppercaseLetter), (0x01E2D, 0x01E2D, Category::LowercaseLetter),
    (0x01E2E, 0x01E2E, Category::UppercaseLetter), (0x01E2F, 0x01E2F, Category::LowercaseLetter),
    (0x01E30, 0x01E30, Category::UppercaseLetter), (0x01E31, 0x01E31, Category::LowercaseLetter),
    (0x01E32, 0x01E32, Category::UppercaseLetter), (0x01E33, 0x01E33, Category::LowercaseLetter),
    (0x01E34, 0x01E34, Category::UppercaseLetter), (0x01E35, 0x01E35, Category::LowercaseLetter),
    (0x01E36, 0x01E36, Category::UppercaseLetter), (0x01E37, 0x01E37, Category::LowercaseLetter),
    (0x01E38, 0x01E38, Category::UppercaseLetter), (0x01E39, 0x01E39, Category::LowercaseLetter),
    (0x01E3A, 0x01E3A, Category::UppercaseLetter), (0x01E3B, 0x01E3B, Category::LowercaseLetter),
    (0x01E3C, 0x01E3C, Category::UppercaseLetter), (0x01E3D, 0x01E3D, Category::LowercaseLetter),
    (0x01E3E, 0x01E3E, Category::UppercaseLetter), (0x01E3F, 0x01E3F, Category::LowercaseLetter),
    (0x01E40, 0x01E40, Category::UppercaseLetter), (0x01E41, 0x01E41, Category::LowercaseLetter),
    (0x01E42, 0x01E42, Category::UppercaseLetter), (0x01E43, 0x01E43, Category::LowercaseLetter),
    (0x01E44, 0x01E44, Category::UppercaseLetter), (0x01E45, 0x01E45, Category::LowercaseLetter),
    (0x01E46, 0x01E46, Category::UppercaseLetter), (0x01E47, 0x01E47, Category::LowercaseLetter),
    (0x01E48, 0x01E48, Category::UppercaseLetter), (0x01E49, 0x01E49, Category::LowercaseLetter),
    (0x01E4A, 0x01E4A, Category::UppercaseLetter), (0x01E4B, 0x01E4B, Category::LowercaseLetter),
    (0x01E4C, 0x01E4C, Category::UppercaseLetter), (0x01E4D, 0x01E4D, Category::LowercaseLetter),
    (0x01E4E, 0x01E4E, Category::UppercaseLetter), (0x01E4F, 0x01E4F, Category::LowercaseLetter),
    (0x01E50, 0x01E50, Category::UppercaseLetter), (0x01E51, 0x01E51, Category::LowercaseLetter),
    (0x01E52, 0x01E52, Category::UppercaseLetter), (0x01E53, 0x01E53, Category::LowercaseLetter),
    (0x01E54, 0x01E54, Category::UppercaseLetter), (0x01E55, 0x01E55, Category::LowercaseLetter),
    (0x01E56, 0x01E56, Category::UppercaseLetter), (0x01E57, 0x01E57, Category::LowercaseLetter),
    (0x01E58, 0x01E58, Category::UppercaseLetter), (0x01E59, 0x01E59, Category::LowercaseLetter),
    (0x01E5A, 0x01E5A, Category::UppercaseLetter), (0x01E5B, 0x01E5B, Category::LowercaseLetter),
    (0x01E5C, 0x01E5C, Category::UppercaseLetter), (0x01E5D, 0x01E5D, Category::LowercaseLetter),
    (0x01E5E, 0x01E5E, Category::UppercaseLetter), (0x01E5F, 0x01E5F, Category::LowercaseLetter),
    (0x01E60, 0x01E60, Category::UppercaseLetter), (0x01E61, 0x01E61, Category::LowercaseLetter),
    (0x01E62, 0x01E62, Category::UppercaseLetter), (0x01E63, 0x01E63, Category::LowercaseLetter),
    (0x01E64, 0x01E64, Category::UppercaseLetter), (0x01E65, 0x01E65, Category::LowercaseLetter),
    (0x01E66, 0x01E66, Category::UppercaseLetter), (0x01E67, 0x01E67, Category::LowercaseLetter),
    (0x01E68, 0x01E68, Category::UppercaseLetter), (0x01E69, 0x01E69, Category::LowercaseLetter),
    (0x01E6A, 0x01E6A, Category::UppercaseLetter), (0x01E6B, 0x01E6B, Category::LowercaseLetter),
    (0x01E6C, 0x01E6C, Category::UppercaseLetter), (0x01E6D, 0x01E6D, Category::LowercaseLetter),
    (0x01E6E, 0x01E6E, Category::UppercaseLetter), (0x01E6F, 0x01E6F, Category::LowercaseLetter),
    (0x01E70, 0x01E70, Category::UppercaseLetter), (0x01E71, 0x01E71, Category::LowercaseLetter),
    (0x01E72, 0x01E72, Category::UppercaseLetter), (0x01E73, 0x01E73, Category::LowercaseLetter),
    (0x01E74, 0x01E74, Category::UppercaseLetter), (0x01E75, 0x01E75, Category::LowercaseLetter),
    (0x01E76, 0x01E76, Category::UppercaseLetter), (0x01E77, 0x01E77, Category::LowercaseLetter),
    (0x01E78, 0x01E78, Category::UppercaseLetter), (0x01E79, 0x01E79, Category::LowercaseLetter),
    (0x01E7A, 0x01E7A, Category::UppercaseLetter), (0x01E7B, 0x01E7B, Category::LowercaseLetter),
    (0x01E7C, 0x01E7C, Category::UppercaseLetter), (0x01E7D, 0x01E7D, Category::LowercaseLetter),
    (0x01E7E, 0x01E7E, Category::UppercaseLetter), (0x01E7F, 0x01E7F, Category::LowercaseLetter),
    (0x01E80, 0x01E80, Category::UppercaseLetter), (0x01E81, 0x01E81, Category::LowercaseLetter),
    (0x01E82, 0x01E82, Category::UppercaseLetter), (0x01E83, 0x01E83, Category::LowercaseLetter),
    (0x01E84, 0x01E84, Category::UppercaseLetter), (0x01E85, 0x01E85, Category::LowercaseLetter),
    (0x01E86, 0x01E86, Category::UppercaseLetter), (0x01E87, 0x01E87, Category::LowercaseLetter),
    (0x01E88, 0x01E88, Category::UppercaseLetter), (0x01E89, 0x01E89, Category::LowercaseLetter),
    (0x01E8A, 0x01E8A, Category::UppercaseLetter), (0x01E8B, 0x01E8B, Category::LowercaseLetter),
    (0x01E8C, 0x01E8C, Category::UppercaseLetter), (0x01E8D, 0x01E8D, Category::LowercaseLetter),
    (0x01E8E, 0x01E8E, Category::UppercaseLetter), (0x01E8F, 0x01E8F, Category::LowercaseLetter),
    (0x01E90, 0x01E90, Category::UppercaseLetter), (0x01E91, 0x01E91, Category::LowercaseLetter),
    (0x01E92, 0x01E92, Category::UppercaseLetter), (0x01E93, 0x01E93, Category::LowercaseLetter),
    (0x01E94, 0x01E94, Category::UppercaseLetter), (0x01E95, 0x01E9D, Category::LowercaseLetter),
    (0x01E9E, 0x01E9E, Category::UppercaseLetter), (0x01E9F, 0x01E9F, Category::LowercaseLetter),
    (0x01EA0, 0x01EA0, Category::UppercaseLetter), (0x01EA1, 0x01EA1, Category::LowercaseLetter),
    (0x01EA2, 0x01EA2, Category::UppercaseLetter), (0x01EA3, 0x01EA3, Category::LowercaseLetter),
    (0x01EA4, 0x01EA4, Category::UppercaseLetter), (0x01EA5, 0x01EA5, Category::LowercaseLetter),
    (0x01EA6, 0x01EA6, Category::UppercaseLetter), (0x01EA7, 0x01EA7, Category::LowercaseLetter),
    (0x01EA8, 0x01EA8, Category::UppercaseLetter), (0x01EA9, 0x01EA9, Category::LowercaseLetter),
    (0x01EAA, 0x01EAA, Category::UppercaseLetter), (0x01EAB, 0x01EAB, Category::LowercaseLetter),
    (0x01EAC, 0x01EAC, Category::UppercaseLetter), (0x01EAD, 0x01EAD, Category::LowercaseLetter),
    (0x01EAE, 0x01EAE, Category::UppercaseLetter), (0x01EAF, 0x01EAF, Category::LowercaseLetter),
    (0x01EB0, 0x01EB0, Category::UppercaseLetter), (0x01EB1, 0x01EB1, Category::LowercaseLetter),
    (0x01EB2, 0x01EB2, Category::UppercaseLetter), (0x01EB3, 0x01EB3, Category::LowercaseLetter),
    (0x01EB4, 0x01EB4, Category::UppercaseLetter), (0x01EB5, 0x01EB5, Category::LowercaseLetter),
    (0x01EB6, 0x01EB6, Category::UppercaseLetter), (0x01EB7, 0x01EB7, Category::LowercaseLetter),
    (0x01EB8, 0x01EB8, Category::UppercaseLetter), (0x01EB9, 0x01EB9, Category::LowercaseLetter),
    (0x01EBA, 0x01EBA, Category::UppercaseLetter), (0x01EBB, 0x01EBB, Category::LowercaseLetter),
    (0x01EBC, 0x01EBC, Category::UppercaseLetter), (0x01EBD, 0x01EBD, Category::LowercaseLetter),
    (0x01EBE, 0x01EBE, Category::UppercaseLetter), (0x01EBF, 0x01EBF, Category::LowercaseLetter),
    (0x01EC0, 0x01EC0, Category::UppercaseLetter), (0x01EC1, 0x01EC1, Category::LowercaseLetter),
    (0x01EC2, 0x01EC2, Category::UppercaseLetter), (0x01EC3, 0x01EC3, Category::LowercaseLetter),
    (0x01EC4, 0x01EC4, Category::UppercaseLetter), (0x01EC5, 0x01EC5, Category::LowercaseLetter),
    (0x01EC6, 0x01EC6, Category::UppercaseLetter), (0x01EC7, 0x01EC7, Category::LowercaseLetter),
    (0x01EC8, 0x01EC8, Category::UppercaseLetter), (0x01EC9, 0x01EC9, Category::LowercaseLetter),
    (0x01ECA, 0x01ECA, Category::UppercaseLetter), (0x01ECB, 0x01ECB, Category::LowercaseLetter),
    (0x01ECC, 0x01ECC, Category::UppercaseLetter), (0x01ECD, 0x01ECD, Category::LowercaseLetter),
    (0x01ECE, 0x01ECE, Category::UppercaseLetter), (0x01ECF, 0x01ECF, Category::LowercaseLetter),
    (0x01ED0, 0x01ED0, Category::UppercaseLetter), (0x01ED1, 0x01ED1, Category::LowercaseLetter),
    (0x01ED2, 0x01ED2, Category::UppercaseLetter), (0x01ED3, 0x01ED3, Category::LowercaseLetter),
    (0x01ED4, 0x01ED4, Category::UppercaseLetter), (0x01ED5, 0x01ED5, Category::LowercaseLetter),
    (0x01ED6, 0x01ED6, Category::UppercaseLetter), (0x01ED7, 0x01ED7, Category::LowercaseLetter),
    (0x01ED8, 0x01ED8, Category::UppercaseLetter), (0x01ED9, 0x01ED9, Category::LowercaseLetter),
    (0x01EDA, 0x01EDA, Category::UppercaseLetter), (0x01EDB, 0x01EDB, Category::LowercaseLetter),
    (0x01EDC, 0x01EDC, Category::UppercaseLetter), (0x01EDD, 0x01EDD, Category::LowercaseLetter),
    (0x01EDE, 0x01EDE, Category::UppercaseLetter), (0x01EDF, 0x01EDF, Category::LowercaseLetter),
    (0x01EE0, 0x01EE0, Category::UppercaseLetter), (0x01EE1, 0x01EE1, Category::LowercaseLetter),
    (0x01EE2, 0x01EE2, Category::UppercaseLetter), (0x01EE3, 0x01EE3, Category::LowercaseLetter),
    (0x01EE4, 0x01EE4, Category::UppercaseLetter), (0x01EE5, 0x01EE5, Category::LowercaseLetter),
    (0x01EE6, 0x01EE6, Category::UppercaseLetter), (0x01EE7, 0x01EE7, Category::LowercaseLetter),
    (0x01EE8, 0x01EE8, Category::UppercaseLetter), (0x01EE9, 0x01EE9, Category::LowercaseLetter),
    (0x01EEA, 0x01EEA, Category::UppercaseLetter), (0x01EEB, 0x01EEB, Category::LowercaseLetter),
    (0x01EEC, 0x01EEC, Category::UppercaseLetter), (0x01EED, 0x01EED, Category::LowercaseLetter),
    (0x01EEE, 0x01EEE, Category::UppercaseLetter), (0x01EEF, 0x01EEF, Category::LowercaseLetter),
    (0x01EF0, 0x01EF0, Category::UppercaseLetter), (0x01EF1, 0x01EF1, Category::LowercaseLetter),
    (0x01EF2, 0x01EF2, Category::UppercaseLetter), (0x01EF3, 0x01EF3, Category::LowercaseLetter),
    (0x01EF4, 0x01EF4, Category::UppercaseLetter), (0x01EF5, 0x01EF5, Category::LowercaseLetter),
    (0x01EF6, 0x01EF6, Category::UppercaseLetter), (0x01EF7, 0x01EF7, Category::LowercaseLetter),
    (0x01EF8, 0x01EF8, Category::UppercaseLetter), (0x01EF9, 0x01EF9, Category::LowercaseLetter),
    (0x01EFA, 0x01EFA, Category::UppercaseLetter), (0x01EFB, 0x01EFB, Category::LowercaseLetter),
    (0x01EFC, 0x01EFC, Category::UppercaseLetter), (0x01EFD, 0x01EFD, Category::LowercaseLetter),
    (0x01EFE, 0x01EFE, Category::UppercaseLetter), (0x01EFF, 0x01F07, Category::LowercaseLetter),
    (0x01F08, 0x01F0F, Category::UppercaseLetter), (0x01F10, 0x01F15, Category::LowercaseLetter),
    (0x01F18, 0x01F1D, Category::UppercaseLetter), (0x01F20, 0x01F27, Category::LowercaseLetter),
    (0x01F28, 0x01F2F, Category::UppercaseLetter), (0x01F30, 0x01F37, Category::LowercaseLetter),
    (0x01F38, 0x01F3F, Category::UppercaseLetter), (0x01F40, 0x01F45, Category::LowercaseLetter),
    (0x01F48, 0x01F4D, Category::UppercaseLetter), (0x01F50, 0x01F57, Category::LowercaseLetter),
    (0x01F59, 0x01F59, Category::UppercaseLetter), (0x01F5B, 0x01F5B, Category::UppercaseLetter),
    (0x01F5D, 0x01F5D, Category::UppercaseLetter), (0x01F5F, 0x01F5F, Category::UppercaseLetter),
    (0x01F60, 0x01F67, Category::LowercaseLetter), (0x01F68, 0x01F6F, Category::UppercaseLetter),
    (0x01F70, 0x01F7D, Category::LowercaseLetter), (0x01F80, 0x01F87, Category::LowercaseLetter),
    (0x01F88, 0x01F8F, Category::TitlecaseLetter), (0x01F90, 0x01F97, Category::LowercaseLetter),
    (0x01F98, 0x01F9F, Category::TitlecaseLetter), (0x01FA0, 0x01FA7, Category::LowercaseLetter),
    (0x01FA8, 0x01FAF, Category::TitlecaseLetter), (0x01FB0, 0x01FB4, Category::LowercaseLetter),
    (0x01FB6, 0x01FB7, Category::LowercaseLetter), (0x01FB8, 0x01FBB, Category::UppercaseLetter),
    (0x01FBC, 0x01FBC, Category::TitlecaseLetter), (0x01FBD, 0x01FBD, Category::ModifierSymbol),
    (0x01FBE, 0x01FBE, Category::LowercaseLetter), (0x01FBF, 0x01FC1, Category::ModifierSymbol),
    (0x01FC2, 0x01FC4, Category::LowercaseLetter), (0x01FC6, 0x01FC7, Category::LowercaseLetter),
    (0x01FC8, 0x01FCB, Category::UppercaseLetter), (0x01FCC, 0x01FCC, Category::TitlecaseLetter),
    (0x01FCD, 0x01FCF, Category::ModifierSymbol), (0x01FD0, 0x01FD3, Category::LowercaseLetter),
    (0x01FD6, 0x01FD7, Category::LowercaseLetter), (0x01FD8, 0x01FDB, Category::UppercaseLetter),
    (0x01FDD, 0x01FDF, Category::ModifierSymbol), (0x01FE0, 0x01FE7, Category::LowercaseLetter),
    (0x01FE8, 0x01FEC, Category::UppercaseLetter), (0x01FED, 0x01FEF, Category::ModifierSymbol),
    (0x01FF2, 0x01FF4, Category::LowercaseLetter), (0x01FF6, 0x01FF7, Category::LowercaseLetter),
    (0x01FF8, 0x01FFB, Category::UppercaseLetter), (0x01FFC, 0x01FFC, Category::TitlecaseLetter),
    (0x01FFD, 0x01FFE, Category::ModifierSymbol), (0x02000, 0x0200A, Category::SpaceSeparator),
    (0x0200B, 0x0200F, Category::Format), (0x02010, 0x02015, Category::DashPunctuation),
    (0x02016, 0x02017, Category::OtherPunctuation),
    (0x02018, 0x02018, Category::InitialPunctuation),
    (0x02019, 0x02019, Category::FinalPunctuation), (0x0201A, 0x0201A, Category::OpenPunctuation),
    (0x0201B, 0x0201C, Category::InitialPunctuation),
    (0x0201D, 0x0201D, Category::FinalPunctuation), (0x0201E, 0x0201E, Category::OpenPunctuation),
    (0x0201F, 0x0201F, Category::InitialPunctuation),
    (0x02020, 0x02027, Category::OtherPunctuation), (0x02028, 0x02028, Category::LineSeparator),
    (0x02029, 0x02029, Category::ParagraphSeparator), (0x0202A, 0x0202E, Category::Format),
    (0x0202F, 0x0202F, Category::SpaceSeparator), (0x02030, 0x02038, Category::OtherPunctuation),
    (0x02039, 0x02039, Category::InitialPunctuation),
    (0x0203A, 0x0203A, Category::FinalPunctuation), (0x0203B, 0x0203E, Category::OtherPunctuation),
    (0x0203F, 0x02040, Category::ConnectorPunctuation),
    (0x02041, 0x02043, Category::OtherPunctuation), (0x02044, 0x02044, Category::MathSymbol),
    (0x02045, 0x02045, Category::OpenPunctuation), (0x02046, 0x02046, Category::ClosePunctuation),
    (0x02047, 0x02051, Category::OtherPunctuation), (0x02052, 0x02052, Category::MathSymbol),
    (0x02053, 0x02053, Category::OtherPunctuation),
    (0x02054, 0x02054, Category::ConnectorPunctuation),
    (0x02055, 0x0205E, Category::OtherPunctuation), (0x0205F, 0x0205F, Category::SpaceSeparator),
    (0x02060, 0x02064, Category::Format), (0x02066, 0x0206F, Category::Format),
    (0x02070, 0x02070, Category::OtherNumber), (0x02071, 0x02071, Category::ModifierLetter),
    (0x02074, 0x02079, Category::OtherNumber), (0x0207A, 0x0207C, Category::MathSymbol),
    (0x0207D, 0x0207D, Category::OpenPunctuation), (0x0207E, 0x0207E, Category::ClosePunctuation),
    (0x0207F, 0x0207F, Category::ModifierLetter), (0x02080, 0x02089, Category::OtherNumber),
    (0x0208A, 0x0208C, Category::MathSymbol), (0x0208D, 0x0208D, Category::OpenPunctuation),
    (0x0208E, 0x0208E, Category::ClosePunctuation), (0x02090, 0x0209C, Category::ModifierLetter),
    (0x020A0, 0x020C1, Category::CurrencySymbol), (0x020D0, 0x020DC, Category::NonspacingMark),
    (0x020DD, 0x020E0, Category::EnclosingMark), (0x020E1, 0x020E1, Category::NonspacingMark),
    (0x020E2, 0x020E4, Category::EnclosingMark), (0x020E5, 0x020F0, Category::NonspacingMark),
    (0x02100, 0x02101, Category::OtherSymbol), (0x02102, 0x02102, Category::UppercaseLetter),
    (0x02103, 0x02106, Category::OtherSymbol), (0x02107, 0x02107, Category::UppercaseLetter),
    (0x02108, 0x02109, Category::OtherSymbol), (0x0210A, 0x0210A, Category::LowercaseLetter),
    (0x0210B, 0x0210D, Category::UppercaseLetter), (0x0210E, 0x0210F, Category::LowercaseLetter),
    (0x02110, 0x02112, Category::UppercaseLetter), (0x02113, 0x02113, Category::LowercaseLetter),
    (0x02114, 0x02114, Category::OtherSymbol), (0x02115, 0x02115, Category::UppercaseLetter),
    (0x02116, 0x02117, Category::OtherSymbol), (0x02118, 0x02118, Category::MathSymbol),
    (0x02119, 0x0211D, Category::UppercaseLetter), (0x0211E, 0x02123, Category::OtherSymbol),
    (0x02124, 0x02124, Category::UppercaseLetter), (0x02125, 0x02125, Category::OtherSymbol),
    (0x02126, 0x02126, Category::UppercaseLetter), (0x02127, 0x02127, Category::OtherSymbol),
    (0x02128, 0x02128, Category::UppercaseLetter), (0x02129, 0x02129, Category::OtherSymbol),
    (0x0212A, 0x0212D, Category::UppercaseLetter), (0x0212E, 0x0212E, Category::OtherSymbol),
    (0x0212F, 0x0212F, Category::LowercaseLetter), (0x02130, 0x02133, Category::UppercaseLetter),
    (0x02134, 0x02134, Category::LowercaseLetter), (0x02135, 0x02138, Category::OtherLetter),
    (0x02139, 0x02139, Category::LowercaseLetter), (0x0213A, 0x0213B, Category::OtherSymbol),
    (0x0213C, 0x0213D, Category::LowercaseLetter), (0x0213E, 0x0213F, Category::UppercaseLetter),
    (0x02140, 0x02144, Category::MathSymbol), (0x02145, 0x02145, Category::UppercaseLetter),
    (0x02146, 0x02149, Category::LowercaseLetter), (0x0214A, 0x0214A, Category::OtherSymbol),
    (0x0214B, 0x0214B, Category::MathSymbol), (0x0214C, 0x0214D, Category::OtherSymbol),
    (0x0214E, 0x0214E, Category::LowercaseLetter), (0x0214F, 0x0214F, Category::OtherSymbol),
    (0x02150, 0x0215F, Category::OtherNumber), (0x02160, 0x02182, Category::LetterNumber),
    (0x02183, 0x02183, Category::UppercaseLetter), (0x02184, 0x02184, Category::LowercaseLetter),
    (0x02185, 0x02188, Category::LetterNumber), (0x02189, 0x02189, Category::OtherNumber),
    (0x0218A, 0x0218B, Category::OtherSymbol), (0x02190, 0x02194, Category::MathSymbol),
    (0x02195, 0x02199, Category::OtherSymbol), (0x0219A, 0x0219B, Category::MathSymbol),
    (0x0219C, 0x0219F, Category::OtherSymbol), (0x021A0, 0x021A0, Category::MathSymbol),
    (0x021A1, 0x021A2, Category::OtherSymbol), (0x021A3, 0x021A3, Category::MathSymbol),
    (0x021A4, 0x021A5, Category::OtherSymbol), (0x021A6, 0x021A6, Category::MathSymbol),
    (0x021A7, 0x021AD, Category::OtherSymbol), (0x021AE, 0x021AE, Category::MathSymbol),
    (0x021AF, 0x021CD, Category::OtherSymbol), (0x021CE, 0x021CF, Category::MathSymbol),
    (0x021D0, 0x021D1, Category::OtherSymbol), (0x021D2, 0x021D2, Category::MathSymbol),
    (0x021D3, 0x021D3, Category::OtherSymbol), (0x021D4, 0x021D4, Category::MathSymbol),
    (0x021D5, 0x021F3, Category::OtherSymbol), (0x021F4, 0x022FF, Category::MathSymbol),
    (0x02300, 0x02307, Category::OtherSymbol), (0x02308, 0x02308, Category::OpenPunctuation),
    (0x02309, 0x02309, Category::ClosePunctuation), (0x0230A, 0x0230A, Category::OpenPunctuation),
    (0x0230B, 0x0230B, Category::ClosePunctuation), (0x0230C, 0x0231F, Category::OtherSymbol),
    (0x02320, 0x02321, Category::MathSymbol), (0x02322, 0x02328, Category::OtherSymbol),
    (0x02329, 0x02329, Category::OpenPunctuation), (0x0232A, 0x0232A, Category::ClosePunctuation),
    (0x0232B, 0x0237B, Category::OtherSymbol), (0x0237C, 0x0237C, Category::MathSymbol),
    (0x0237D, 0x0239A, Category::OtherSymbol), (0x0239B, 0x023B3, Category::MathSymbol),
    (0x023B4, 0x023DB, Category::OtherSymbol), (0x023DC, 0x023E1, Category::MathSymbol),
    (0x023E2, 0x02429, Category::OtherSymbol), (0x02440, 0x0244A, Category::OtherSymbol),
    (0x02460, 0x0249B, Category::OtherNumber), (0x0249C, 0x024E9, Category::OtherSymbol),
    (0x024EA, 0x024FF, Category::OtherNumber), (0x02500, 0x025B6, Category::OtherSymbol),
    (0x025B7, 0x025B7, Category::MathSymbol), (0x025B8, 0x025C0, Category::OtherSymbol),
    (0x025C1, 0x025C1, Category::MathSymbol), (0x025C2, 0x025F7, Category::OtherSymbol),
    (0x025F8, 0x025FF, Category::MathSymbol), (0x02600, 0x0266E, Category::OtherSymbol),
    (0x0266F, 0x0266F, Category::MathSymbol), (0x02670, 0x02767, Category::OtherSymbol),
    (0x02768, 0x02768, Category::OpenPunctuation), (0x02769, 0x02769, Category::ClosePunctuation),
    (0x0276A, 0x0276A, Category::OpenPunctuation), (0x0276B, 0x0276B, Category::ClosePunctuation),
    (0x0276C, 0x0276C, Category::OpenPunctuation), (0x0276D, 0x0276D, Category::ClosePunctuation),
    (0x0276E, 0x0276E, Category::OpenPunctuation), (0x0276F, 0x0276F, Category::ClosePunctuation),
    (0x02770, 0x02770, Category::OpenPunctuation), (0x02771, 0x02771, Category::ClosePunctuation),
    (0x02772, 0x02772, Category::OpenPunctuation), (0x02773, 0x02773, Category::ClosePunctuation),
    (0x02774, 0x02774, Category::OpenPunctuation), (0x02775, 0x02775, Category::ClosePunctuation),
    (0x02776, 0x02793, Category::OtherNumber), (0x02794, 0x027BF, Category::OtherSymbol),
    (0x027C0, 0x027C4, Category::MathSymbol), (0x027C5, 0x027C5, Category::OpenPunctuation),
    (0x027C6, 0x027C6, Category::ClosePunctuation), (0x027C7, 0x027E5, Category::MathSymbol),
    (0x027E6, 0x027E6, Category::OpenPunctuation), (0x027E7, 0x027E7, Category::ClosePunctuation),
    (0x027E8, 0x027E8, Category::OpenPunctuation), (0x027E9, 0x027E9, Category::ClosePunctuation),
    (0x027EA, 0x027EA, Category::OpenPunctuation), (0x027EB, 0x027EB, Category::ClosePunctuation),
    (0x027EC, 0x027EC, Category::OpenPunctuation), (0x027ED, 0x027ED, Category::ClosePunctuation),
    (0x027EE, 0x027EE, Category::OpenPunctuation), (0x027EF, 0x027EF, Category::ClosePunctuation),
    (0x027F0, 0x027FF, Category::MathSymbol), (0x02800, 0x028FF, Category::OtherSymbol),
    (0x02900, 0x02982, Category::MathSymbol), (0x02983, 0x02983, Category::OpenPunctuation),
    (0x02984, 0x02984, Category::ClosePunctuation), (0x02985, 0x02985, Category::OpenPunctuation),
    (0x02986, 0x02986, Category::ClosePunctuation), (0x02987, 0x02987, Category::OpenPunctuation),
    (0x02988, 0x02988, Category::ClosePunctuation), (0x02989, 0x02989, Category::OpenPunctuation),
    (0x0298A, 0x0298A, Category::ClosePunctuation), (0x0298B, 0x0298B, Category::OpenPunctuation),
    (0x0298C, 0x0298C, Category::ClosePunctuation), (0x0298D, 0x0298D, Category::OpenPunctuation),
    (0x0298E, 0x0298E, Category::ClosePunctuation), (0x0298F, 0x0298F, Category::OpenPunctuation),
    (0x02990, 0x02990, Category::ClosePunctuation), (0x02991, 0x02991, Category::OpenPunctuation),
    (0x02992, 0x02992, Category::ClosePunctuation), (0x02993, 0x02993, Category::OpenPunctuation),
    (0x02994, 0x02994, Category::ClosePunctuation), (0x02995, 0x02995, Category::OpenPunctuation),
    (0x02996, 0x02996, Category::ClosePunctuation), (0x02997, 0x02997, Category::OpenPunctuation),
    (0x02998, 0x02998, Category::ClosePunctuation), (0x02999, 0x029D7, Category::MathSymbol),
    (0x029D8, 0x029D8, Category::OpenPunctuation), (0x029D9, 0x029D9, Category::ClosePunctuation),
    (0x029DA, 0x029DA, Category::OpenPunctuation), (0x029DB, 0x029DB, Category::ClosePunctuation),
    (0x029DC, 0x029FB, Category::MathSymbol), (0x029FC, 0x029FC, Category::OpenPunctuation),
    (0x029FD, 0x029FD, Category::ClosePunctuation), (0x029FE, 0x02AFF, Category::MathSymbol),
    (0x02B00, 0x02B2F, Category::OtherSymbol), (0x02B30, 0x02B44, Category::MathSymbol),
    (0x02B45, 0x02B46, Category::OtherSymbol), (0x02B47, 0x02B4C, Category::MathSymbol),
    (0x02B4D, 0x02B73, Category::OtherSymbol), (0x02B76, 0x02BFF, Category::OtherSymbol),
    (0x02C00, 0x02C2F, Category::UppercaseLetter), (0x02C30, 0x02C5F, Category::LowercaseLetter),
    (0x02C60, 0x02C60, Category::UppercaseLetter), (0x02C61, 0x02C61, Category::LowercaseLetter),
    (0x02C62, 0x02C64, Category::UppercaseLetter), (0x02C65, 0x02C66, Category::LowercaseLetter),
    (0x02C67, 0x02C67, Category::UppercaseLetter), (0x02C68, 0x02C68, Category::LowercaseLetter),
    (0x02C69, 0x02C69, Category::UppercaseLetter), (0x02C6A, 0x02C6A, Category::LowercaseLetter),
    (0x02C6B, 0x02C6B, Category::UppercaseLetter), (0x02C6C, 0x02C6C, Category::LowercaseLetter),
    (0x02C6D, 0x02C70, Category::UppercaseLetter), (0x02C71, 0x02C71, Category::LowercaseLetter),
    (0x02C72, 0x02C72, Category::UppercaseLetter), (0x02C73, 0x02C74, Category::LowercaseLetter),
    (0x02C75, 0x02C75, Category::UppercaseLetter), (0x02C76, 0x02C7B, Category::LowercaseLetter),
    (0x02C7C, 0x02C7D, Category::ModifierLetter), (0x02C7E, 0x02C80, Category::UppercaseLetter),
    (0x02C81, 0x02C81, Category::LowercaseLetter), (0x02C82, 0x02C82, Category::UppercaseLetter),
    (0x02C83, 0x02C83, Category::LowercaseLetter), (0x02C84, 0x02C84, Category::UppercaseLetter),
    (0x02C85, 0x02C85, Category::LowercaseLetter), (0x02C86, 0x02C86, Category::UppercaseLetter),
    (0x02C87, 0x02C87, Category::LowercaseLetter), (0x02C88, 0x02C88, Category::UppercaseLetter),
    (0x02C89, 0x02C89, Category::LowercaseLetter), (0x02C8A, 0x02C8A, Category::UppercaseLetter),
    (0x02C8B, 0x02C8B, Category::LowercaseLetter), (0x02C8C, 0x02C8C, Category::UppercaseLetter),
    (0x02C8D, 0x02C8D, Category::LowercaseLetter), (0x02C8E, 0x02C8E, Category::UppercaseLetter),
    (0x02C8F, 0x02C8F, Category::LowercaseLetter), (0x02C90, 0x02C90, Category::UppercaseLetter),
    (0x02C91, 0x02C91, Category::LowercaseLetter), (0x02C92, 0x02C92, Category::UppercaseLetter),
    (0x02C93, 0x02C93, Category::LowercaseLetter), (0x02C94, 0x02C94, Category::UppercaseLetter),
    (0x02C95, 0x02C95, Category::LowercaseLetter), (0x02C96, 0x02C96, Category::UppercaseLetter),
    (0x02C97, 0x02C97, Category::LowercaseLetter), (0x02C98, 0x02C98, Category::UppercaseLetter),
    (0x02C99, 0x02C99, Category::LowercaseLetter), (0x02C9A, 0x02C9A, Category::UppercaseLetter),
    (0x02C9B, 0x02C9B, Category::LowercaseLetter), (0x02C9C, 0x02C9C, Category::UppercaseLetter),
    (0x02C9D, 0x02C9D, Category::LowercaseLetter), (0x02C9E, 0x02C9E, Category::UppercaseLetter),
    (0x02C9F, 0x02C9F, Category::LowercaseLetter), (0x02CA0, 0x02CA0, Category::UppercaseLetter),
    (0x02CA1, 0x02CA1, Category::LowercaseLetter), (0x02CA2, 0x02CA2, Category::UppercaseLetter),
    (0x02CA3, 0x02CA3, Category::LowercaseLetter), (0x02CA4, 0x02CA4, Category::UppercaseLetter),
    (0x02CA5, 0x02CA5, Category::LowercaseLetter), (0x02CA6, 0x02CA6, Category::UppercaseLetter),
    (0x02CA7, 0x02CA7, Category::LowercaseLetter), (0x02CA8, 0x02CA8, Category::UppercaseLetter),
    (0x02CA9, 0x02CA9, Category::LowercaseLetter), (0x02CAA, 0x02CAA, Category::UppercaseLetter),
    (0x02CAB, 0x02CAB, Category::LowercaseLetter), (0x02CAC, 0x02CAC, Category::UppercaseLetter),
    (0x02CAD, 0x02CAD, Category::LowercaseLetter), (0x02CAE, 0x02CAE, Category::UppercaseLetter),
    (0x02CAF, 0x02CAF, Category::LowercaseLetter), (0x02CB0, 0x02CB0, Category::UppercaseLetter),
    (0x02CB1, 0x02CB1, Category::LowercaseLetter), (0x02CB2, 0x02CB2, Category::UppercaseLetter),
    (0x02CB3, 0x02CB3, Category::LowercaseLetter), (0x02CB4, 0x02CB4, Category::UppercaseLetter),
    (0x02CB5, 0x02CB5, Category::LowercaseLetter), (0x02CB6, 0x02CB6, Category::UppercaseLetter),
    (0x02CB7, 0x02CB7, Category::LowercaseLetter), (0x02CB8, 0x02CB8, Category::UppercaseLetter),
    (0x02CB9, 0x02CB9, Category::LowercaseLetter), (0x02CBA, 0x02CBA, Category::UppercaseLetter),
    (0x02CBB, 0x02CBB, Category::LowercaseLetter), (0x02CBC, 0x02CBC, Category::UppercaseLetter),
    (0x02CBD, 0x02CBD, Category::LowercaseLetter), (0x02CBE, 0x02CBE, Category::UppercaseLetter),
    (0x02CBF, 0x02CBF, Category::LowercaseLetter), (0x02CC0, 0x02CC0, Category::UppercaseLetter),
    (0x02CC1, 0x02CC1, Category::LowercaseLetter), (0x02CC2, 0x02CC2, Category::UppercaseLetter),
    (0x02CC3, 0x02CC3, Category::LowercaseLetter), (0x02CC4, 0x02CC4, Category::UppercaseLetter),
    (0x02CC5, 0x02CC5, Category::LowercaseLetter), (0x02CC6, 0x02CC6, Category::UppercaseLetter),
    (0x02CC7, 0x02CC7, Category::LowercaseLetter), (0x02CC8, 0x02CC8, Category::UppercaseLetter),
    (0x02CC9, 0x02CC9, Category::LowercaseLetter), (0x02CCA, 0x02CCA, Category::UppercaseLetter),
    (0x02CCB, 0x02CCB, Category::LowercaseLetter), (0x02CCC, 0x02CCC, Category::UppercaseLetter),
    (0x02CCD, 0x02CCD, Category::LowercaseLetter), (0x02CCE, 0x02CCE, Category::UppercaseLetter),
    (0x02CCF, 0x02CCF, Category::LowercaseLetter), (0x02CD0, 0x02CD0, Category::UppercaseLetter),
    (0x02CD1, 0x02CD1, Category::LowercaseLetter), (0x02CD2, 0x02CD2, Category::UppercaseLetter),
    (0x02CD3, 0x02CD3, Category::LowercaseLetter), (0x02CD4, 0x02CD4, Category::UppercaseLetter),
    (0x02CD5, 0x02CD5, Category::LowercaseLetter), (0x02CD6, 0x02CD6, Category::UppercaseLetter),
    (0x02CD7, 0x02CD7, Category::LowercaseLetter), (0x02CD8, 0x02CD8, Category::UppercaseLetter),
    (0x02CD9, 0x02CD9, Category::LowercaseLetter), (0x02CDA, 0x02CDA, Category::UppercaseLetter),
    (0x02CDB, 0x02CDB, Category::LowercaseLetter), (0x02CDC, 0x02CDC, Category::UppercaseLetter),
    (0x02CDD, 0x02CDD, Category::LowercaseLetter), (0x02CDE, 0x02CDE, Category::UppercaseLetter),
    (0x02CDF, 0x02CDF, Category::LowercaseLetter), (0x02CE0, 0x02CE0, Category::UppercaseLetter),
    (0x02CE1, 0x02CE1, Category::LowercaseLetter), (0x02CE2, 0x02CE2, Category::UppercaseLetter),
    (0x02CE3, 0x02CE4, Category::LowercaseLetter), (0x02CE5, 0x02CEA, Category::OtherSymbol),
    (0x02CEB, 0x02CEB, Category::UppercaseLetter), (0x02CEC, 0x02CEC, Category::LowercaseLetter),
    (0x02CED, 0x02CED, Category::UppercaseLetter), (0x02CEE, 0x02CEE, Category::LowercaseLetter),
    (0x02CEF, 0x02CF1, Category::NonspacingMark), (0x02CF2, 0x02CF2, Category::UppercaseLetter),
    (0x02CF3, 0x02CF3, Category::LowercaseLetter), (0x02CF9, 0x02CFC, Category::OtherPunctuation),
    (0x02CFD, 0x02CFD, Category::OtherNumber), (0x02CFE, 0x02CFF, Category::OtherPunctuation),
    (0x02D00, 0x02D25, Category::LowercaseLetter), (0x02D27, 0x02D27, Category::LowercaseLetter),
    (0x02D2D, 0x02D2D, Category::LowercaseLetter), (0x02D30, 0x02D67, Category::OtherLetter),
    (0x02D6F, 0x02D6F, Category::ModifierLetter), (0x02D70, 0x02D70, Category::OtherPunctuation),
    (0x02D7F, 0x02D7F, Category::NonspacingMark), (0x02D80, 0x02D96, Category::OtherLetter),
    (0x02DA0, 0x02DA6, Category::OtherLetter), (0x02DA8, 0x02DAE, Category::OtherLetter),
    (0x02DB0, 0x02DB6, Category::OtherLetter), (0x02DB8, 0x02DBE, Category::OtherLetter),
    (0x02DC0, 0x02DC6, Category::OtherLetter), (0x02DC8, 0x02DCE, Category::OtherLetter),
    (0x02DD0, 0x02DD6, Category::OtherLetter), (0x02DD8, 0x02DDE, Category::OtherLetter),
    (0x02DE0, 0x02DFF, Category::NonspacingMark), (0x02E00, 0x02E01, Category::OtherPunctuation),
    (0x02E02, 0x02E02, Category::InitialPunctuation),
    (0x02E03, 0x02E03, Category::FinalPunctuation),
    (0x02E04, 0x02E04, Category::InitialPunctuation),
    (0x02E05, 0x02E05, Category::FinalPunctuation), (0x02E06, 0x02E08, Category::OtherPunctuation),
    (0x02E09, 0x02E09, Category::InitialPunctuation),
    (0x02E0A, 0x02E0A, Category::FinalPunctuation), (0x02E0B, 0x02E0B, Category::OtherPunctuation),
    (0x02E0C, 0x02E0C, Category::InitialPunctuation),
    (0x02E0D, 0x02E0D, Category::FinalPunctuation), (0x02E0E, 0x02E16, Category::OtherPunctuation),
    (0x02E17, 0x02E17, Category::DashPunctuation), (0x02E18, 0x02E19, Category::OtherPunctuation),
    (0x02E1A, 0x02E1A, Category::DashPunctuation), (0x02E1B, 0x02E1B, Category::OtherPunctuation),
    (0x02E1C, 0x02E1C, Category::InitialPunctuation),
    (0x02E1D, 0x02E1D, Category::FinalPunctuation), (0x02E1E, 0x02E1F, Category::OtherPunctuation),
    (0x02E20, 0x02E20, Category::InitialPunctuation),
    (0x02E21, 0x02E21, Category::FinalPunctuation), (0x02E22, 0x02E22, Category::OpenPunctuation),
    (0x02E23, 0x02E23, Category::ClosePunctuation), (0x02E24, 0x02E24, Category::OpenPunctuation),
    (0x02E25, 0x02E25, Category::ClosePunctuation), (0x02E26, 0x02E26, Category::OpenPunctuation),
    (0x02E27, 0x02E27, Category::ClosePunctuation), (0x02E28, 0x02E28, Category::OpenPunctuation),
    (0x02E29, 0x02E29, Category::ClosePunctuation), (0x02E2A, 0x02E2E, Category::OtherPunctuation),
    (0x02E2F, 0x02E2F, Category::ModifierLetter), (0x02E30, 0x02E39, Category::OtherPunctuation),
    (0x02E3A, 0x02E3B, Category::DashPunctuation), (0x02E3C, 0x02E3F, Category::OtherPunctuation),
    (0x02E40, 0x02E40, Category::DashPunctuation), (0x02E41, 0x02E41, Category::OtherPunctuation),
    (0x02E42, 0x02E42, Category::OpenPunctuation), (0x02E43, 0x02E4F, Category::OtherPunctuation),
    (0x02E50, 0x02E51, Category::OtherSymbol), (0x02E52, 0x02E54, Category::OtherPunctuation),
    (0x02E55, 0x02E55, Category::OpenPunctuation), (0x02E56, 0x02E56, Category::ClosePunctuation),
    (0x02E57, 0x02E57, Category::OpenPunctuation), (0x02E58, 0x02E58, Category::ClosePunctuation),
    (0x02E59, 0x02E59, Category::OpenPunctuation), (0x02E5A, 0x02E5A, Category::ClosePunctuation),
    (0x02E5B, 0x02E5B, Category::OpenPunctuation), (0x02E5C, 0x02E5C, Category::ClosePunctuation),
    (0x02E5D, 0x02E5D, Category::DashPunctuation), (0x02E80, 0x02E99, Category::OtherSymbol),
    (0x02E9B, 0x02EF3, Category::OtherSymbol), (0x02F00, 0x02FD5, Category::OtherSymbol),
    (0x02FF0, 0x02FFF, Category::OtherSymbol), (0x03000, 0x03000, Category::SpaceSeparator),
    (0x03001, 0x03003, Category::OtherPunctuation), (0x03004, 0x03004, Category::OtherSymbol),
    (0x03005, 0x03005, Category::ModifierLetter), (0x03006, 0x03006, Category::OtherLetter),
    (0x03007, 0x03007, Category::LetterNumber), (0x03008, 0x03008, Category::OpenPunctuation),
    (0x03009, 0x03009, Category::ClosePunctuation), (0x0300A, 0x0300A, Category::OpenPunctuation),
    (0x0300B, 0x0300B, Category::ClosePunctuation), (0x0300C, 0x0300C, Category::OpenPunctuation),
    (0x0300D, 0x0300D, Category::ClosePunctuation), (0x0300E, 0x0300E, Category::OpenPunctuation),
    (0x0300F, 0x0300F, Category::ClosePunctuation), (0x03010, 0x03010, Category::OpenPunctuation),
    (0x03011, 0x03011, Category::ClosePunctuation), (0x03012, 0x03013, Category::OtherSymbol),
    (0x03014, 0x03014, Category::OpenPunctuation), (0x03015, 0x03015, Category::ClosePunctuation),
    (0x03016, 0x03016, Category::OpenPunctuation), (0x03017, 0x03017, Category::ClosePunctuation),
    (0x03018, 0x03018, Category::OpenPunctuation), (0x03019, 0x03019, Category::ClosePunctuation),
    (0x0301A, 0x0301A, Category::OpenPunctuation), (0x0301B, 0x0301B, Category::ClosePunctuation),
    (0x0301C, 0x0301C, Category::DashPunctuation), (0x0301D, 0x0301D, Category::OpenPunctuation),
    (0x0301E, 0x0301F, Category::ClosePunctuation), (0x03020, 0x03020, Category::OtherSymbol),
    (0x03021, 0x03029, Category::LetterNumber), (0x0302A, 0x0302D, Category::NonspacingMark),
    (0x0302E, 0x0302F, Category::SpacingMark), (0x03030, 0x03030, Category::DashPunctuation),
    (0x03031, 0x03035, Category::ModifierLetter), (0x03036, 0x03037, Category::OtherSymbol),
    (0x03038, 0x0303A, Category::LetterNumber), (0x0303B, 0x0303B, Category::ModifierLetter),
    (0x0303C, 0x0303C, Category::OtherLetter), (0x0303D, 0x0303D, Category::OtherPunctuation),
    (0x0303E, 0x0303F, Category::OtherSymbol), (0x03041, 0x03096, Category::OtherLetter),
    (0x03099, 0x0309A, Category::NonspacingMark), (0x0309B, 0x0309C, Category::ModifierSymbol),
    (0x0309D, 0x0309E, Category::ModifierLetter), (0x0309F, 0x0309F, Category::OtherLetter),
    (0x030A0, 0x030A0, Category::DashPunctuation), (0x030A1, 0x030FA, Category::OtherLetter),
    (0x030FB, 0x030FB, Category::OtherPunctuation), (0x030FC, 0x030FE, Category::ModifierLetter),
    (0x030FF, 0x030FF, Category::OtherLetter), (0x03105, 0x0312F, Category::OtherLetter),
    (0x03131, 0x0318E, Category::OtherLetter), (0x03190, 0x03191, Category::OtherSymbol),
    (0x03192, 0x03195, Category::OtherNumber), (0x03196, 0x0319F, Category::OtherSymbol),
    (0x031A0, 0x031BF, Category::OtherLetter), (0x031C0, 0x031E5, Category::OtherSymbol),
    (0x031EF, 0x031EF, Category::OtherSymbol), (0x031F0, 0x031FF, Category::OtherLetter),
    (0x03200, 0x0321E, Category::OtherSymbol), (0x03220, 0x03229, Category::OtherNumber),
    (0x0322A, 0x03247, Category::OtherSymbol), (0x03248, 0x0324F, Category::OtherNumber),
    (0x03250, 0x03250, Category::OtherSymbol), (0x03251, 0x0325F, Category::OtherNumber),
    (0x03260, 0x0327F, Category::OtherSymbol), (0x03280, 0x03289, Category::OtherNumber),
    (0x0328A, 0x032B0, Category::OtherSymbol), (0x032B1, 0x032BF, Category::OtherNumber),
    (0x032C0, 0x033FF, Category::OtherSymbol), (0x03400, 0x04DBF, Category::OtherLetter),
    (0x04DC0, 0x04DFF, Category::OtherSymbol), (0x04E00, 0x0A014, Category::OtherLetter),
    (0x0A015, 0x0A015, Category::ModifierLetter), (0x0A016, 0x0A48C, Category::OtherLetter),
    (0x0A490, 0x0A4C6, Category::OtherSymbol), (0x0A4D0, 0x0A4F7, Category::OtherLetter),
    (0x0A4F8, 0x0A4FD, Category::ModifierLetter), (0x0A4FE, 0x0A4FF, Category::OtherPunctuation),
    (0x0A500, 0x0A60B, Category::OtherLetter), (0x0A60C, 0x0A60C, Category::ModifierLetter),
    (0x0A60D, 0x0A60F, Category::OtherPunctuation), (0x0A610, 0x0A61F, Category::OtherLetter),
    (0x0A620, 0x0A629, Category::DecimalNumber), (0x0A62A, 0x0A62B, Category::OtherLetter),
    (0x0A640, 0x0A640, Category::UppercaseLetter), (0x0A641, 0x0A641, Category::LowercaseLetter),
    (0x0A642, 0x0A642, Category::UppercaseLetter), (0x0A643, 0x0A643, Category::LowercaseLetter),
    (0x0A644, 0x0A644, Category::UppercaseLetter), (0x0A645, 0x0A645, Category::LowercaseLetter),
    (0x0A646, 0x0A646, Category::UppercaseLetter), (0x0A647, 0x0A647, Category::LowercaseLetter),
    (0x0A648, 0x0A648, Category::UppercaseLetter), (0x0A649, 0x0A649, Category::LowercaseLetter),
    (0x0A64A, 0x0A64A, Category::UppercaseLetter), (0x0A64B, 0x0A64B, Category::LowercaseLetter),
    (0x0A64C, 0x0A64C, Category::UppercaseLetter), (0x0A64D, 0x0A64D, Category::LowercaseLetter),
    (0x0A64E, 0x0A64E, Category::UppercaseLetter), (0x0A64F, 0x0A64F, Category::LowercaseLetter),
    (0x0A650, 0x0A650, Category::UppercaseLetter), (0x0A651, 0x0A651, Category::LowercaseLetter),
    (0x0A652, 0x0A652, Category::UppercaseLetter), (0x0A653, 0x0A653, Category::LowercaseLetter),
    (0x0A654, 0x0A654, Category::UppercaseLetter), (0x0A655, 0x0A655, Category::LowercaseLetter),
    (0x0A656, 0x0A656, Category::UppercaseLetter), (0x0A657, 0x0A657, Category::LowercaseLetter),
    (0x0A658, 0x0A658, Category::UppercaseLetter), (0x0A659, 0x0A659, Category::LowercaseLetter),
    (0x0A65A, 0x0A65A, Category::UppercaseLetter), (0x0A65B, 0x0A65B, Category::LowercaseLetter),
    (0x0A65C, 0x0A65C, Category::UppercaseLetter), (0x0A65D, 0x0A65D, Category::LowercaseLetter),
    (0x0A65E, 0x0A65E, Category::UppercaseLetter), (0x0A65F, 0x0A65F, Category::LowercaseLetter),
    (0x0A660, 0x0A660, Category::UppercaseLetter), (0x0A661, 0x0A661, Category::LowercaseLetter),
    (0x0A662, 0x0A662, Category::UppercaseLetter), (0x0A663, 0x0A663, Category::LowercaseLetter),
    (0x0A664, 0x0A664, Category::UppercaseLetter), (0x0A665, 0x0A665, Category::LowercaseLetter),
    (0x0A666, 0x0A666, Category::UppercaseLetter), (0x0A667, 0x0A667, Category::LowercaseLetter),
    (0x0A668, 0x0A668, Category::UppercaseLetter), (0x0A669, 0x0A669, Category::LowercaseLetter),
    (0x0A66A, 0x0A66A, Category::UppercaseLetter), (0x0A66B, 0x0A66B, Category::LowercaseLetter),
    (0x0A66C, 0x0A66C, Category::UppercaseLetter), (0x0A66D, 0x0A66D, Category::LowercaseLetter),
    (0x0A66E, 0x0A66E, Category::OtherLetter), (0x0A66F, 0x0A66F, Category::NonspacingMark),
    (0x0A670, 0x0A672, Category::EnclosingMark), (0x0A673, 0x0A673, Category::OtherPunctuation),
    (0x0A674, 0x0A67D, Category::NonspacingMark), (0x0A67E, 0x0A67E, Category::OtherPunctuation),
    (0x0A67F, 0x0A67F, Category::ModifierLetter), (0x0A680, 0x0A680, Category::UppercaseLetter),
    (0x0A681, 0x0A681, Category::LowercaseLetter), (0x0A682, 0x0A682, Category::UppercaseLetter),
    (0x0A683, 0x0A683, Category::LowercaseLetter), (0x0A684, 0x0A684, Category::UppercaseLetter),
    (0x0A685, 0x0A685, Category::LowercaseLetter), (0x0A686, 0x0A686, Category::UppercaseLetter),
    (0x0A687, 0x0A687, Category::LowercaseLetter), (0x0A688, 0x0A688, Category::UppercaseLetter),
    (0x0A689, 0x0A689, Category::LowercaseLetter), (0x0A68A, 0x0A68A, Category::UppercaseLetter),
    (0x0A68B, 0x0A68B, Category::LowercaseLetter), (0x0A68C, 0x0A68C, Category::UppercaseLetter),
    (0x0A68D, 0x0A68D, Category::LowercaseLetter), (0x0A68E, 0x0A68E, Category::UppercaseLetter),
    (0x0A68F, 0x0A68F, Category::LowercaseLetter), (0x0A690, 0x0A690, Category::UppercaseLetter),
    (0x0A691, 0x0A691, Category::LowercaseLetter), (0x0A692, 0x0A692, Category::UppercaseLetter),
    (0x0A693, 0x0A693, Category::LowercaseLetter), (0x0A694, 0x0A694, Category::UppercaseLetter),
    (0x0A695, 0x0A695, Category::LowercaseLetter), (0x0A696, 0x0A696, Category::UppercaseLetter),
    (0x0A697, 0x0A697, Category::LowercaseLetter), (0x0A698, 0x0A698, Category::UppercaseLetter),
    (0x0A699, 0x0A699, Category::LowercaseLetter), (0x0A69A, 0x0A69A, Category::UppercaseLetter),
    (0x0A69B, 0x0A69B, Category::LowercaseLetter), (0x0A69C, 0x0A69D, Category::ModifierLetter),
    (0x0A69E, 0x0A69F, Category::NonspacingMark), (0x0A6A0, 0x0A6E5, Category::OtherLetter),
    (0x0A6E6, 0x0A6EF, Category::LetterNumber), (0x0A6F0, 0x0A6F1, Category::NonspacingMark),
    (0x0A6F2, 0x0A6F7, Category::OtherPunctuation), (0x0A700, 0x0A716, Category::ModifierSymbol),
    (0x0A717, 0x0A71F, Category::ModifierLetter), (0x0A720, 0x0A721, Category::ModifierSymbol),
    (0x0A722, 0x0A722, Category::UppercaseLetter), (0x0A723, 0x0A723, Category::LowercaseLetter),
    (0x0A724, 0x0A724, Category::UppercaseLetter), (0x0A725, 0x0A725, Category::LowercaseLetter),
    (0x0A726, 0x0A726, Category::UppercaseLetter), (0x0A727, 0x0A727, Category::LowercaseLetter),
    (0x0A728, 0x0A728, Category::UppercaseLetter), (0x0A729, 0x0A729, Category::LowercaseLetter),
    (0x0A72A, 0x0A72A, Category::UppercaseLetter), (0x0A72B, 0x0A72B, Category::LowercaseLetter),
    (0x0A72C, 0x0A72C, Category::UppercaseLetter), (0x0A72D, 0x0A72D, Category::LowercaseLetter),
    (0x0A72E, 0x0A72E, Category::UppercaseLetter), (0x0A72F, 0x0A731, Category::LowercaseLetter),
    (0x0A732, 0x0A732, Category::UppercaseLetter), (0x0A733, 0x0A733, Category::LowercaseLetter),
    (0x0A734, 0x0A734, Category::UppercaseLetter), (0x0A735, 0x0A735, Category::LowercaseLetter),
    (0x0A736, 0x0A736, Category::UppercaseLetter), (0x0A737, 0x0A737, Category::LowercaseLetter),
    (0x0A738, 0x0A738, Category::UppercaseLetter), (0x0A739, 0x0A739, Category::LowercaseLetter),
    (0x0A73A, 0x0A73A, Category::UppercaseLetter), (0x0A73B, 0x0A73B, Category::LowercaseLetter),
    (0x0A73C, 0x0A73C, Category::UppercaseLetter), (0x0A73D, 0x0A73D, Category::LowercaseLetter),
    (0x0A73E, 0x0A73E, Category::UppercaseLetter), (0x0A73F, 0x0A73F, Category::LowercaseLetter),
    (0x0A740, 0x0A740, Category::UppercaseLetter), (0x0A741, 0x0A741, Category::LowercaseLetter),
    (0x0A742, 0x0A742, Category::UppercaseLetter), (0x0A743, 0x0A743, Category::LowercaseLetter),
    (0x0A744, 0x0A744, Category::UppercaseLetter), (0x0A745, 0x0A745, Category::LowercaseLetter),
    (0x0A746, 0x0A746, Category::UppercaseLetter), (0x0A747, 0x0A747, Category::LowercaseLetter),
    (0x0A748, 0x0A748, Category::UppercaseLetter), (0x0A749, 0x0A749, Category::LowercaseLetter),
    (0x0A74A, 0x0A74A, Category::UppercaseLetter), (0x0A74B, 0x0A74B, Category::LowercaseLetter),
    (0x0A74C, 0x0A74C, Category::UppercaseLetter), (0x0A74D, 0x0A74D, Category::LowercaseLetter),
    (0x0A74E, 0x0A74E, Category::UppercaseLetter), (0x0A74F, 0x0A74F, Category::LowercaseLetter),
    (0x0A750, 0x0A750, Category::UppercaseLetter), (0x0A751, 0x0A751, Category::LowercaseLetter),
    (0x0A752, 0x0A752, Category::UppercaseLetter), (0x0A753, 0x0A753, Category::LowercaseLetter),
    (0x0A754, 0x0A754, Category::UppercaseLetter), (0x0A755, 0x0A755, Category::LowercaseLetter),
    (0x0A756, 0x0A756, Category::UppercaseLetter), (0x0A757, 0x0A757, Category::LowercaseLetter),
    (0x0A758, 0x0A758, Category::UppercaseLetter), (0x0A759, 0x0A759, Category::LowercaseLetter),
    (0x0A75A, 0x0A75A, Category::UppercaseLetter), (0x0A75B, 0x0A75B, Category::LowercaseLetter),
    (0x0A75C, 0x0A75C, Category::UppercaseLetter), (0x0A75D, 0x0A75D, Category::LowercaseLetter),
    (0x0A75E, 0x0A75E, Category::UppercaseLetter), (0x0A75F, 0x0A75F, Category::LowercaseLetter),
    (0x0A760, 0x0A760, Category::UppercaseLetter), (0x0A761, 0x0A761, Category::LowercaseLetter),
    (0x0A762, 0x0A762, Category::UppercaseLetter), (0x0A763, 0x0A763, Category::LowercaseLetter),
    (0x0A764, 0x0A764, Category::UppercaseLetter), (0x0A765, 0x0A765, Category::LowercaseLetter),
    (0x0A766, 0x0A766, Category::UppercaseLetter), (0x0A767, 0x0A767, Category::LowercaseLetter),
    (0x0A768, 0x0A768, Category::UppercaseLetter), (0x0A769, 0x0A769, Category::LowercaseLetter),
    (0x0A76A, 0x0A76A, Category::UppercaseLetter), (0x0A76B, 0x0A76B, Category::LowercaseLetter),
    (0x0A76C, 0x0A76C, Category::UppercaseLetter), (0x0A76D, 0x0A76D, Category::LowercaseLetter),
    (0x0A76E, 0x0A76E, Category::UppercaseLetter), (0x0A76F, 0x0A76F, Category::LowercaseLetter),
    (0x0A770, 0x0A770, Category::ModifierLetter), (0x0A771, 0x0A778, Category::LowercaseLetter),
    (0x0A779, 0x0A779, Category::UppercaseLetter), (0x0A77A, 0x0A77A, Category::LowercaseLetter),
    (0x0A77B, 0x0A77B, Category::UppercaseLetter), (0x0A77C, 0x0A77C, Category::LowercaseLetter),
    (0x0A77D, 0x0A77E, Category::UppercaseLetter), (0x0A77F, 0x0A77F, Category::LowercaseLetter),
    (0x0A780, 0x0A780, Category::UppercaseLetter), (0x0A781, 0x0A781, Category::LowercaseLetter),
    (0x0A782, 0x0A782, Category::UppercaseLetter), (0x0A783, 0x0A783, Category::LowercaseLetter),
    (0x0A784, 0x0A784, Category::UppercaseLetter), (0x0A785, 0x0A785, Category::LowercaseLetter),
    (0x0A786, 0x0A786, Category::UppercaseLetter), (0x0A787, 0x0A787, Category::LowercaseLetter),
    (0x0A788, 0x0A788, Category::ModifierLetter), (0x0A789, 0x0A78A, Category::ModifierSymbol),
    (0x0A78B, 0x0A78B, Category::UppercaseLetter), (0x0A78C, 0x0A78C, Category::LowercaseLetter),
    (0x0A78D, 0x0A78D, Category::UppercaseLetter), (0x0A78E, 0x0A78E, Category::LowercaseLetter),
    (0x0A78F, 0x0A78F, Category::OtherLetter), (0x0A790, 0x0A790, Category::UppercaseLetter),
    (0x0A791, 0x0A791, Category::LowercaseLetter), (0x0A792, 0x0A792, Category::UppercaseLetter),
    (0x0A793, 0x0A795, Category::LowercaseLetter), (0x0A796, 0x0A796, Category::UppercaseLetter),
    (0x0A797, 0x0A797, Category::LowercaseLetter), (0x0A798, 0x0A798, Category::UppercaseLetter),
    (0x0A799, 0x0A799, Category::LowercaseLetter), (0x0A79A, 0x0A79A, Category::UppercaseLetter),
    (0x0A79B, 0x0A79B, Category::LowercaseLetter), (0x0A79C, 0x0A79C, Category::UppercaseLetter),
    (0x0A79D, 0x0A79D, Category::LowercaseLetter), (0x0A79E, 0x0A79E, Category::UppercaseLetter),
    (0x0A79F, 0x0A79F, Category::LowercaseLetter), (0x0A7A0, 0x0A7A0, Category::UppercaseLetter),
    (0x0A7A1, 0x0A7A1, Category::LowercaseLetter), (0x0A7A2, 0x0A7A2, Category::UppercaseLetter),
    (0x0A7A3, 0x0A7A3, Category::LowercaseLetter), (0x0A7A4, 0x0A7A4, Category::UppercaseLetter),
    (0x0A7A5, 0x0A7A5, Category::LowercaseLetter), (0x0A7A6, 0x0A7A6, Category::UppercaseLetter),
    (0x0A7A7, 0x0A7A7, Category::LowercaseLetter), (0x0A7A8, 0x0A7A8, Category::UppercaseLetter),
    (0x0A7A9, 0x0A7A9, Category::LowercaseLetter), (0x0A7AA, 0x0A7AE, Category::UppercaseLetter),
    (0x0A7AF, 0x0A7AF, Category::LowercaseLetter), (0x0A7B0, 0x0A7B4, Category::UppercaseLetter),
    (0x0A7B5, 0x0A7B5, Category::LowercaseLetter), (0x0A7B6, 0x0A7B6, Category::UppercaseLetter),
    (0x0A7B7, 0x0A7B7, Category::LowercaseLetter), (0x0A7B8, 0x0A7B8, Category::UppercaseLetter),
    (0x0A7B9, 0x0A7B9, Category::LowercaseLetter), (0x0A7BA, 0x0A7BA, Category::UppercaseLetter),
    (0x0A7BB, 0x0A7BB, Category::LowercaseLetter), (0x0A7BC, 0x0A7BC, Category::UppercaseLetter),
    (0x0A7BD, 0x0A7BD, Category::LowercaseLetter), (0x0A7BE, 0x0A7BE, Category::UppercaseLetter),
    (0x0A7BF, 0x0A7BF, Category::LowercaseLetter), (0x0A7C0, 0x0A7C0, Category::UppercaseLetter),
    (0x0A7C1, 0x0A7C1, Category::LowercaseLetter), (0x0A7C2, 0x0A7C2, Category::UppercaseLetter),
    (0x0A7C3, 0x0A7C3, Category::LowercaseLetter), (0x0A7C4, 0x0A7C7, Category::UppercaseLetter),
    (0x0A7C8, 0x0A7C8, Category::LowercaseLetter), (0x0A7C9, 0x0A7C9, Category::UppercaseLetter),
    (0x0A7CA, 0x0A7CA, Category::LowercaseLetter), (0x0A7CB, 0x0A7CC, Category::UppercaseLetter),
    (0x0A7CD, 0x0A7CD, Category::LowercaseLetter), (0x0A7CE, 0x0A7CE, Category::UppercaseLetter),
    (0x0A7CF, 0x0A7CF, Category::LowercaseLetter), (0x0A7D0, 0x0A7D0, Category::UppercaseLetter),
    (0x0A7D1, 0x0A7D1, Category::LowercaseLetter), (0x0A7D2, 0x0A7D2, Category::UppercaseLetter),
    (0x0A7D3, 0x0A7D3, Category::LowercaseLetter), (0x0A7D4, 0x0A7D4, Category::UppercaseLetter),
    (0x0A7D5, 0x0A7D5, Category::LowercaseLetter), (0x0A7D6, 0x0A7D6, Category::UppercaseLetter),
    (0x0A7D7, 0x0A7D7, Category::LowercaseLetter), (0x0A7D8, 0x0A7D8, Category::UppercaseLetter),
    (0x0A7D9, 0x0A7D9, Category::LowercaseLetter), (0x0A7DA, 0x0A7DA, Category::UppercaseLetter),
    (0x0A7DB, 0x0A7DB, Category::LowercaseLetter), (0x0A7DC, 0x0A7DC, Category::UppercaseLetter),
    (0x0A7F1, 0x0A7F4, Category::ModifierLetter), (0x0A7F5, 0x0A7F5, Category::UppercaseLetter),
    (0x0A7F6, 0x0A7F6, Category::LowercaseLetter), (0x0A7F7, 0x0A7F7, Category::OtherLetter),
    (0x0A7F8, 0x0A7F9, Category::ModifierLetter), (0x0A7FA, 0x0A7FA, Category::LowercaseLetter),
    (0x0A7FB, 0x0A801, Category::OtherLetter), (0x0A802, 0x0A802, Category::NonspacingMark),
    (0x0A803, 0x0A805, Category::OtherLetter), (0x0A806, 0x0A806, Category::NonspacingMark),
    (0x0A807, 0x0A80A, Category::OtherLetter), (0x0A80B, 0x0A80B, Category::NonspacingMark),
    (0x0A80C, 0x0A822, Category::OtherLetter), (0x0A823, 0x0A824, Category::SpacingMark),
    (0x0A825, 0x0A826, Category::NonspacingMark), (0x0A827, 0x0A827, Category::SpacingMark),
    (0x0A828, 0x0A82B, Category::OtherSymbol), (0x0A82C, 0x0A82C, Category::NonspacingMark),
    (0x0A830, 0x0A835, Category::OtherNumber), (0x0A836, 0x0A837, Category::OtherSymbol),
    (0x0A838, 0x0A838, Category::CurrencySymbol), (0x0A839, 0x0A839, Category::OtherSymbol),
    (0x0A840, 0x0A873, Category::OtherLetter), (0x0A874, 0x0A877, Category::OtherPunctuation),
    (0x0A880, 0x0A881, Category::SpacingMark), (0x0A882, 0x0A8B3, Category::OtherLetter),
    (0x0A8B4, 0x0A8C3, Category::SpacingMark), (0x0A8C4, 0x0A8C5, Category::NonspacingMark),
    (0x0A8CE, 0x0A8CF, Category::OtherPunctuation), (0x0A8D0, 0x0A8D9, Category::DecimalNumber),
    (0x0A8E0, 0x0A8F1, Category::NonspacingMark), (0x0A8F2, 0x0A8F7, Category::OtherLetter),
    (0x0A8F8, 0x0A8FA, Category::OtherPunctuation), (0x0A8FB, 0x0A8FB, Category::OtherLetter),
    (0x0A8FC, 0x0A8FC, Category::OtherPunctuation), (0x0A8FD, 0x0A8FE, Category::OtherLetter),
    (0x0A8FF, 0x0A8FF, Category::NonspacingMark), (0x0A900, 0x0A909, Category::DecimalNumber),
    (0x0A90A, 0x0A925, Category::OtherLetter), (0x0A926, 0x0A92D, Category::NonspacingMark),
    (0x0A92E, 0x0A92F, Category::OtherPunctuation), (0x0A930, 0x0A946, Category::OtherLetter),
    (0x0A947, 0x0A951, Category::NonspacingMark), (0x0A952, 0x0A953, Category::SpacingMark),
    (0x0A95F, 0x0A95F, Category::OtherPunctuation), (0x0A960, 0x0A97C, Category::OtherLetter),
    (0x0A980, 0x0A982, Category::NonspacingMark), (0x0A983, 0x0A983, Category::SpacingMark),
    (0x0A984, 0x0A9B2, Category::OtherLetter), (0x0A9B3, 0x0A9B3, Category::NonspacingMark),
    (0x0A9B4, 0x0A9B5, Category::SpacingMark), (0x0A9B6, 0x0A9B9, Category::NonspacingMark),
    (0x0A9BA, 0x0A9BB, Category::SpacingMark), (0x0A9BC, 0x0A9BD, Category::NonspacingMark),
    (0x0A9BE, 0x0A9C0, Category::SpacingMark), (0x0A9C1, 0x0A9CD, Category::OtherPunctuation),
    (0x0A9CF, 0x0A9CF, Category::ModifierLetter), (0x0A9D0, 0x0A9D9, Category::DecimalNumber),
    (0x0A9DE, 0x0A9DF, Category::OtherPunctuation), (0x0A9E0, 0x0A9E4, Category::OtherLetter),
    (0x0A9E5, 0x0A9E5, Category::NonspacingMark), (0x0A9E6, 0x0A9E6, Category::ModifierLetter),
    (0x0A9E7, 0x0A9EF, Category::OtherLetter), (0x0A9F0, 0x0A9F9, Category::DecimalNumber),
    (0x0A9FA, 0x0A9FE, Category::OtherLetter), (0x0AA00, 0x0AA28, Category::OtherLetter),
    (0x0AA29, 0x0AA2E, Category::NonspacingMark), (0x0AA2F, 0x0AA30, Category::SpacingMark),
    (0x0AA31, 0x0AA32, Category::NonspacingMark), (0x0AA33, 0x0AA34, Category::SpacingMark),
    (0x0AA35, 0x0AA36, Category::NonspacingMark), (0x0AA40, 0x0AA42, Category::OtherLetter),
    (0x0AA43, 0x0AA43, Category::NonspacingMark), (0x0AA44, 0x0AA4B, Category::OtherLetter),
    (0x0AA4C, 0x0AA4C, Category::NonspacingMark), (0x0AA4D, 0x0AA4D, Category::SpacingMark),
    (0x0AA50, 0x0AA59, Category::DecimalNumber), (0x0AA5C, 0x0AA5F, Category::OtherPunctuation),
    (0x0AA60, 0x0AA6F, Category::OtherLetter), (0x0AA70, 0x0AA70, Category::ModifierLetter),
    (0x0AA71, 0x0AA76, Category::OtherLetter), (0x0AA77, 0x0AA79, Category::OtherSymbol),
    (0x0AA7A, 0x0AA7A, Category::OtherLetter), (0x0AA7B, 0x0AA7B, Category::SpacingMark),
    (0x0AA7C, 0x0AA7C, Category::NonspacingMark), (0x0AA7D, 0x0AA7D, Category::SpacingMark),
    (0x0AA7E, 0x0AAAF, Category::OtherLetter), (0x0AAB0, 0x0AAB0, Category::NonspacingMark),
    (0x0AAB1, 0x0AAB1, Category::OtherLetter), (0x0AAB2, 0x0AAB4, Category::NonspacingMark),
    (0x0AAB5, 0x0AAB6, Category::OtherLetter), (0x0AAB7, 0x0AAB8, Category::NonspacingMark),
    (0x0AAB9, 0x0AABD, Category::OtherLetter), (0x0AABE, 0x0AABF, Category::NonspacingMark),
    (0x0AAC0, 0x0AAC0, Category::OtherLetter), (0x0AAC1, 0x0AAC1, Category::NonspacingMark),
    (0x0AAC2, 0x0AAC2, Category::OtherLetter), (0x0AADB, 0x0AADC, Category::OtherLetter),
    (0x0AADD, 0x0AADD, Category::ModifierLetter), (0x0AADE, 0x0AADF, Category::OtherPunctuation),
    (0x0AAE0, 0x0AAEA, Category::OtherLetter), (0x0AAEB, 0x0AAEB, Category::SpacingMark),
    (0x0AAEC, 0x0AAED, Category::NonspacingMark), (0x0AAEE, 0x0AAEF, Category::SpacingMark),
    (0x0AAF0, 0x0AAF1, Category::OtherPunctuation), (0x0AAF2, 0x0AAF2, Category::OtherLetter),
    (0x0AAF3, 0x0AAF4, Category::ModifierLetter), (0x0AAF5, 0x0AAF5, Category::SpacingMark),
    (0x0AAF6, 0x0AAF6, Category::NonspacingMark), (0x0AB01, 0x0AB06, Category::OtherLetter),
    (0x0AB09, 0x0AB0E, Category::OtherLetter), (0x0AB11, 0x0AB16, Category::OtherLetter),
    (0x0AB20, 0x0AB26, Category::OtherLetter), (0x0AB28, 0x0AB2E, Category::OtherLetter),
    (0x0AB30, 0x0AB5A, Category::LowercaseLetter), (0x0AB5B, 0x0AB5B, Category::ModifierSymbol),
    (0x0AB5C, 0x0AB5F, Category::ModifierLetter), (0x0AB60, 0x0AB68, Category::LowercaseLetter),
    (0x0AB69, 0x0AB69, Category::ModifierLetter), (0x0AB6A, 0x0AB6B, Category::ModifierSymbol),
    (0x0AB70, 0x0ABBF, Category::LowercaseLetter), (0x0ABC0, 0x0ABE2, Category::OtherLetter),
    (0x0ABE3, 0x0ABE4, Category::SpacingMark), (0x0ABE5, 0x0ABE5, Category::NonspacingMark),
    (0x0ABE6, 0x0ABE7, Category::SpacingMark), (0x0ABE8, 0x0ABE8, Category::NonspacingMark),
    (0x0ABE9, 0x0ABEA, Category::SpacingMark), (0x0ABEB, 0x0ABEB, Category::OtherPunctuation),
    (0x0ABEC, 0x0ABEC, Category::SpacingMark), (0x0ABED, 0x0ABED, Category::NonspacingMark),
    (0x0ABF0, 0x0ABF9, Category::DecimalNumber), (0x0AC00, 0x0D7A3, Category::OtherLetter),
    (0x0D7B0, 0x0D7C6, Category::OtherLetter), (0x0D7CB, 0x0D7FB, Category::OtherLetter),
    (0x0D800, 0x0DFFF, Category::Surrogate), (0x0E000, 0x0F8FF, Category::PrivateUse),
    (0x0F900, 0x0FA6D, Category::OtherLetter), (0x0FA70, 0x0FAD9, Category::OtherLetter),
    (0x0FB00, 0x0FB06, Category::LowercaseLetter), (0x0FB13, 0x0FB17, Category::LowercaseLetter),
    (0x0FB1D, 0x0FB1D, Category::OtherLetter), (0x0FB1E, 0x0FB1E, Category::NonspacingMark),
    (0x0FB1F, 0x0FB28, Category::OtherLetter), (0x0FB29, 0x0FB29, Category::MathSymbol),
    (0x0FB2A, 0x0FB36, Category::OtherLetter), (0x0FB38, 0x0FB3C, Category::OtherLetter),
    (0x0FB3E, 0x0FB3E, Category::OtherLetter), (0x0FB40, 0x0FB41, Category::OtherLetter),
    (0x0FB43, 0x0FB44, Category::OtherLetter), (0x0FB46, 0x0FBB1, Category::OtherLetter),
    (0x0FBB2, 0x0FBC2, Category::ModifierSymbol), (0x0FBC3, 0x0FBD2, Category::OtherSymbol),
    (0x0FBD3, 0x0FD3D, Category::OtherLetter), (0x0FD3E, 0x0FD3E, Category::ClosePunctuation),
    (0x0FD3F, 0x0FD3F, Category::OpenPunctuation), (0x0FD40, 0x0FD4F, Category::OtherSymbol),
    (0x0FD50, 0x0FD8F, Category::OtherLetter), (0x0FD90, 0x0FD91, Category::OtherSymbol),
    (0x0FD92, 0x0FDC7, Category::OtherLetter), (0x0FDC8, 0x0FDCF, Category::OtherSymbol),
    (0x0FDF0, 0x0FDFB, Category::OtherLetter), (0x0FDFC, 0x0FDFC, Category::CurrencySymbol),
    (0x0FDFD, 0x0FDFF, Category::OtherSymbol), (0x0FE00, 0x0FE0F, Category::NonspacingMark),
    (0x0FE10, 0x0FE16, Category::OtherPunctuation), (0x0FE17, 0x0FE17, Category::OpenPunctuation),
    (0x0FE18, 0x0FE18, Category::ClosePunctuation), (0x0FE19, 0x0FE19, Category::OtherPunctuation),
    (0x0FE20, 0x0FE2F, Category::NonspacingMark), (0x0FE30, 0x0FE30, Category::OtherPunctuation),
    (0x0FE31, 0x0FE32, Category::DashPunctuation),
    (0x0FE33, 0x0FE34, Category::ConnectorPunctuation),
    (0x0FE35, 0x0FE35, Category::OpenPunctuation), (0x0FE36, 0x0FE36, Category::ClosePunctuation),
    (0x0FE37, 0x0FE37, Category::OpenPunctuation), (0x0FE38, 0x0FE38, Category::ClosePunctuation),
    (0x0FE39, 0x0FE39, Category::OpenPunctuation), (0x0FE3A, 0x0FE3A, Category::ClosePunctuation),
    (0x0FE3B, 0x0FE3B, Category::OpenPunctuation), (0x0FE3C, 0x0FE3C, Category::ClosePunctuation),
    (0x0FE3D, 0x0FE3D, Category::OpenPunctuation), (0x0FE3E, 0x0FE3E, Category::ClosePunctuation),
    (0x0FE3F, 0x0FE3F, Category::OpenPunctuation), (0x0FE40, 0x0FE40, Category::ClosePunctuation),
    (0x0FE41, 0x0FE41, Category::OpenPunctuation), (0x0FE42, 0x0FE42, Category::ClosePunctuation),
    (0x0FE43, 0x0FE43, Category::OpenPunctuation), (0x0FE44, 0x0FE44, Category::ClosePunctuation),
    (0x0FE45, 0x0FE46, Category::OtherPunctuation), (0x0FE47, 0x0FE47, Category::OpenPunctuation),
    (0x0FE48, 0x0FE48, Category::ClosePunctuation), (0x0FE49, 0x0FE4C, Category::OtherPunctuation),
    (0x0FE4D, 0x0FE4F, Category::ConnectorPunctuation),
    (0x0FE50, 0x0FE52, Category::OtherPunctuation), (0x0FE54, 0x0FE57, Category::OtherPunctuation),
    (0x0FE58, 0x0FE58, Category::DashPunctuation), (0x0FE59, 0x0FE59, Category::OpenPunctuation),
    (0x0FE5A, 0x0FE5A, Category::ClosePunctuation), (0x0FE5B, 0x0FE5B, Category::OpenPunctuation),
    (0x0FE5C, 0x0FE5C, Category::ClosePunctuation), (0x0FE5D, 0x0FE5D, Category::OpenPunctuation),
    (0x0FE5E, 0x0FE5E, Category::ClosePunctuation), (0x0FE5F, 0x0FE61, Category::OtherPunctuation),
    (0x0FE62, 0x0FE62, Category::MathSymbol), (0x0FE63, 0x0FE63, Category::DashPunctuation),
    (0x0FE64, 0x0FE66, Category::MathSymbol), (0x0FE68, 0x0FE68, Category::OtherPunctuation),
    (0x0FE69, 0x0FE69, Category::CurrencySymbol), (0x0FE6A, 0x0FE6B, Category::OtherPunctuation),
    (0x0FE70, 0x0FE74, Category::OtherLetter), (0x0FE76, 0x0FEFC, Category::OtherLetter),
    (0x0FEFF, 0x0FEFF, Category::Format), (0x0FF01, 0x0FF03, Category::OtherPunctuation),
    (0x0FF04, 0x0FF04, Category::CurrencySymbol), (0x0FF05, 0x0FF07, Category::OtherPunctuation),
    (0x0FF08, 0x0FF08, Category::OpenPunctuation), (0x0FF09, 0x0FF09, Category::ClosePunctuation),
    (0x0FF0A, 0x0FF0A, Category::OtherPunctuation), (0x0FF0B, 0x0FF0B, Category::MathSymbol),
    (0x0FF0C, 0x0FF0C, Category::OtherPunctuation), (0x0FF0D, 0x0FF0D, Category::DashPunctuation),
    (0x0FF0E, 0x0FF0F, Category::OtherPunctuation), (0x0FF10, 0x0FF19, Category::DecimalNumber),
    (0x0FF1A, 0x0FF1B, Category::OtherPunctuation), (0x0FF1C, 0x0FF1E, Category::MathSymbol),
    (0x0FF1F, 0x0FF20, Category::OtherPunctuation), (0x0FF21, 0x0FF3A, Category::UppercaseLetter),
    (0x0FF3B, 0x0FF3B, Category::OpenPunctuation), (0x0FF3C, 0x0FF3C, Category::OtherPunctuation),
    (0x0FF3D, 0x0FF3D, Category::ClosePunctuation), (0x0FF3E, 0x0FF3E, Category::ModifierSymbol),
    (0x0FF3F, 0x0FF3F, Category::ConnectorPunctuation),
    (0x0FF40, 0x0FF40, Category::ModifierSymbol), (0x0FF41, 0x0FF5A, Category::LowercaseLetter),
    (0x0FF5B, 0x0FF5B, Category::OpenPunctuation), (0x0FF5C, 0x0FF5C, Category::MathSymbol),
    (0x0FF5D, 0x0FF5D, Category::ClosePunctuation), (0x0FF5E, 0x0FF5E, Category::MathSymbol),
    (0x0FF5F, 0x0FF5F, Category::OpenPunctuation), (0x0FF60, 0x0FF60, Category::ClosePunctuation),
    (0x0FF61, 0x0FF61, Category::OtherPunctuation), (0x0FF62, 0x0FF62, Category::OpenPunctuation),
    (0x0FF63, 0x0FF63, Category::ClosePunctuation), (0x0FF64, 0x0FF65, Category::OtherPunctuation),
    (0x0FF66, 0x0FF6F, Category::OtherLetter), (0x0FF70, 0x0FF70, Category::ModifierLetter),
    (0x0FF71, 0x0FF9D, Category::OtherLetter), (0x0FF9E, 0x0FF9F, Category::ModifierLetter),
    (0x0FFA0, 0x0FFBE, Category::OtherLetter), (0x0FFC2, 0x0FFC7, Category::OtherLetter),
    (0x0FFCA, 0x0FFCF, Category::OtherLetter), (0x0FFD2, 0x0FFD7, Category::OtherLetter),
    (0x0FFDA, 0x0FFDC, Category::OtherLetter), (0x0FFE0, 0x0FFE1, Category::CurrencySymbol),
    (0x0FFE2, 0x0FFE2, Category::MathSymbol), (0x0FFE3, 0x0FFE3, Category::ModifierSymbol),
    (0x0FFE4, 0x0FFE4, Category::OtherSymbol), (0x0FFE5, 0x0FFE6, Category::CurrencySymbol),
    (0x0FFE8, 0x0FFE8, Category::OtherSymbol), (0x0FFE9, 0x0FFEC, Category::MathSymbol),
    (0x0FFED, 0x0FFEE, Category::OtherSymbol), (0x0FFF9, 0x0FFFB, Category::Format),
    (0x0FFFC, 0x0FFFD, Category::OtherSymbol), (0x10000, 0x1000B, Category::OtherLetter),
    (0x1000D, 0x10026, Category::OtherLetter), (0x10028, 0x1003A, Category::OtherLetter),
    (0x1003C, 0x1003D, Category::OtherLetter), (0x1003F, 0x1004D, Category::OtherLetter),
    (0x10050, 0x1005D, Category::OtherLetter), (0x10080, 0x100FA, Category::OtherLetter),
    (0x10100, 0x10102, Category::OtherPunctuation), (0x10107, 0x10133, Category::OtherNumber),
    (0x10137, 0x1013F, Category::OtherSymbol), (0x10140, 0x10174, Category::LetterNumber),
    (0x10175, 0x10178, Category::OtherNumber), (0x10179, 0x10189, Category::OtherSymbol),
    (0x1018A, 0x1018B, Category::OtherNumber), (0x1018C, 0x1018E, Category::OtherSymbol),
    (0x10190, 0x1019C, Category::OtherSymbol), (0x101A0, 0x101A0, Category::OtherSymbol),
    (0x101D0, 0x101FC, Category::OtherSymbol), (0x101FD, 0x101FD, Category::NonspacingMark),
    (0x10280, 0x1029C, Category::OtherLetter), (0x102A0, 0x102D0, Category::OtherLetter),
    (0x102E0, 0x102E0, Category::NonspacingMark), (0x102E1, 0x102FB, Category::OtherNumber),
    (0x10300, 0x1031F, Category::OtherLetter), (0x10320, 0x10323, Category::OtherNumber),
    (0x1032D, 0x10340, Category::OtherLetter), (0x10341, 0x10341, Category::LetterNumber),
    (0x10342, 0x10349, Category::OtherLetter), (0x1034A, 0x1034A, Category::LetterNumber),
    (0x10350, 0x10375, Category::OtherLetter), (0x10376, 0x1037A, Category::NonspacingMark),
    (0x10380, 0x1039D, Category::OtherLetter), (0x1039F, 0x1039F, Category::OtherPunctuation),
    (0x103A0, 0x103C3, Category::OtherLetter), (0x103C8, 0x103CF, Category::OtherLetter),
    (0x103D0, 0x103D0, Category::OtherPunctuation), (0x103D1, 0x103D5, Category::LetterNumber),
    (0x10400, 0x10427, Category::UppercaseLetter), (0x10428, 0x1044F, Category::LowercaseLetter),
    (0x10450, 0x1049D, Category::OtherLetter), (0x104A0, 0x104A9, Category::DecimalNumber),
    (0x104B0, 0x104D3, Category::UppercaseLetter), (0x104D8, 0x104FB, Category::LowercaseLetter),
    (0x10500, 0x10527, Category::OtherLetter), (0x10530, 0x10563, Category::OtherLetter),
    (0x1056F, 0x1056F, Category::OtherPunctuation), (0x10570, 0x1057A, Category::UppercaseLetter),
    (0x1057C, 0x1058A, Category::UppercaseLetter), (0x1058C, 0x10592, Category::UppercaseLetter),
    (0x10594, 0x10595, Category::UppercaseLetter), (0x10597, 0x105A1, Category::LowercaseLetter),
    (0x105A3, 0x105B1, Category::LowercaseLetter), (0x105B3, 0x105B9, Category::LowercaseLetter),
    (0x105BB, 0x105BC, Category::LowercaseLetter), (0x105C0, 0x105F3, Category::OtherLetter),
    (0x10600, 0x10736, Category::OtherLetter), (0x10740, 0x10755, Category::OtherLetter),
    (0x10760, 0x10767, Category::OtherLetter), (0x10780, 0x10785, Category::ModifierLetter),
    (0x10787, 0x107B0, Category::ModifierLetter), (0x107B2, 0x107BA, Category::ModifierLetter),
    (0x10800, 0x10805, Category::OtherLetter), (0x10808, 0x10808, Category::OtherLetter),
    (0x1080A, 0x10835, Category::OtherLetter), (0x10837, 0x10838, Category::OtherLetter),
    (0x1083C, 0x1083C, Category::OtherLetter), (0x1083F, 0x10855, Category::OtherLetter),
    (0x10857, 0x10857, Category::OtherPunctuation), (0x10858, 0x1085F, Category::OtherNumber),
    (0x10860, 0x10876, Category::OtherLetter), (0x10877, 0x10878, Category::OtherSymbol),
    (0x10879, 0x1087F, Category::OtherNumber), (0x10880, 0x1089E, Category::OtherLetter),
    (0x108A7, 0x108AF, Category::OtherNumber), (0x108E0, 0x108F2, Category::OtherLetter),
    (0x108F4, 0x108F5, Category::OtherLetter), (0x108FB, 0x108FF, Category::OtherNumber),
    (0x10900, 0x10915, Category::OtherLetter), (0x10916, 0x1091B, Category::OtherNumber),
    (0x1091F, 0x1091F, Category::OtherPunctuation), (0x10920, 0x10939, Category::OtherLetter),
    (0x1093F, 0x1093F, Category::OtherPunctuation), (0x10940, 0x10959, Category::OtherLetter),
    (0x10980, 0x109B7, Category::OtherLetter), (0x109BC, 0x109BD, Category::OtherNumber),
    (0x109BE, 0x109BF, Category::OtherLetter), (0x109C0, 0x109CF, Category::OtherNumber),
    (0x109D2, 0x109FF, Category::OtherNumber), (0x10A00, 0x10A00, Category::OtherLetter),
    (0x10A01, 0x10A03, Category::NonspacingMark), (0x10A05, 0x10A06, Category::NonspacingMark),
    (0x10A0C, 0x10A0F, Category::NonspacingMark), (0x10A10, 0x10A13, Category::OtherLetter),
    (0x10A15, 0x10A17, Category::OtherLetter), (0x10A19, 0x10A35, Category::OtherLetter),
    (0x10A38, 0x10A3A, Category::NonspacingMark), (0x10A3F, 0x10A3F, Category::NonspacingMark),
    (0x10A40, 0x10A48, Category::OtherNumber), (0x10A50, 0x10A58, Category::OtherPunctuation),
    (0x10A60, 0x10A7C, Category::OtherLetter), (0x10A7D, 0x10A7E, Category::OtherNumber),
    (0x10A7F, 0x10A7F, Category::OtherPunctuation), (0x10A80, 0x10A9C, Category::OtherLetter),
    (0x10A9D, 0x10A9F, Category::OtherNumber), (0x10AC0, 0x10AC7, Category::OtherLetter),
    (0x10AC8, 0x10AC8, Category::OtherSymbol), (0x10AC9, 0x10AE4, Category::OtherLetter),
    (0x10AE5, 0x10AE6, Category::NonspacingMark), (0x10AEB, 0x10AEF, Category::OtherNumber),
    (0x10AF0, 0x10AF6, Category::OtherPunctuation), (0x10B00, 0x10B35, Category::OtherLetter),
    (0x10B39, 0x10B3F, Category::OtherPunctuation), (0x10B40, 0x10B55, Category::OtherLetter),
    (0x10B58, 0x10B5F, Category::OtherNumber), (0x10B60, 0x10B72, Category::OtherLetter),
    (0x10B78, 0x10B7F, Category::OtherNumber), (0x10B80, 0x10B91, Category::OtherLetter),
    (0x10B99, 0x10B9C, Category::OtherPunctuation), (0x10BA9, 0x10BAF, Category::OtherNumber),
    (0x10C00, 0x10C48, Category::OtherLetter), (0x10C80, 0x10CB2, Category::UppercaseLetter),
    (0x10CC0, 0x10CF2, Category::LowercaseLetter), (0x10CFA, 0x10CFF, Category::OtherNumber),
    (0x10D00, 0x10D23, Category::OtherLetter), (0x10D24, 0x10D27, Category::NonspacingMark),
    (0x10D30, 0x10D39, Category::DecimalNumber), (0x10D40, 0x10D49, Category::DecimalNumber),
    (0x10D4A, 0x10D4D, Category::OtherLetter), (0x10D4E, 0x10D4E, Category::ModifierLetter),
    (0x10D4F, 0x10D4F, Category::OtherLetter), (0x10D50, 0x10D65, Category::UppercaseLetter),
    (0x10D69, 0x10D6D, Category::NonspacingMark), (0x10D6E, 0x10D6E, Category::DashPunctuation),
    (0x10D6F, 0x10D6F, Category::ModifierLetter), (0x10D70, 0x10D85, Category::LowercaseLetter),
    (0x10D8E, 0x10D8F, Category::MathSymbol), (0x10E60, 0x10E7E, Category::OtherNumber),
    (0x10E80, 0x10EA9, Category::OtherLetter), (0x10EAB, 0x10EAC, Category::NonspacingMark),
    (0x10EAD, 0x10EAD, Category::DashPunctuation), (0x10EB0, 0x10EB1, Category::OtherLetter),
    (0x10EC2, 0x10EC4, Category::OtherLetter), (0x10EC5, 0x10EC5, Category::ModifierLetter),
    (0x10EC6, 0x10EC7, Category::OtherLetter), (0x10ED0, 0x10ED0, Category::OtherPunctuation),
    (0x10ED1, 0x10ED8, Category::OtherSymbol), (0x10EFA, 0x10EFF, Category::NonspacingMark),
    (0x10F00, 0x10F1C, Category::OtherLetter), (0x10F1D, 0x10F26, Category::OtherNumber),
    (0x10F27, 0x10F27, Category::OtherLetter), (0x10F30, 0x10F45, Category::OtherLetter),
    (0x10F46, 0x10F50, Category::NonspacingMark), (0x10F51, 0x10F54, Category::OtherNumber),
    (0x10F55, 0x10F59, Category::OtherPunctuation), (0x10F70, 0x10F81, Category::OtherLetter),
    (0x10F82, 0x10F85, Category::NonspacingMark), (0x10F86, 0x10F89, Category::OtherPunctuation),
    (0x10FB0, 0x10FC4, Category::OtherLetter), (0x10FC5, 0x10FCB, Category::OtherNumber),
    (0x10FE0, 0x10FF6, Category::OtherLetter), (0x11000, 0x11000, Category::SpacingMark),
    (0x11001, 0x11001, Category::NonspacingMark), (0x11002, 0x11002, Category::SpacingMark),
    (0x11003, 0x11037, Category::OtherLetter), (0x11038, 0x11046, Category::NonspacingMark),
    (0x11047, 0x1104D, Category::OtherPunctuation), (0x11052, 0x11065, Category::OtherNumber),
    (0x11066, 0x1106F, Category::DecimalNumber), (0x11070, 0x11070, Category::NonspacingMark),
    (0x11071, 0x11072, Category::OtherLetter), (0x11073, 0x11074, Category::NonspacingMark),
    (0x11075, 0x11075, Category::OtherLetter), (0x1107F, 0x11081, Category::NonspacingMark),
    (0x11082, 0x11082, Category::SpacingMark), (0x11083, 0x110AF, Category::OtherLetter),
    (0x110B0, 0x110B2, Category::SpacingMark), (0x110B3, 0x110B6, Category::NonspacingMark),
    (0x110B7, 0x110B8, Category::SpacingMark), (0x110B9, 0x110BA, Category::NonspacingMark),
    (0x110BB, 0x110BC, Category::OtherPunctuation), (0x110BD, 0x110BD, Category::Format),
    (0x110BE, 0x110C1, Category::OtherPunctuation), (0x110C2, 0x110C2, Category::NonspacingMark),
    (0x110CD, 0x110CD, Category::Format), (0x110D0, 0x110E8, Category::OtherLetter),
    (0x110F0, 0x110F9, Category::DecimalNumber), (0x11100, 0x11102, Category::NonspacingMark),
    (0x11103, 0x11126, Category::OtherLetter), (0x11127, 0x1112B, Category::NonspacingMark),
    (0x1112C, 0x1112C, Category::SpacingMark), (0x1112D, 0x11134, Category::NonspacingMark),
    (0x11136, 0x1113F, Category::DecimalNumber), (0x11140, 0x11143, Category::OtherPunctuation),
    (0x11144, 0x11144, Category::OtherLetter), (0x11145, 0x11146, Category::SpacingMark),
    (0x11147, 0x11147, Category::OtherLetter), (0x11150, 0x11172, Category::OtherLetter),
    (0x11173, 0x11173, Category::NonspacingMark), (0x11174, 0x11175, Category::OtherPunctuation),
    (0x11176, 0x11176, Category::OtherLetter), (0x11180, 0x11181, Category::NonspacingMark),
    (0x11182, 0x11182, Category::SpacingMark), (0x11183, 0x111B2, Category::OtherLetter),
    (0x111B3, 0x111B5, Category::SpacingMark), (0x111B6, 0x111BE, Category::NonspacingMark),
    (0x111BF, 0x111C0, Category::SpacingMark), (0x111C1, 0x111C4, Category::OtherLetter),
    (0x111C5, 0x111C8, Category::OtherPunctuation), (0x111C9, 0x111CC, Category::NonspacingMark),
    (0x111CD, 0x111CD, Category::OtherPunctuation), (0x111CE, 0x111CE, Category::SpacingMark),
    (0x111CF, 0x111CF, Category::NonspacingMark), (0x111D0, 0x111D9, Category::DecimalNumber),
    (0x111DA, 0x111DA, Category::OtherLetter), (0x111DB, 0x111DB, Category::OtherPunctuation),
    (0x111DC, 0x111DC, Category::OtherLetter), (0x111DD, 0x111DF, Category::OtherPunctuation),
    (0x111E1, 0x111F4, Category::OtherNumber), (0x11200, 0x11211, Category::OtherLetter),
    (0x11213, 0x1122B, Category::OtherLetter), (0x1122C, 0x1122E, Category::SpacingMark),
    (0x1122F, 0x11231, Category::NonspacingMark), (0x11232, 0x11233, Category::SpacingMark),
    (0x11234, 0x11234, Category::NonspacingMark), (0x11235, 0x11235, Category::SpacingMark),
    (0x11236, 0x11237, Category::NonspacingMark), (0x11238, 0x1123D, Category::OtherPunctuation),
    (0x1123E, 0x1123E, Category::NonspacingMark), (0x1123F, 0x11240, Category::OtherLetter),
    (0x11241, 0x11241, Category::NonspacingMark), (0x11280, 0x11286, Category::OtherLetter),
    (0x11288, 0x11288, Category::OtherLetter), (0x1128A, 0x1128D, Category::OtherLetter),
    (0x1128F, 0x1129D, Category::OtherLetter), (0x1129F, 0x112A8, Category::OtherLetter),
    (0x112A9, 0x112A9, Category::OtherPunctuation), (0x112B0, 0x112DE, Category::OtherLetter),
    (0x112DF, 0x112DF, Category::NonspacingMark), (0x112E0, 0x112E2, Category::SpacingMark),
    (0x112E3, 0x112EA, Category::NonspacingMark), (0x112F0, 0x112F9, Category::DecimalNumber),
    (0x11300, 0x11301, Category::NonspacingMark), (0x11302, 0x11303, Category::SpacingMark),
    (0x11305, 0x1130C, Category::OtherLetter), (0x1130F, 0x11310, Category::OtherLetter),
    (0x11313, 0x11328, Category::OtherLetter), (0x1132A, 0x11330, Category::OtherLetter),
    (0x11332, 0x11333, Category::OtherLetter), (0x11335, 0x11339, Category::OtherLetter),
    (0x1133B, 0x1133C, Category::NonspacingMark), (0x1133D, 0x1133D, Category::OtherLetter),
    (0x1133E, 0x1133F, Category::SpacingMark), (0x11340, 0x11340, Category::NonspacingMark),
    (0x11341, 0x11344, Category::SpacingMark), (0x11347, 0x11348, Category::SpacingMark),
    (0x1134B, 0x1134D, Category::SpacingMark), (0x11350, 0x11350, Category::OtherLetter),
    (0x11357, 0x11357, Category::SpacingMark), (0x1135D, 0x11361, Category::OtherLetter),
    (0x11362, 0x11363, Category::SpacingMark), (0x11366, 0x1136C, Category::NonspacingMark),
    (0x11370, 0x11374, Category::NonspacingMark), (0x11380, 0x11389, Category::OtherLetter),
    (0x1138B, 0x1138B, Category::OtherLetter), (0x1138E, 0x1138E, Category::OtherLetter),
    (0x11390, 0x113B5, Category::OtherLetter), (0x113B7, 0x113B7, Category::OtherLetter),
    (0x113B8, 0x113BA, Category::SpacingMark), (0x113BB, 0x113C0, Category::NonspacingMark),
    (0x113C2, 0x113C2, Category::SpacingMark), (0x113C5, 0x113C5, Category::SpacingMark),
    (0x113C7, 0x113CA, Category::SpacingMark), (0x113CC, 0x113CD, Category::SpacingMark),
    (0x113CE, 0x113CE, Category::NonspacingMark), (0x113CF, 0x113CF, Category::SpacingMark),
    (0x113D0, 0x113D0, Category::NonspacingMark), (0x113D1, 0x113D1, Category::OtherLetter),
    (0x113D2, 0x113D2, Category::NonspacingMark), (0x113D3, 0x113D3, Category::OtherLetter),
    (0x113D4, 0x113D5, Category::OtherPunctuation), (0x113D7, 0x113D8, Category::OtherPunctuation),
    (0x113E1, 0x113E2, Category::NonspacingMark), (0x11400, 0x11434, Category::OtherLetter),
    (0x11435, 0x11437, Category::SpacingMark), (0x11438, 0x1143F, Category::NonspacingMark),
    (0x11440, 0x11441, Category::SpacingMark), (0x11442, 0x11444, Category::NonspacingMark),
    (0x11445, 0x11445, Category::SpacingMark), (0x11446, 0x11446, Category::NonspacingMark),
    (0x11447, 0x1144A, Category::OtherLetter), (0x1144B, 0x1144F, Category::OtherPunctuation),
    (0x11450, 0x11459, Category::DecimalNumber), (0x1145A, 0x1145B, Category::OtherPunctuation),
    (0x1145D, 0x1145D, Category::OtherPunctuation), (0x1145E, 0x1145E, Category::NonspacingMark),
    (0x1145F, 0x11461, Category::OtherLetter), (0x11480, 0x114AF, Category::OtherLetter),
    (0x114B0, 0x114B2, Category::SpacingMark), (0x114B3, 0x114B8, Category::NonspacingMark),
    (0x114B9, 0x114B9, Category::SpacingMark), (0x114BA, 0x114BA, Category::NonspacingMark),
    (0x114BB, 0x114BE, Category::SpacingMark), (0x114BF, 0x114C0, Category::NonspacingMark),
    (0x114C1, 0x114C1, Category::SpacingMark), (0x114C2, 0x114C3, Category::NonspacingMark),
    (0x114C4, 0x114C5, Category::OtherLetter), (0x114C6, 0x114C6, Category::OtherPunctuation),
    (0x114C7, 0x114C7, Category::OtherLetter), (0x114D0, 0x114D9, Category::DecimalNumber),
    (0x11580, 0x115AE, Category::OtherLetter), (0x115AF, 0x115B1, Category::SpacingMark),
    (0x115B2, 0x115B5, Category::NonspacingMark), (0x115B8, 0x115BB, Category::SpacingMark),
    (0x115BC, 0x115BD, Category::NonspacingMark), (0x115BE, 0x115BE, Category::SpacingMark),
    (0x115BF, 0x115C0, Category::NonspacingMark), (0x115C1, 0x115D7, Category::OtherPunctuation),
    (0x115D8, 0x115DB, Category::OtherLetter), (0x115DC, 0x115DD, Category::NonspacingMark),
    (0x11600, 0x1162F, Category::OtherLetter), (0x11630, 0x11632, Category::SpacingMark),
    (0x11633, 0x1163A, Category::NonspacingMark), (0x1163B, 0x1163C, Category::SpacingMark),
    (0x1163D, 0x1163D, Category::NonspacingMark), (0x1163E, 0x1163E, Category::SpacingMark),
    (0x1163F, 0x11640, Category::NonspacingMark), (0x11641, 0x11643, Category::OtherPunctuation),
    (0x11644, 0x11644, Category::OtherLetter), (0x11650, 0x11659, Category::DecimalNumber),
    (0x11660, 0x1166C, Category::OtherPunctuation), (0x11680, 0x116AA, Category::OtherLetter),
    (0x116AB, 0x116AB, Category::NonspacingMark), (0x116AC, 0x116AC, Category::SpacingMark),
    (0x116AD, 0x116AD, Category::NonspacingMark), (0x116AE, 0x116AF, Category::SpacingMark),
    (0x116B0, 0x116B5, Category::NonspacingMark), (0x116B6, 0x116B6, Category::SpacingMark),
    (0x116B7, 0x116B7, Category::NonspacingMark), (0x116B8, 0x116B8, Category::OtherLetter),
    (0x116B9, 0x116B9, Category::OtherPunctuation), (0x116C0, 0x116C9, Category::DecimalNumber),
    (0x116D0, 0x116E3, Category::DecimalNumber), (0x11700, 0x1171A, Category::OtherLetter),
    (0x1171D, 0x1171D, Category::NonspacingMark), (0x1171E, 0x1171E, Category::SpacingMark),
    (0x1171F, 0x1171F, Category::NonspacingMark), (0x11720, 0x11721, Category::SpacingMark),
    (0x11722, 0x11725, Category::NonspacingMark), (0x11726, 0x11726, Category::SpacingMark),
    (0x11727, 0x1172B, Category::NonspacingMark), (0x11730, 0x11739, Category::DecimalNumber),
    (0x1173A, 0x1173B, Category::OtherNumber), (0x1173C, 0x1173E, Category::OtherPunctuation),
    (0x1173F, 0x1173F, Category::OtherSymbol), (0x11740, 0x11746, Category::OtherLetter),
    (0x11800, 0x1182B, Category::OtherLetter), (0x1182C, 0x1182E, Category::SpacingMark),
    (0x1182F, 0x11837, Category::NonspacingMark), (0x11838, 0x11838, Category::SpacingMark),
    (0x11839, 0x1183A, Category::NonspacingMark), (0x1183B, 0x1183B, Category::OtherPunctuation),
    (0x118A0, 0x118BF, Category::UppercaseLetter), (0x118C0, 0x118DF, Category::LowercaseLetter),
    (0x118E0, 0x118E9, Category::DecimalNumber), (0x118EA, 0x118F2, Category::OtherNumber),
    (0x118FF, 0x11906, Category::OtherLetter), (0x11909, 0x11909, Category::OtherLetter),
    (0x1190C, 0x11913, Category::OtherLetter), (0x11915, 0x11916, Category::OtherLetter),
    (0x11918, 0x1192F, Category::OtherLetter), (0x11930, 0x11935, Category::SpacingMark),
    (0x11937, 0x11938, Category::SpacingMark), (0x1193B, 0x1193C, Category::NonspacingMark),
    (0x1193D, 0x1193D, Category::SpacingMark), (0x1193E, 0x1193E, Category::NonspacingMark),
    (0x1193F, 0x1193F, Category::OtherLetter), (0x11940, 0x11940, Category::SpacingMark),
    (0x11941, 0x11941, Category::OtherLetter), (0x11942, 0x11942, Category::SpacingMark),
    (0x11943, 0x11943, Category::NonspacingMark), (0x11944, 0x11946, Category::OtherPunctuation),
    (0x11950, 0x11959, Category::DecimalNumber), (0x119A0, 0x119A7, Category::OtherLetter),
    (0x119AA, 0x119D0, Category::OtherLetter), (0x119D1, 0x119D3, Category::SpacingMark),
    (0x119D4, 0x119D7, Category::NonspacingMark), (0x119DA, 0x119DB, Category::NonspacingMark),
    (0x119DC, 0x119DF, Category::SpacingMark), (0x119E0, 0x119E0, Category::NonspacingMark),
    (0x119E1, 0x119E1, Category::OtherLetter), (0x119E2, 0x119E2, Category::OtherPunctuation),
    (0x119E3, 0x119E3, Category::OtherLetter), (0x119E4, 0x119E4, Category::SpacingMark),
    (0x11A00, 0x11A00, Category::OtherLetter), (0x11A01, 0x11A0A, Category::NonspacingMark),
    (0x11A0B, 0x11A32, Category::OtherLetter), (0x11A33, 0x11A38, Category::NonspacingMark),
    (0x11A39, 0x11A39, Category::SpacingMark), (0x11A3A, 0x11A3A, Category::OtherLetter),
    (0x11A3B, 0x11A3E, Category::NonspacingMark), (0x11A3F, 0x11A46, Category::OtherPunctuation),
    (0x11A47, 0x11A47, Category::NonspacingMark), (0x11A50, 0x11A50, Category::OtherLetter),
    (0x11A51, 0x11A56, Category::NonspacingMark), (0x11A57, 0x11A58, Category::SpacingMark),
    (0x11A59, 0x11A5B, Category::NonspacingMark), (0x11A5C, 0x11A89, Category::OtherLetter),
    (0x11A8A, 0x11A96, Category::NonspacingMark), (0x11A97, 0x11A97, Category::SpacingMark),
    (0x11A98, 0x11A99, Category::NonspacingMark), (0x11A9A, 0x11A9C, Category::OtherPunctuation),
    (0x11A9D, 0x11A9D, Category::OtherLetter), (0x11A9E, 0x11AA2, Category::OtherPunctuation),
    (0x11AB0, 0x11AF8, Category::OtherLetter), (0x11B00, 0x11B09, Category::OtherPunctuation),
    (0x11B60, 0x11B60, Category::NonspacingMark), (0x11B61, 0x11B61, Category::SpacingMark),
    (0x11B62, 0x11B64, Category::NonspacingMark), (0x11B65, 0x11B65, Category::SpacingMark),
    (0x11B66, 0x11B66, Category::NonspacingMark), (0x11B67, 0x11B67, Category::SpacingMark),
    (0x11BC0, 0x11BE0, Category::OtherLetter), (0x11BE1, 0x11BE1, Category::OtherPunctuation),
    (0x11BF0, 0x11BF9, Category::DecimalNumber), (0x11C00, 0x11C08, Category::OtherLetter),
    (0x11C0A, 0x11C2E, Category::OtherLetter), (0x11C2F, 0x11C2F, Category::SpacingMark),
    (0x11C30, 0x11C36, Category::NonspacingMark), (0x11C38, 0x11C3D, Category::NonspacingMark),
    (0x11C3E, 0x11C3E, Category::SpacingMark), (0x11C3F, 0x11C3F, Category::NonspacingMark),
    (0x11C40, 0x11C40, Category::OtherLetter), (0x11C41, 0x11C45, Category::OtherPunctuation),
    (0x11C50, 0x11C59, Category::DecimalNumber), (0x11C5A, 0x11C6C, Category::OtherNumber),
    (0x11C70, 0x11C71, Category::OtherPunctuation), (0x11C72, 0x11C8F, Category::OtherLetter),
    (0x11C92, 0x11CA7, Category::NonspacingMark), (0x11CA9, 0x11CA9, Category::SpacingMark),
    (0x11CAA, 0x11CB0, Category::NonspacingMark), (0x11CB1, 0x11CB1, Category::SpacingMark),
    (0x11CB2, 0x11CB3, Category::NonspacingMark), (0x11CB4, 0x11CB4, Category::SpacingMark),
    (0x11CB5, 0x11CB6, Category::NonspacingMark), (0x11D00, 0x11D06, Category::OtherLetter),
    (0x11D08, 0x11D09, Category::OtherLetter), (0x11D0B, 0x11D30, Category::OtherLetter),
    (0x11D31, 0x11D36, Category::NonspacingMark), (0x11D3A, 0x11D3A, Category::NonspacingMark),
    (0x11D3C, 0x11D3D, Category::NonspacingMark), (0x11D3F, 0x11D45, Category::NonspacingMark),
    (0x11D46, 0x11D46, Category::OtherLetter), (0x11D47, 0x11D47, Category::NonspacingMark),
    (0x11D50, 0x11D59, Category::DecimalNumber), (0x11D60, 0x11D65, Category::OtherLetter),
    (0x11D67, 0x11D68, Category::OtherLetter), (0x11D6A, 0x11D89, Category::OtherLetter),
    (0x11D8A, 0x11D8E, Category::SpacingMark), (0x11D90, 0x11D91, Category::NonspacingMark),
    (0x11D93, 0x11D94, Category::SpacingMark), (0x11D95, 0x11D95, Category::NonspacingMark),
    (0x11D96, 0x11D96, Category::SpacingMark), (0x11D97, 0x11D97, Category::NonspacingMark),
    (0x11D98, 0x11D98, Category::OtherLetter), (0x11DA0, 0x11DA9, Category::DecimalNumber),
    (0x11DB0, 0x11DD8, Category::OtherLetter), (0x11DD9, 0x11DD9, Category::ModifierLetter),
    (0x11DDA, 0x11DDB, Category::OtherLetter), (0x11DE0, 0x11DE9, Category::DecimalNumber),
    (0x11EE0, 0x11EF2, Category::OtherLetter), (0x11EF3, 0x11EF4, Category::NonspacingMark),
    (0x11EF5, 0x11EF6, Category::SpacingMark), (0x11EF7, 0x11EF8, Category::OtherPunctuation),
    (0x11F00, 0x11F01, Category::NonspacingMark), (0x11F02, 0x11F02, Category::OtherLetter),
    (0x11F03, 0x11F03, Category::SpacingMark), (0x11F04, 0x11F10, Category::OtherLetter),
    (0x11F12, 0x11F33, Category::OtherLetter), (0x11F34, 0x11F35, Category::SpacingMark),
    (0x11F36, 0x11F3A, Category::NonspacingMark), (0x11F3E, 0x11F3F, Category::SpacingMark),
    (0x11F40, 0x11F40, Category::NonspacingMark), (0x11F41, 0x11F41, Category::SpacingMark),
    (0x11F42, 0x11F42, Category::NonspacingMark), (0x11F43, 0x11F4F, Category::OtherPunctuation),
    (0x11F50, 0x11F59, Category::DecimalNumber), (0x11F5A, 0x11F5A, Category::NonspacingMark),
    (0x11FB0, 0x11FB0, Category::OtherLetter), (0x11FC0, 0x11FD4, Category::OtherNumber),
    (0x11FD5, 0x11FDC, Category::OtherSymbol), (0x11FDD, 0x11FE0, Category::CurrencySymbol),
    (0x11FE1, 0x11FF1, Category::OtherSymbol), (0x11FFF, 0x11FFF, Category::OtherPunctuation),
    (0x12000, 0x12399, Category::OtherLetter), (0x12400, 0x1246E, Category::LetterNumber),
    (0x12470, 0x12474, Category::OtherPunctuation), (0x12480, 0x12543, Category::OtherLetter),
    (0x12F90, 0x12FF0, Category::OtherLetter), (0x12FF1, 0x12FF2, Category::OtherPunctuation),
    (0x13000, 0x1342F, Category::OtherLetter), (0x13430, 0x1343F, Category::Format),
    (0x13440, 0x13440, Category::NonspacingMark), (0x13441, 0x13446, Category::OtherLetter),
    (0x13447, 0x13455, Category::NonspacingMark), (0x13460, 0x143FA, Category::OtherLetter),
    (0x14400, 0x14646, Category::OtherLetter), (0x16100, 0x1611D, Category::OtherLetter),
    (0x1611E, 0x16129, Category::NonspacingMark), (0x1612A, 0x1612C, Category::SpacingMark),
    (0x1612D, 0x1612F, Category::NonspacingMark), (0x16130, 0x16139, Category::DecimalNumber),
    (0x16800, 0x16A38, Category::OtherLetter), (0x16A40, 0x16A5E, Category::OtherLetter),
    (0x16A60, 0x16A69, Category::DecimalNumber), (0x16A6E, 0x16A6F, Category::OtherPunctuation),
    (0x16A70, 0x16ABE, Category::OtherLetter), (0x16AC0, 0x16AC9, Category::DecimalNumber),
    (0x16AD0, 0x16AED, Category::OtherLetter), (0x16AF0, 0x16AF4, Category::NonspacingMark),
    (0x16AF5, 0x16AF5, Category::OtherPunctuation), (0x16B00, 0x16B2F, Category::OtherLetter),
    (0x16B30, 0x16B36, Category::NonspacingMark), (0x16B37, 0x16B3B, Category::OtherPunctuation),
    (0x16B3C, 0x16B3F, Category::OtherSymbol), (0x16B40, 0x16B43, Category::ModifierLetter),
    (0x16B44, 0x16B44, Category::OtherPunctuation), (0x16B45, 0x16B45, Category::OtherSymbol),
    (0x16B50, 0x16B59, Category::DecimalNumber), (0x16B5B, 0x16B61, Category::OtherNumber),
    (0x16B63, 0x16B77, Category::OtherLetter), (0x16B7D, 0x16B8F, Category::OtherLetter),
    (0x16D40, 0x16D42, Category::ModifierLetter), (0x16D43, 0x16D6A, Category::OtherLetter),
    (0x16D6B, 0x16D6C, Category::ModifierLetter), (0x16D6D, 0x16D6F, Category::OtherPunctuation),
    (0x16D70, 0x16D79, Category::DecimalNumber), (0x16E40, 0x16E5F, Category::UppercaseLetter),
    (0x16E60, 0x16E7F, Category::LowercaseLetter), (0x16E80, 0x16E96, Category::OtherNumber),
    (0x16E97, 0x16E9A, Category::OtherPunctuation), (0x16EA0, 0x16EB8, Category::UppercaseLetter),
    (0x16EBB, 0x16ED3, Category::LowercaseLetter), (0x16F00, 0x16F4A, Category::OtherLetter),
    (0x16F4F, 0x16F4F, Category::NonspacingMark), (0x16F50, 0x16F50, Category::OtherLetter),
    (0x16F51, 0x16F87, Category::SpacingMark), (0x16F8F, 0x16F92, Category::NonspacingMark),
    (0x16F93, 0x16F9F, Category::ModifierLetter), (0x16FE0, 0x16FE1, Category::ModifierLetter),
    (0x16FE2, 0x16FE2, Category::OtherPunctuation), (0x16FE3, 0x16FE3, Category::ModifierLetter),
    (0x16FE4, 0x16FE4, Category::NonspacingMark), (0x16FF0, 0x16FF1, Category::SpacingMark),
    (0x16FF2, 0x16FF3, Category::ModifierLetter), (0x16FF4, 0x16FF6, Category::LetterNumber),
    (0x17000, 0x18CD5, Category::OtherLetter), (0x18CFF, 0x18D1E, Category::OtherLetter),
    (0x18D80, 0x18DF2, Category::OtherLetter), (0x1AFF0, 0x1AFF3, Category::ModifierLetter),
    (0x1AFF5, 0x1AFFB, Category::ModifierLetter), (0x1AFFD, 0x1AFFE, Category::ModifierLetter),
    (0x1B000, 0x1B122, Category::OtherLetter), (0x1B132, 0x1B132, Category::OtherLetter),
    (0x1B150, 0x1B152, Category::OtherLetter), (0x1B155, 0x1B155, Category::OtherLetter),
    (0x1B164, 0x1B167, Category::OtherLetter), (0x1B170, 0x1B2FB, Category::OtherLetter),
    (0x1BC00, 0x1BC6A, Category::OtherLetter), (0x1BC70, 0x1BC7C, Category::OtherLetter),
    (0x1BC80, 0x1BC88, Category::OtherLetter), (0x1BC90, 0x1BC99, Category::OtherLetter),
    (0x1BC9C, 0x1BC9C, Category::OtherSymbol), (0x1BC9D, 0x1BC9E, Category::NonspacingMark),
    (0x1BC9F, 0x1BC9F, Category::OtherPunctuation), (0x1BCA0, 0x1BCA3, Category::Format),
    (0x1CC00, 0x1CCEF, Category::OtherSymbol), (0x1CCF0, 0x1CCF9, Category::DecimalNumber),
    (0x1CCFA, 0x1CCFC, Category::OtherSymbol), (0x1CD00, 0x1CEB3, Category::OtherSymbol),
    (0x1CEBA, 0x1CED0, Category::OtherSymbol), (0x1CEE0, 0x1CEEF, Category::OtherSymbol),
    (0x1CEF0, 0x1CEF0, Category::MathSymbol), (0x1CF00, 0x1CF2D, Category::NonspacingMark),
    (0x1CF30, 0x1CF46, Category::NonspacingMark), (0x1CF50, 0x1CFC3, Category::OtherSymbol),
    (0x1D000, 0x1D0F5, Category::OtherSymbol), (0x1D100, 0x1D126, Category::OtherSymbol),
    (0x1D129, 0x1D164, Category::OtherSymbol), (0x1D165, 0x1D166, Category::SpacingMark),
    (0x1D167, 0x1D169, Category::NonspacingMark), (0x1D16A, 0x1D16C, Category::OtherSymbol),
    (0x1D16D, 0x1D172, Category::SpacingMark), (0x1D173, 0x1D17A, Category::Format),
    (0x1D17B, 0x1D182, Category::NonspacingMark), (0x1D183, 0x1D184, Category::OtherSymbol),
    (0x1D185, 0x1D18B, Category::NonspacingMark), (0x1D18C, 0x1D1A9, Category::OtherSymbol),
    (0x1D1AA, 0x1D1AD, Category::NonspacingMark), (0x1D1AE, 0x1D1EA, Category::OtherSymbol),
    (0x1D200, 0x1D241, Category::OtherSymbol), (0x1D242, 0x1D244, Category::NonspacingMark),
    (0x1D245, 0x1D245, Category::OtherSymbol), (0x1D2C0, 0x1D2D3, Category::OtherNumber),
    (0x1D2E0, 0x1D2F3, Category::OtherNumber), (0x1D300, 0x1D356, Category::OtherSymbol),
    (0x1D360, 0x1D378, Category::OtherNumber), (0x1D400, 0x1D419, Category::UppercaseLetter),
    (0x1D41A, 0x1D433, Category::LowercaseLetter), (0x1D434, 0x1D44D, Category::UppercaseLetter),
    (0x1D44E, 0x1D454, Category::LowercaseLetter), (0x1D456, 0x1D467, Category::LowercaseLetter),
    (0x1D468, 0x1D481, Category::UppercaseLetter), (0x1D482, 0x1D49B, Category::LowercaseLetter),
    (0x1D49C, 0x1D49C, Category::UppercaseLetter), (0x1D49E, 0x1D49F, Category::UppercaseLetter),
    (0x1D4A2, 0x1D4A2, Category::UppercaseLetter), (0x1D4A5, 0x1D4A6, Category::UppercaseLetter),
    (0x1D4A9, 0x1D4AC, Category::UppercaseLetter), (0x1D4AE, 0x1D4B5, Category::UppercaseLetter),
    (0x1D4B6, 0x1D4B9, Category::LowercaseLetter), (0x1D4BB, 0x1D4BB, Category::LowercaseLetter),
    (0x1D4BD, 0x1D4C3, Category::LowercaseLetter), (0x1D4C5, 0x1D4CF, Category::LowercaseLetter),
    (0x1D4D0, 0x1D4E9, Category::UppercaseLetter), (0x1D4EA, 0x1D503, Category::LowercaseLetter),
    (0x1D504, 0x1D505, Category::UppercaseLetter), (0x1D507, 0x1D50A, Category::UppercaseLetter),
    (0x1D50D, 0x1D514, Category::UppercaseLetter), (0x1D516, 0x1D51C, Category::UppercaseLetter),
    (0x1D51E, 0x1D537, Category::LowercaseLetter), (0x1D538, 0x1D539, Category::UppercaseLetter),
    (0x1D53B, 0x1D53E, Category::UppercaseLetter), (0x1D540, 0x1D544, Category::UppercaseLetter),
    (0x1D546, 0x1D546, Category::UppercaseLetter), (0x1D54A, 0x1D550, Category::UppercaseLetter),
    (0x1D552, 0x1D56B, Category::LowercaseLetter), (0x1D56C, 0x1D585, Category::UppercaseLetter),
    (0x1D586, 0x1D59F, Category::LowercaseLetter), (0x1D5A0, 0x1D5B9, Category::UppercaseLetter),
    (0x1D5BA, 0x1D5D3, Category::LowercaseLetter), (0x1D5D4, 0x1D5ED, Category::UppercaseLetter),
    (0x1D5EE, 0x1D607, Category::LowercaseLetter), (0x1D608, 0x1D621, Category::UppercaseLetter),
    (0x1D622, 0x1D63B, Category::LowercaseLetter), (0x1D63C, 0x1D655, Category::UppercaseLetter),
    (0x1D656, 0x1D66F, Category::LowercaseLetter), (0x1D670, 0x1D689, Category::UppercaseLetter),
    (0x1D68A, 0x1D6A5, Category::LowercaseLetter), (0x1D6A8, 0x1D6C0, Category::UppercaseLetter),
    (0x1D6C1, 0x1D6C1, Category::MathSymbol), (0x1D6C2, 0x1D6DA, Category::LowercaseLetter),
    (0x1D6DB, 0x1D6DB, Category::MathSymbol), (0x1D6DC, 0x1D6E1, Category::LowercaseLetter),
    (0x1D6E2, 0x1D6FA, Category::UppercaseLetter), (0x1D6FB, 0x1D6FB, Category::MathSymbol),
    (0x1D6FC, 0x1D714, Category::LowercaseLetter), (0x1D715, 0x1D715, Category::MathSymbol),
    (0x1D716, 0x1D71B, Category::LowercaseLetter), (0x1D71C, 0x1D734, Category::UppercaseLetter),
    (0x1D735, 0x1D735, Category::MathSymbol), (0x1D736, 0x1D74E, Category::LowercaseLetter),
    (0x1D74F, 0x1D74F, Category::MathSymbol), (0x1D750, 0x1D755, Category::LowercaseLetter),
    (0x1D756, 0x1D76E, Category::UppercaseLetter), (0x1D76F, 0x1D76F, Category::MathSymbol),
    (0x1D770, 0x1D788, Category::LowercaseLetter), (0x1D789, 0x1D789, Category::MathSymbol),
    (0x1D78A, 0x1D78F, Category::LowercaseLetter), (0x1D790, 0x1D7A8, Category::UppercaseLetter),
    (0x1D7A9, 0x1D7A9, Category::MathSymbol), (0x1D7AA, 0x1D7C2, Category::LowercaseLetter),
    (0x1D7C3, 0x1D7C3, Category::MathSymbol), (0x1D7C4, 0x1D7C9, Category::LowercaseLetter),
    (0x1D7CA, 0x1D7CA, Category::UppercaseLetter), (0x1D7CB, 0x1D7CB, Category::LowercaseLetter),
    (0x1D7CE, 0x1D7FF, Category::DecimalNumber), (0x1D800, 0x1D9FF, Category::OtherSymbol),
    (0x1DA00, 0x1DA36, Category::NonspacingMark), (0x1DA37, 0x1DA3A, Category::OtherSymbol),
    (0x1DA3B, 0x1DA6C, Category::NonspacingMark), (0x1DA6D, 0x1DA74, Category::OtherSymbol),
    (0x1DA75, 0x1DA75, Category::NonspacingMark), (0x1DA76, 0x1DA83, Category::OtherSymbol),
    (0x1DA84, 0x1DA84, Category::NonspacingMark), (0x1DA85, 0x1DA86, Category::OtherSymbol),
    (0x1DA87, 0x1DA8B, Category::OtherPunctuation), (0x1DA9B, 0x1DA9F, Category::NonspacingMark),
    (0x1DAA1, 0x1DAAF, Category::NonspacingMark), (0x1DF00, 0x1DF09, Category::LowercaseLetter),
    (0x1DF0A, 0x1DF0A, Category::OtherLetter), (0x1DF0B, 0x1DF1E, Category::LowercaseLetter),
    (0x1DF25, 0x1DF2A, Category::LowercaseLetter), (0x1E000, 0x1E006, Category::NonspacingMark),
    (0x1E008, 0x1E018, Category::NonspacingMark), (0x1E01B, 0x1E021, Category::NonspacingMark),
    (0x1E023, 0x1E024, Category::NonspacingMark), (0x1E026, 0x1E02A, Category::NonspacingMark),
    (0x1E030, 0x1E06D, Category::ModifierLetter), (0x1E08F, 0x1E08F, Category::NonspacingMark),
    (0x1E100, 0x1E12C, Category::OtherLetter), (0x1E130, 0x1E136, Category::NonspacingMark),
    (0x1E137, 0x1E13D, Category::ModifierLetter), (0x1E140, 0x1E149, Category::DecimalNumber),
    (0x1E14E, 0x1E14E, Category::OtherLetter), (0x1E14F, 0x1E14F, Category::OtherSymbol),
    (0x1E290, 0x1E2AD, Category::OtherLetter), (0x1E2AE, 0x1E2AE, Category::NonspacingMark),
    (0x1E2C0, 0x1E2EB, Category::OtherLetter), (0x1E2EC, 0x1E2EF, Category::NonspacingMark),
    (0x1E2F0, 0x1E2F9, Category::DecimalNumber), (0x1E2FF, 0x1E2FF, Category::CurrencySymbol),
    (0x1E4D0, 0x1E4EA, Category::OtherLetter), (0x1E4EB, 0x1E4EB, Category::ModifierLetter),
    (0x1E4EC, 0x1E4EF, Category::NonspacingMark), (0x1E4F0, 0x1E4F9, Category::DecimalNumber),
    (0x1E5D0, 0x1E5ED, Category::OtherLetter), (0x1E5EE, 0x1E5EF, Category::NonspacingMark),
    (0x1E5F0, 0x1E5F0, Category::OtherLetter), (0x1E5F1, 0x1E5FA, Category::DecimalNumber),
    (0x1E5FF, 0x1E5FF, Category::OtherPunctuation), (0x1E6C0, 0x1E6DE, Category::OtherLetter),
    (0x1E6E0, 0x1E6E2, Category::OtherLetter), (0x1E6E3, 0x1E6E3, Category::NonspacingMark),
    (0x1E6E4, 0x1E6E5, Category::OtherLetter), (0x1E6E6, 0x1E6E6, Category::NonspacingMark),
    (0x1E6E7, 0x1E6ED, Category::OtherLetter), (0x1E6EE, 0x1E6EF, Category::NonspacingMark),
    (0x1E6F0, 0x1E6F4, Category::OtherLetter), (0x1E6F5, 0x1E6F5, Category::NonspacingMark),
    (0x1E6FE, 0x1E6FE, Category::OtherLetter), (0x1E6FF, 0x1E6FF, Category::ModifierLetter),
    (0x1E7E0, 0x1E7E6, Category::OtherLetter), (0x1E7E8, 0x1E7EB, Category::OtherLetter),
    (0x1E7ED, 0x1E7EE, Category::OtherLetter), (0x1E7F0, 0x1E7FE, Category::OtherLetter),
    (0x1E800, 0x1E8C4, Category::OtherLetter), (0x1E8C7, 0x1E8CF, Category::OtherNumber),
    (0x1E8D0, 0x1E8D6, Category::NonspacingMark), (0x1E900, 0x1E921, Category::UppercaseLetter),
    (0x1E922, 0x1E943, Category::LowercaseLetter), (0x1E944, 0x1E94A, Category::NonspacingMark),
    (0x1E94B, 0x1E94B, Category::ModifierLetter), (0x1E950, 0x1E959, Category::DecimalNumber),
    (0x1E95E, 0x1E95F, Category::OtherPunctuation), (0x1EC71, 0x1ECAB, Category::OtherNumber),
    (0x1ECAC, 0x1ECAC, Category::OtherSymbol), (0x1ECAD, 0x1ECAF, Category::OtherNumber),
    (0x1ECB0, 0x1ECB0, Category::CurrencySymbol), (0x1ECB1, 0x1ECB4, Category::OtherNumber),
    (0x1ED01, 0x1ED2D, Category::OtherNumber), (0x1ED2E, 0x1ED2E, Category::OtherSymbol),
    (0x1ED2F, 0x1ED3D, Category::OtherNumber), (0x1EE00, 0x1EE03, Category::OtherLetter),
    (0x1EE05, 0x1EE1F, Category::OtherLetter), (0x1EE21, 0x1EE22, Category::OtherLetter),
    (0x1EE24, 0x1EE24, Category::OtherLetter), (0x1EE27, 0x1EE27, Category::OtherLetter),
    (0x1EE29, 0x1EE32, Category::OtherLetter), (0x1EE34, 0x1EE37, Category::OtherLetter),
    (0x1EE39, 0x1EE39, Category::OtherLetter), (0x1EE3B, 0x1EE3B, Category::OtherLetter),
    (0x1EE42, 0x1EE42, Category::OtherLetter), (0x1EE47, 0x1EE47, Category::OtherLetter),
    (0x1EE49, 0x1EE49, Category::OtherLetter), (0x1EE4B, 0x1EE4B, Category::OtherLetter),
    (0x1EE4D, 0x1EE4F, Category::OtherLetter), (0x1EE51, 0x1EE52, Category::OtherLetter),
    (0x1EE54, 0x1EE54, Category::OtherLetter), (0x1EE57, 0x1EE57, Category::OtherLetter),
    (0x1EE59, 0x1EE59, Category::OtherLetter), (0x1EE5B, 0x1EE5B, Category::OtherLetter),
    (0x1EE5D, 0x1EE5D, Category::OtherLetter), (0x1EE5F, 0x1EE5F, Category::OtherLetter),
    (0x1EE61, 0x1EE62, Category::OtherLetter), (0x1EE64, 0x1EE64, Category::OtherLetter),
    (0x1EE67, 0x1EE6A, Category::OtherLetter), (0x1EE6C, 0x1EE72, Category::OtherLetter),
    (0x1EE74, 0x1EE77, Category::OtherLetter), (0x1EE79, 0x1EE7C, Category::OtherLetter),
    (0x1EE7E, 0x1EE7E, Category::OtherLetter), (0x1EE80, 0x1EE89, Category::OtherLetter),
    (0x1EE8B, 0x1EE9B, Category::OtherLetter), (0x1EEA1, 0x1EEA3, Category::OtherLetter),
    (0x1EEA5, 0x1EEA9, Category::OtherLetter), (0x1EEAB, 0x1EEBB, Category::OtherLetter),
    (0x1EEF0, 0x1EEF1, Category::MathSymbol), (0x1F000, 0x1F02B, Category::OtherSymbol),
    (0x1F030, 0x1F093, Category::OtherSymbol), (0x1F0A0, 0x1F0AE, Category::OtherSymbol),
    (0x1F0B1, 0x1F0BF, Category::OtherSymbol), (0x1F0C1, 0x1F0CF, Category::OtherSymbol),
    (0x1F0D1, 0x1F0F5, Category::OtherSymbol), (0x1F100, 0x1F10C, Category::OtherNumber),
    (0x1F10D, 0x1F1AD, Category::OtherSymbol), (0x1F1E6, 0x1F202, Category::OtherSymbol),
    (0x1F210, 0x1F23B, Category::OtherSymbol), (0x1F240, 0x1F248, Category::OtherSymbol),
    (0x1F250, 0x1F251, Category::OtherSymbol), (0x1F260, 0x1F265, Category::OtherSymbol),
    (0x1F300, 0x1F3FA, Category::OtherSymbol), (0x1F3FB, 0x1F3FF, Category::ModifierSymbol),
    (0x1F400, 0x1F6D8, Category::OtherSymbol), (0x1F6DC, 0x1F6EC, Category::OtherSymbol),
    (0x1F6F0, 0x1F6FC, Category::OtherSymbol), (0x1F700, 0x1F7D9, Category::OtherSymbol),
    (0x1F7E0, 0x1F7EB, Category::OtherSymbol), (0x1F7F0, 0x1F7F0, Category::OtherSymbol),
    (0x1F800, 0x1F80B, Category::OtherSymbol), (0x1F810, 0x1F847, Category::OtherSymbol),
    (0x1F850, 0x1F859, Category::OtherSymbol), (0x1F860, 0x1F887, Category::OtherSymbol),
    (0x1F890, 0x1F8AD, Category::OtherSymbol), (0x1F8B0, 0x1F8BB, Category::OtherSymbol),
    (0x1F8C0, 0x1F8C1, Category::OtherSymbol), (0x1F8D0, 0x1F8D8, Category::MathSymbol),
    (0x1F900, 0x1FA57, Category::OtherSymbol), (0x1FA60, 0x1FA6D, Category::OtherSymbol),
    (0x1FA70, 0x1FA7C, Category::OtherSymbol), (0x1FA80, 0x1FA8A, Category::OtherSymbol),
    (0x1FA8E, 0x1FAC6, Category::OtherSymbol), (0x1FAC8, 0x1FAC8, Category::OtherSymbol),
    (0x1FACD, 0x1FADC, Category::OtherSymbol), (0x1FADF, 0x1FAEA, Category::OtherSymbol),
    (0x1FAEF, 0x1FAF8, Category::OtherSymbol), (0x1FB00, 0x1FB92, Category::OtherSymbol),
    (0x1FB94, 0x1FBEF, Category::OtherSymbol), (0x1FBF0, 0x1FBF9, Category::DecimalNumber),
    (0x1FBFA, 0x1FBFA, Category::OtherSymbol), (0x20000, 0x2A6DF, Category::OtherLetter),
    (0x2A700, 0x2B81D, Category::OtherLetter), (0x2B820, 0x2CEAD, Category::OtherLetter),
    (0x2CEB0, 0x2EBE0, Category::OtherLetter), (0x2EBF0, 0x2EE5D, Category::OtherLetter),
    (0x2F800, 0x2FA1D, Category::OtherLetter), (0x30000, 0x3134A, Category::OtherLetter),
    (0x31350, 0x33479, Category::OtherLetter), (0xE0001, 0xE0001, Category::Format),
    (0xE0020, 0xE007F, Category::Format), (0xE0100, 0xE01EF, Category::NonspacingMark),
    (0xF0000, 0xFFFFD, Category::PrivateUse), (0x100000, 0x10FFFD, Category::PrivateUse),
];

#[rustfmt::skip]
pub(super) static ALPHABETIC: [(u32, u32); 1202] = [
    (0x00041, 0x0005A), (0x00061, 0x0007A), (0x000AA, 0x000AA), (0x000B5, 0x000B5),
    (0x000BA, 0x000BA), (0x000C0, 0x000D6), (0x000D8, 0x000F6), (0x000F8, 0x001BA),
    (0x001BB, 0x001BB), (0x001BC, 0x001BF), (0x001C0, 0x001C3), (0x001C4, 0x00293),
    (0x00294, 0x00295), (0x00296, 0x002AF), (0x002B0, 0x002C1), (0x002C6, 0x002D1),
    (0x002E0, 0x002E4), (0x002EC, 0x002EC), (0x002EE, 0x002EE), (0x00345, 0x00345),
    (0x00363, 0x0036F), (0x00370, 0x00373), (0x00374, 0x00374), (0x00376, 0x00377),
    (0x0037A, 0x0037A), (0x0037B, 0x0037D), (0x0037F, 0x0037F), (0x00386, 0x00386),
    (0x00388, 0x0038A), (0x0038C, 0x0038C), (0x0038E, 0x003A1), (0x003A3, 0x003F5),
    (0x003F7, 0x00481), (0x0048A, 0x0052F), (0x00531, 0x00556), (0x00559, 0x00559),
    (0x00560, 0x00588), (0x005B0, 0x005BD), (0x005BF, 0x005BF), (0x005C1, 0x005C2),
    (0x005C4, 0x005C5), (0x005C7, 0x005C7), (0x005D0, 0x005EA), (0x005EF, 0x005F2),
    (0x00610, 0x0061A), (0x00620, 0x0063F), (0x00640, 0x00640), (0x00641, 0x0064A),
    (0x0064B, 0x00657), (0x00659, 0x0065F), (0x0066E, 0x0066F), (0x00670, 0x00670),
    (0x00671, 0x006D3), (0x006D5, 0x006D5), (0x006D6, 0x006DC), (0x006E1, 0x006E4),
    (0x006E5, 0x006E6), (0x006E7, 0x006E8), (0x006ED, 0x006ED), (0x006EE, 0x006EF),
    (0x006FA, 0x006FC), (0x006FF, 0x006FF), (0x00710, 0x00710), (0x00711, 0x00711),
    (0x00712, 0x0072F), (0x00730, 0x0073F), (0x0074D, 0x007A5), (0x007A6, 0x007B0),
    (0x007B1, 0x007B1), (0x007CA, 0x007EA), (0x007F4, 0x007F5), (0x007FA, 0x007FA),
    (0x00800, 0x00815), (0x00816, 0x00817), (0x0081A, 0x0081A), (0x0081B, 0x00823),
    (0x00824, 0x00824), (0x00825, 0x00827), (0x00828, 0x00828), (0x00829, 0x0082C),
    (0x00840, 0x00858), (0x00860, 0x0086A), (0x00870, 0x00887), (0x00889, 0x0088F),
    (0x00897, 0x00897), (0x008A0, 0x008C8), (0x008C9, 0x008C9), (0x008D4, 0x008DF),
    (0x008E3, 0x008E9), (0x008F0, 0x00902), (0x00903, 0x00903), (0x00904, 0x00939),
    (0x0093A, 0x0093A), (0x0093B, 0x0093B), (0x0093D, 0x0093D), (0x0093E, 0x00940),
    (0x00941, 0x00948), (0x00949, 0x0094C), (0x0094E, 0x0094F), (0x00950, 0x00950),
    (0x00955, 0x00957), (0x00958, 0x00961), (0x00962, 0x00963), (0x00971, 0x00971),
    (0x00972, 0x00980), (0x00981, 0x00981), (0x00982, 0x00983), (0x00985, 0x0098C),
    (0x0098F, 0x00990), (0x00993, 0x009A8), (0x009AA, 0x009B0), (0x009B2, 0x009B2),
    (0x009B6, 0x009B9), (0x009BD, 0x009BD), (0x009BE, 0x009C0), (0x009C1, 0x009C4),
    (0x009C7, 0x009C8), (0x009CB, 0x009CC), (0x009CE, 0x009CE), (0x009D7, 0x009D7),
    (0x009DC, 0x009DD), (0x009DF, 0x009E1), (0x009E2, 0x009E3), (0x009F0, 0x009F1),
    (0x009FC, 0x009FC), (0x00A01, 0x00A02), (0x00A03, 0x00A03), (0x00A05, 0x00A0A),
    (0x00A0F, 0x00A10), (0x00A13, 0x00A28), (0x00A2A, 0x00A30), (0x00A32, 0x00A33),
    (0x00A35, 0x00A36), (0x00A38, 0x00A39), (0x00A3E, 0x00A40), (0x00A41, 0x00A42),
    (0x00A47, 0x00A48), (0x00A4B, 0x00A4C), (0x00A51, 0x00A51), (0x00A59, 0x00A5C),
    (0x00A5E, 0x00A5E), (0x00A70, 0x00A71), (0x00A72, 0x00A74), (0x00A75, 0x00A75),
    (0x00A81, 0x00A82), (0x00A83, 0x00A83), (0x00A85, 0x00A8D), (0x00A8F, 0x00A91),
    (0x00A93, 0x00AA8), (0x00AAA, 0x00AB0), (0x00AB2, 0x00AB3), (0x00AB5, 0x00AB9),
    (0x00ABD, 0x00ABD), (0x00ABE, 0x00AC0), (0x00AC1, 0x00AC5), (0x00AC7, 0x00AC8),
    (0x00AC9, 0x00AC9), (0x00ACB, 0x00ACC), (0x00AD0, 0x00AD0), (0x00AE0, 0x00AE1),
    (0x00AE2, 0x00AE3), (0x00AF9, 0x00AF9), (0x00AFA, 0x00AFC), (0x00B01, 0x00B01),
    (0x00B02, 0x00B03), (0x00B05, 0x00B0C), (0x00B0F, 0x00B10), (0x00B13, 0x00B28),
    (0x00B2A, 0x00B30), (0x00B32, 0x00B33), (0x00B35, 0x00B39), (0x00B3D, 0x00B3D),
    (0x00B3E, 0x00B3E), (0x00B3F, 0x00B3F), (0x00B40, 0x00B40), (0x00B41, 0x00B44),
    (0x00B47, 0x00B48), (0x00B4B, 0x00B4C), (0x00B56, 0x00B56), (0x00B57, 0x00B57),
    (0x00B5C, 0x00B5D), (0x00B5F, 0x00B61), (0x00B62, 0x00B63), (0x00B71, 0x00B71),
    (0x00B82, 0x00B82), (0x00B83, 0x00B83), (0x00B85, 0x00B8A), (0x00B8E, 0x00B90),
    (0x00B92, 0x00B95), (0x00B99, 0x00B9A), (0x00B9C, 0x00B9C), (0x00B9E, 0x00B9F),
    (0x00BA3, 0x00BA4), (0x00BA8, 0x00BAA), (0x00BAE, 0x00BB9), (0x00BBE, 0x00BBF),
    (0x00BC0, 0x00BC0), (0x00BC1, 0x00BC2), (0x00BC6, 0x00BC8), (0x00BCA, 0x00BCC),
    (0x00BD0, 0x00BD0), (0x00BD7, 0x00BD7), (0x00C00, 0x00C00), (0x00C01, 0x00C03),
    (0x00C04, 0x00C04), (0x00C05, 0x00C0C), (0x00C0E, 0x00C10), (0x00C12, 0x00C28),
    (0x00C2A, 0x00C39), (0x00C3D, 0x00C3D), (0x00C3E, 0x00C40), (0x00C41, 0x00C44),
    (0x00C46, 0x00C48), (0x00C4A, 0x00C4C), (0x00C55, 0x00C56), (0x00C58, 0x00C5A),
    (0x00C5C, 0x00C5D), (0x00C60, 0x00C61), (0x00C62, 0x00C63), (0x00C80, 0x00C80),
    (0x00C81, 0x00C81), (0x00C82, 0x00C83), (0x00C85, 0x00C8C), (0x00C8E, 0x00C90),
    (0x00C92, 0x00CA8), (0x00CAA, 0x00CB3), (0x00CB5, 0x00CB9), (0x00CBD, 0x00CBD),
    (0x00CBE, 0x00CBE), (0x00CBF, 0x00CBF), (0x00CC0, 0x00CC4), (0x00CC6, 0x00CC6),
    (0x00CC7, 0x00CC8), (0x00CCA, 0x00CCB), (0x00CCC, 0x00CCC), (0x00CD5, 0x00CD6),
    (0x00CDC, 0x00CDE), (0x00CE0, 0x00CE1), (0x00CE2, 0x00CE3), (0x00CF1, 0x00CF2),
    (0x00CF3, 0x00CF3), (0x00D00, 0x00D01), (0x00D02, 0x00D03), (0x00D04, 0x00D0C),
    (0x00D0E, 0x00D10), (0x00D12, 0x00D3A), (0x00D3D, 0x00D3D), (0x00D3E, 0x00D40),
    (0x00D41, 0x00D44), (0x00D46, 0x00D48), (0x00D4A, 0x00D4C), (0x00D4E, 0x00D4E),
    (0x00D54, 0x00D56), (0x00D57, 0x00D57), (0x00D5F, 0x00D61), (0x00D62, 0x00D63),
    (0x00D7A, 0x00D7F), (0x00D81, 0x00D81), (0x00D82, 0x00D83), (0x00D85, 0x00D96),
    (0x00D9A, 0x00DB1), (0x00DB3, 0x00DBB), (0x00DBD, 0x00DBD), (0x00DC0, 0x00DC6),
    (0x00DCF, 0x00DD1), (0x00DD2, 0x00DD4), (0x00DD6, 0x00DD6), (0x00DD8, 0x00DDF),
    (0x00DF2, 0x00DF3), (0x00E01, 0x00E30), (0x00E31, 0x00E31), (0x00E32, 0x00E33),
    (0x00E34, 0x00E3A), (0x00E40, 0x00E45), (0x00E46, 0x00E46), (0x00E4D, 0x00E4D),
    (0x00E81, 0x00E82), (0x00E84, 0x00E84), (0x00E86, 0x00E8A), (0x00E8C, 0x00EA3),
    (0x00EA5, 0x00EA5), (0x00EA7, 0x00EB0), (0x00EB1, 0x00EB1), (0x00EB2, 0x00EB3),
    (0x00EB4, 0x00EB9), (0x00EBB, 0x00EBC), (0x00EBD, 0x00EBD), (0x00EC0, 0x00EC4),
    (0x00EC6, 0x00EC6), (0x00ECD, 0x00ECD), (0x00EDC, 0x00EDF), (0x00F00, 0x00F00),
    (0x00F40, 0x00F47), (0x00F49, 0x00F6C), (0x00F71, 0x00F7E), (0x00F7F, 0x00F7F),
    (0x00F80, 0x00F83), (0x00F88, 0x00F8C), (0x00F8D, 0x00F97), (0x00F99, 0x00FBC),
    (0x01000, 0x0102A), (0x0102B, 0x0102C), (0x0102D, 0x01030), (0x01031, 0x01031),
    (0x01032, 0x01036), (0x01038, 0x01038), (0x0103B, 0x0103C), (0x0103D, 0x0103E),
    (0x0103F, 0x0103F), (0x01050, 0x01055), (0x01056, 0x01057), (0x01058, 0x01059),
    (0x0105A, 0x0105D), (0x0105E, 0x01060), (0x01061, 0x01061), (0x01062, 0x01064),
    (0x01065, 0x01066), (0x01067, 0x0106D), (0x0106E, 0x01070), (0x01071, 0x01074),
    (0x01075, 0x01081), (0x01082, 0x01082), (0x01083, 0x01084), (0x01085, 0x01086),
    (0x01087, 0x0108C), (0x0108D, 0x0108D), (0x0108E, 0x0108E), (0x0108F, 0x0108F),
    (0x0109A, 0x0109C), (0x0109D, 0x0109D), (0x010A0, 0x010C5), (0x010C7, 0x010C7),
    (0x010CD, 0x010CD), (0x010D0, 0x010FA), (0x010FC, 0x010FC), (0x010FD, 0x010FF),
    (0x01100, 0x01248), (0x0124A, 0x0124D), (0x01250, 0x01256), (0x01258, 0x01258),
    (0x0125A, 0x0125D), (0x01260, 0x01288), (0x0128A, 0x0128D), (0x01290, 0x012B0),
    (0x012B2, 0x012B5), (0x012B8, 0x012BE), (0x012C0, 0x012C0), (0x012C2, 0x012C5),
    (0x012C8, 0x012D6), (0x012D8, 0x01310), (0x01312, 0x01315), (0x01318, 0x0135A),
    (0x01380, 0x0138F), (0x013A0, 0x013F5), (0x013F8, 0x013FD), (0x01401, 0x0166C),
    (0x0166F, 0x0167F), (0x01681, 0x0169A), (0x016A0, 0x016EA), (0x016EE, 0x016F0),
    (0x016F1, 0x016F8), (0x01700, 0x01711), (0x01712, 0x01713), (0x0171F, 0x01731),
    (0x01732, 0x01733), (0x01740, 0x01751), (0x01752, 0x01753), (0x01760, 0x0176C),
    (0x0176E, 0x01770), (0x01772, 0x01773), (0x01780, 0x017B3), (0x017B6, 0x017B6),
    (0x017B7, 0x017BD), (0x017BE, 0x017C5), (0x017C6, 0x017C6), (0x017C7, 0x017C8),
    (0x017D7, 0x017D7), (0x017DC, 0x017DC), (0x01820, 0x01842), (0x01843, 0x01843),
    (0x01844, 0x01878), (0x01880, 0x01884), (0x01885, 0x01886), (0x01887, 0x018A8),
    (0x018A9, 0x018A9), (0x018AA, 0x018AA), (0x018B0, 0x018F5), (0x01900, 0x0191E),
    (0x01920, 0x01922), (0x01923, 0x01926), (0x01927, 0x01928), (0x01929, 0x0192B),
    (0x01930, 0x01931), (0x01932, 0x01932), (0x01933, 0x01938), (0x01950, 0x0196D),
    (0x01970, 0x01974), (0x01980, 0x019AB), (0x019B0, 0x019C9), (0x01A00, 0x01A16),
    (0x01A17, 0x01A18), (0x01A19, 0x01A1A), (0x01A1B, 0x01A1B), (0x01A20, 0x01A54),
    (0x01A55, 0x01A55), (0x01A56, 0x01A56), (0x01A57, 0x01A57), (0x01A58, 0x01A5E),
    (0x01A61, 0x01A61), (0x01A62, 0x01A62), (0x01A63, 0x01A64), (0x01A65, 0x01A6C),
    (0x01A6D, 0x01A72), (0x01A73, 0x01A74), (0x01AA7, 0x01AA7), (0x01ABF, 0x01AC0),
    (0x01ACC, 0x01ACE), (0x01B00, 0x01B03), (0x01B04, 0x01B04), (0x01B05, 0x01B33),
    (0x01B35, 0x01B35), (0x01B36, 0x01B3A), (0x01B3B, 0x01B3B), (0x01B3C, 0x01B3C),
    (0x01B3D, 0x01B41), (0x01B42, 0x01B42), (0x01B43, 0x01B43), (0x01B45, 0x01B4C),
    (0x01B80, 0x01B81), (0x01B82, 0x01B82), (0x01B83, 0x01BA0), (0x01BA1, 0x01BA1),
    (0x01BA2, 0x01BA5), (0x01BA6, 0x01BA7), (0x01BA8, 0x01BA9), (0x01BAC, 0x01BAD),
    (0x01BAE, 0x01BAF), (0x01BBA, 0x01BE5), (0x01BE7, 0x01BE7), (0x01BE8, 0x01BE9),
    (0x01BEA, 0x01BEC), (0x01BED, 0x01BED), (0x01BEE, 0x01BEE), (0x01BEF, 0x01BF1),
    (0x01C00, 0x01C23), (0x01C24, 0x01C2B), (0x01C2C, 0x01C33), (0x01C34, 0x01C35),
    (0x01C36, 0x01C36), (0x01C4D, 0x01C4F), (0x01C5A, 0x01C77), (0x01C78, 0x01C7D),
    (0x01C80, 0x01C8A), (0x01C90, 0x01CBA), (0x01CBD, 0x01CBF), (0x01CE9, 0x01CEC),
    (0x01CEE, 0x01CF3), (0x01CF5, 0x01CF6), (0x01CFA, 0x01CFA), (0x01D00, 0x01D2B),
    (0x01D2C, 0x01D6A), (0x01D6B, 0x01D77), (0x01D78, 0x01D78), (0x01D79, 0x01D9A),
    (0x01D9B, 0x01DBF), (0x01DD3, 0x01DF4), (0x01E00, 0x01F15), (0x01F18, 0x01F1D),
    (0x01F20, 0x01F45), (0x01F48, 0x01F4D), (0x01F50, 0x01F57), (0x01F59, 0x01F59),
    (0x01F5B, 0x01F5B), (0x01F5D, 0x01F5D), (0x01F5F, 0x01F7D), (0x01F80, 0x01FB4),
    (0x01FB6, 0x01FBC), (0x01FBE, 0x01FBE), (0x01FC2, 0x01FC4), (0x01FC6, 0x01FCC),
    (0x01FD0, 0x01FD3), (0x01FD6, 0x01FDB), (0x01FE0, 0x01FEC), (0x01FF2, 0x01FF4),
    (0x01FF6, 0x01FFC), (0x02071, 0x02071), (0x0207F, 0x0207F), (0x02090, 0x0209C),
    (0x02102, 0x02102), (0x02107, 0x02107), (0x0210A, 0x02113), (0x02115, 0x02115),
    (0x02119, 0x0211D), (0x02124, 0x02124), (0x02126, 0x02126), (0x02128, 0x02128),
    (0x0212A, 0x0212D), (0x0212F, 0x02134), (0x02135, 0x02138), (0x02139, 0x02139),
    (0x0213C, 0x0213F), (0x02145, 0x02149), (0x0214E, 0x0214E), (0x02160, 0x02182),
    (0x02183, 0x02184), (0x02185, 0x02188), (0x024B6, 0x024E9), (0x02C00, 0x02C7B),
    (0x02C7C, 0x02C7D), (0x02C7E, 0x02CE4), (0x02CEB, 0x02CEE), (0x02CF2, 0x02CF3),
    (0x02D00, 0x02D25), (0x02D27, 0x02D27), (0x02D2D, 0x02D2D), (0x02D30, 0x02D67),
    (0x02D6F, 0x02D6F), (0x02D80, 0x02D96), (0x02DA0, 0x02DA6), (0x02DA8, 0x02DAE),
    (0x02DB0, 0x02DB6), (0x02DB8, 0x02DBE), (0x02DC0, 0x02DC6), (0x02DC8, 0x02DCE),
    (0x02DD0, 0x02DD6), (0x02DD8, 0x02DDE), (0x02DE0, 0x02DFF), (0x02E2F, 0x02E2F),
    (0x03005, 0x03005), (0x03006, 0x03006), (0x03007, 0x03007), (0x03021, 0x03029),
    (0x03031, 0x03035), (0x03038, 0x0303A), (0x0303B, 0x0303B), (0x0303C, 0x0303C),
    (0x03041, 0x03096), (0x0309D, 0x0309E), (0x0309F, 0x0309F), (0x030A1, 0x030FA),
    (0x030FC, 0x030FE), (0x030FF, 0x030FF), (0x03105, 0x0312F), (0x03131, 0x0318E),
    (0x031A0, 0x031BF), (0x031F0, 0x031FF), (0x03400, 0x04DBF), (0x04E00, 0x0A014),
    (0x0A015, 0x0A015), (0x0A016, 0x0A48C), (0x0A4D0, 0x0A4F7), (0x0A4F8, 0x0A4FD),
    (0x0A500, 0x0A60B), (0x0A60C, 0x0A60C), (0x0A610, 0x0A61F), (0x0A62A, 0x0A62B),
    (0x0A640, 0x0A66D), (0x0A66E, 0x0A66E), (0x0A674, 0x0A67B), (0x0A67F, 0x0A67F),
    (0x0A680, 0x0A69B), (0x0A69C, 0x0A69D), (0x0A69E, 0x0A69F), (0x0A6A0, 0x0A6E5),
    (0x0A6E6, 0x0A6EF), (0x0A717, 0x0A71F), (0x0A722, 0x0A76F), (0x0A770, 0x0A770),
    (0x0A771, 0x0A787), (0x0A788, 0x0A788), (0x0A78B, 0x0A78E), (0x0A78F, 0x0A78F),
    (0x0A790, 0x0A7DC), (0x0A7F1, 0x0A7F4), (0x0A7F5, 0x0A7F6), (0x0A7F7, 0x0A7F7),
    (0x0A7F8, 0x0A7F9), (0x0A7FA, 0x0A7FA), (0x0A7FB, 0x0A801), (0x0A802, 0x0A802),
    (0x0A803, 0x0A805), (0x0A807, 0x0A80A), (0x0A80B, 0x0A80B), (0x0A80C, 0x0A822),
    (0x0A823, 0x0A824), (0x0A825, 0x0A826), (0x0A827, 0x0A827), (0x0A840, 0x0A873),
    (0x0A880, 0x0A881), (0x0A882, 0x0A8B3), (0x0A8B4, 0x0A8C3), (0x0A8C5, 0x0A8C5),
    (0x0A8F2, 0x0A8F7), (0x0A8FB, 0x0A8FB), (0x0A8FD, 0x0A8FE), (0x0A8FF, 0x0A8FF),
    (0x0A90A, 0x0A925), (0x0A926, 0x0A92A), (0x0A930, 0x0A946), (0x0A947, 0x0A951),
    (0x0A952, 0x0A952), (0x0A960, 0x0A97C), (0x0A980, 0x0A982), (0x0A983, 0x0A983),
    (0x0A984, 0x0A9B2), (0x0A9B4, 0x0A9B5), (0x0A9B6, 0x0A9B9), (0x0A9BA, 0x0A9BB),
    (0x0A9BC, 0x0A9BD), (0x0A9BE, 0x0A9BF), (0x0A9CF, 0x0A9CF), (0x0A9E0, 0x0A9E4),
    (0x0A9E5, 0x0A9E5), (0x0A9E6, 0x0A9E6), (0x0A9E7, 0x0A9EF), (0x0A9FA, 0x0A9FE),
    (0x0AA00, 0x0AA28), (0x0AA29, 0x0AA2E), (0x0AA2F, 0x0AA30), (0x0AA31, 0x0AA32),
    (0x0AA33, 0x0AA34), (0x0AA35, 0x0AA36), (0x0AA40, 0x0AA42), (0x0AA43, 0x0AA43),
    (0x0AA44, 0x0AA4B), (0x0AA4C, 0x0AA4C), (0x0AA4D, 0x0AA4D), (0x0AA60, 0x0AA6F),
    (0x0AA70, 0x0AA70), (0x0AA71, 0x0AA76), (0x0AA7A, 0x0AA7A), (0x0AA7B, 0x0AA7B),
    (0x0AA7C, 0x0AA7C), (0x0AA7D, 0x0AA7D), (0x0AA7E, 0x0AAAF), (0x0AAB0, 0x0AAB0),
    (0x0AAB1, 0x0AAB1), (0x0AAB2, 0x0AAB4), (0x0AAB5, 0x0AAB6), (0x0AAB7, 0x0AAB8),
    (0x0AAB9, 0x0AABD), (0x0AABE, 0x0AABE), (0x0AAC0, 0x0AAC0), (0x0AAC2, 0x0AAC2),
    (0x0AADB, 0x0AADC), (0x0AADD, 0x0AADD), (0x0AAE0, 0x0AAEA), (0x0AAEB, 0x0AAEB),
    (0x0AAEC, 0x0AAED), (0x0AAEE, 0x0AAEF), (0x0AAF2, 0x0AAF2), (0x0AAF3, 0x0AAF4),
    (0x0AAF5, 0x0AAF5), (0x0AB01, 0x0AB06), (0x0AB09, 0x0AB0E), (0x0AB11, 0x0AB16),
    (0x0AB20, 0x0AB26), (0x0AB28, 0x0AB2E), (0x0AB30, 0x0AB5A), (0x0AB5C, 0x0AB5F),
    (0x0AB60, 0x0AB68), (0x0AB69, 0x0AB69), (0x0AB70, 0x0ABBF), (0x0ABC0, 0x0ABE2),
    (0x0ABE3, 0x0ABE4), (0x0ABE5, 0x0ABE5), (0x0ABE6, 0x0ABE7), (0x0ABE8, 0x0ABE8),
    (0x0ABE9, 0x0ABEA), (0x0AC00, 0x0D7A3), (0x0D7B0, 0x0D7C6), (0x0D7CB, 0x0D7FB),
    (0x0F900, 0x0FA6D), (0x0FA70, 0x0FAD9), (0x0FB00, 0x0FB06), (0x0FB13, 0x0FB17),
    (0x0FB1D, 0x0FB1D), (0x0FB1E, 0x0FB1E), (0x0FB1F, 0x0FB28), (0x0FB2A, 0x0FB36),
    (0x0FB38, 0x0FB3C), (0x0FB3E, 0x0FB3E), (0x0FB40, 0x0FB41), (0x0FB43, 0x0FB44),
    (0x0FB46, 0x0FBB1), (0x0FBD3, 0x0FD3D), (0x0FD50, 0x0FD8F), (0x0FD92, 0x0FDC7),
    (0x0FDF0, 0x0FDFB), (0x0FE70, 0x0FE74), (0x0FE76, 0x0FEFC), (0x0FF21, 0x0FF3A),
    (0x0FF41, 0x0FF5A), (0x0FF66, 0x0FF6F), (0x0FF70, 0x0FF70), (0x0FF71, 0x0FF9D),
    (0x0FF9E, 0x0FF9F), (0x0FFA0, 0x0FFBE), (0x0FFC2, 0x0FFC7), (0x0FFCA, 0x0FFCF),
    (0x0FFD2, 0x0FFD7), (0x0FFDA, 0x0FFDC), (0x10000, 0x1000B), (0x1000D, 0x10026),
    (0x10028, 0x1003A), (0x1003C, 0x1003D), (0x1003F, 0x1004D), (0x10050, 0x1005D),
    (0x10080, 0x100FA), (0x10140, 0x10174), (0x10280, 0x1029C), (0x102A0, 0x102D0),
    (0x10300, 0x1031F), (0x1032D, 0x10340), (0x10341, 0x10341), (0x10342, 0x10349),
    (0x1034A, 0x1034A), (0x10350, 0x10375), (0x10376, 0x1037A), (0x10380, 0x1039D),
    (0x103A0, 0x103C3), (0x103C8, 0x103CF), (0x103D1, 0x103D5), (0x10400, 0x1044F),
    (0x10450, 0x1049D), (0x104B0, 0x104D3), (0x104D8, 0x104FB), (0x10500, 0x10527),
    (0x10530, 0x10563), (0x10570, 0x1057A), (0x1057C, 0x1058A), (0x1058C, 0x10592),
    (0x10594, 0x10595), (0x10597, 0x105A1), (0x105A3, 0x105B1), (0x105B3, 0x105B9),
    (0x105BB, 0x105BC), (0x105C0, 0x105F3), (0x10600, 0x10736), (0x10740, 0x10755),
    (0x10760, 0x10767), (0x10780, 0x10785), (0x10787, 0x107B0), (0x107B2, 0x107BA),
    (0x10800, 0x10805), (0x10808, 0x10808), (0x1080A, 0x10835), (0x10837, 0x10838),
    (0x1083C, 0x1083C), (0x1083F, 0x10855), (0x10860, 0x10876), (0x10880, 0x1089E),
    (0x108E0, 0x108F2), (0x108F4, 0x108F5), (0x10900, 0x10915), (0x10920, 0x10939),
    (0x10940, 0x10959), (0x10980, 0x109B7), (0x109BE, 0x109BF), (0x10A00, 0x10A00),
    (0x10A01, 0x10A03), (0x10A05, 0x10A06), (0x10A0C, 0x10A0F), (0x10A10, 0x10A13),
    (0x10A15, 0x10A17), (0x10A19, 0x10A35), (0x10A60, 0x10A7C), (0x10A80, 0x10A9C),
    (0x10AC0, 0x10AC7), (0x10AC9, 0x10AE4), (0x10B00, 0x10B35), (0x10B40, 0x10B55),
    (0x10B60, 0x10B72), (0x10B80, 0x10B91), (0x10C00, 0x10C48), (0x10C80, 0x10CB2),
    (0x10CC0, 0x10CF2), (0x10D00, 0x10D23), (0x10D24, 0x10D27), (0x10D4A, 0x10D4D),
    (0x10D4E, 0x10D4E), (0x10D4F, 0x10D4F), (0x10D50, 0x10D65), (0x10D69, 0x10D69),
    (0x10D6F, 0x10D6F), (0x10D70, 0x10D85), (0x10E80, 0x10EA9), (0x10EAB, 0x10EAC),
    (0x10EB0, 0x10EB1), (0x10EC2, 0x10EC4), (0x10EC5, 0x10EC5), (0x10EC6, 0x10EC7),
    (0x10EFA, 0x10EFC), (0x10F00, 0x10F1C), (0x10F27, 0x10F27), (0x10F30, 0x10F45),
    (0x10F70, 0x10F81), (0x10FB0, 0x10FC4), (0x10FE0, 0x10FF6), (0x11000, 0x11000),
    (0x11001, 0x11001), (0x11002, 0x11002), (0x11003, 0x11037), (0x11038, 0x11045),
    (0x11071, 0x11072), (0x11073, 0x11074), (0x11075, 0x11075), (0x11080, 0x11081),
    (0x11082, 0x11082), (0x11083, 0x110AF), (0x110B0, 0x110B2), (0x110B3, 0x110B6),
    (0x110B7, 0x110B8), (0x110C2, 0x110C2), (0x110D0, 0x110E8), (0x11100, 0x11102),
    (0x11103, 0x11126), (0x11127, 0x1112B), (0x1112C, 0x1112C), (0x1112D, 0x11132),
    (0x11144, 0x11144), (0x11145, 0x11146), (0x11147, 0x11147), (0x11150, 0x11172),
    (0x11176, 0x11176), (0x11180, 0x11181), (0x11182, 0x11182), (0x11183, 0x111B2),
    (0x111B3, 0x111B5), (0x111B6, 0x111BE), (0x111BF, 0x111BF), (0x111C1, 0x111C4),
    (0x111CE, 0x111CE), (0x111CF, 0x111CF), (0x111DA, 0x111DA), (0x111DC, 0x111DC),
    (0x11200, 0x11211), (0x11213, 0x1122B), (0x1122C, 0x1122E), (0x1122F, 0x11231),
    (0x11232, 0x11233), (0x11234, 0x11234), (0x11237, 0x11237), (0x1123E, 0x1123E),
    (0x1123F, 0x11240), (0x11241, 0x11241), (0x11280, 0x11286), (0x11288, 0x11288),
    (0x1128A, 0x1128D), (0x1128F, 0x1129D), (0x1129F, 0x112A8), (0x112B0, 0x112DE),
    (0x112DF, 0x112DF), (0x112E0, 0x112E2), (0x112E3, 0x112E8), (0x11300, 0x11301),
    (0x11302, 0x11303), (0x11305, 0x1130C), (0x1130F, 0x11310), (0x11313, 0x11328),
    (0x1132A, 0x11330), (0x11332, 0x11333), (0x11335, 0x11339), (0x1133D, 0x1133D),
    (0x1133E, 0x1133F), (0x11340, 0x11340), (0x11341, 0x11344), (0x11347, 0x11348),
    (0x1134B, 0x1134C), (0x11350, 0x11350), (0x11357, 0x11357), (0x1135D, 0x11361),
    (0x11362, 0x11363), (0x11380, 0x11389), (0x1138B, 0x1138B), (0x1138E, 0x1138E),
    (0x11390, 0x113B5), (0x113B7, 0x113B7), (0x113B8, 0x113BA), (0x113BB, 0x113C0),
    (0x113C2, 0x113C2), (0x113C5, 0x113C5), (0x113C7, 0x113CA), (0x113CC, 0x113CD),
    (0x113D1, 0x113D1), (0x113D3, 0x113D3), (0x11400, 0x11434), (0x11435, 0x11437),
    (0x11438, 0x1143F), (0x11440, 0x11441), (0x11443, 0x11444), (0x11445, 0x11445),
    (0x11447, 0x1144A), (0x1145F, 0x11461), (0x11480, 0x114AF), (0x114B0, 0x114B2),
    (0x114B3, 0x114B8), (0x114B9, 0x114B9), (0x114BA, 0x114BA), (0x114BB, 0x114BE),
    (0x114BF, 0x114C0), (0x114C1, 0x114C1), (0x114C4, 0x114C5), (0x114C7, 0x114C7),
    (0x11580, 0x115AE), (0x115AF, 0x115B1), (0x115B2, 0x115B5), (0x115B8, 0x115BB),
    (0x115BC, 0x115BD), (0x115BE, 0x115BE), (0x115D8, 0x115DB), (0x115DC, 0x115DD),
    (0x11600, 0x1162F), (0x11630, 0x11632), (0x11633, 0x1163A), (0x1163B, 0x1163C),
    (0x1163D, 0x1163D), (0x1163E, 0x1163E), (0x11640, 0x11640), (0x11644, 0x11644),
    (0x11680, 0x116AA), (0x116AB, 0x116AB), (0x116AC, 0x116AC), (0x116AD, 0x116AD),
    (0x116AE, 0x116AF), (0x116B0, 0x116B5), (0x116B8, 0x116B8), (0x11700, 0x1171A),
    (0x1171D, 0x1171D), (0x1171E, 0x1171E), (0x1171F, 0x1171F), (0x11720, 0x11721),
    (0x11722, 0x11725), (0x11726, 0x11726), (0x11727, 0x1172A), (0x11740, 0x11746),
    (0x11800, 0x1182B), (0x1182C, 0x1182E), (0x1182F, 0x11837), (0x11838, 0x11838),
    (0x118A0, 0x118DF), (0x118FF, 0x11906), (0x11909, 0x11909), (0x1190C, 0x11913),
    (0x11915, 0x11916), (0x11918, 0x1192F), (0x11930, 0x11935), (0x11937, 0x11938),
    (0x1193B, 0x1193C), (0x1193F, 0x1193F), (0x11940, 0x11940), (0x11941, 0x11941),
    (0x11942, 0x11942), (0x119A0, 0x119A7), (0x119AA, 0x119D0), (0x119D1, 0x119D3),
    (0x119D4, 0x119D7), (0x119DA, 0x119DB), (0x119DC, 0x119DF), (0x119E1, 0x119E1),
    (0x119E3, 0x119E3), (0x119E4, 0x119E4), (0x11A00, 0x11A00), (0x11A01, 0x11A0A),
    (0x11A0B, 0x11A32), (0x11A35, 0x11A38), (0x11A39, 0x11A39), (0x11A3A, 0x11A3A),
    (0x11A3B, 0x11A3E), (0x11A50, 0x11A50), (0x11A51, 0x11A56), (0x11A57, 0x11A58),
    (0x11A59, 0x11A5B), (0x11A5C, 0x11A89), (0x11A8A, 0x11A96), (0x11A97, 0x11A97),
    (0x11A9D, 0x11A9D), (0x11AB0, 0x11AF8), (0x11B60, 0x11B60), (0x11B61, 0x11B61),
    (0x11B62, 0x11B64), (0x11B65, 0x11B65), (0x11B66, 0x11B66), (0x11B67, 0x11B67),
    (0x11BC0, 0x11BE0), (0x11C00, 0x11C08), (0x11C0A, 0x11C2E), (0x11C2F, 0x11C2F),
    (0x11C30, 0x11C36), (0x11C38, 0x11C3D), (0x11C3E, 0x11C3E), (0x11C40, 0x11C40),
    (0x11C72, 0x11C8F), (0x11C92, 0x11CA7), (0x11CA9, 0x11CA9), (0x11CAA, 0x11CB0),
    (0x11CB1, 0x11CB1), (0x11CB2, 0x11CB3), (0x11CB4, 0x11CB4), (0x11CB5, 0x11CB6),
    (0x11D00, 0x11D06), (0x11D08, 0x11D09), (0x11D0B, 0x11D30), (0x11D31, 0x11D36),
    (0x11D3A, 0x11D3A), (0x11D3C, 0x11D3D), (0x11D3F, 0x11D41), (0x11D43, 0x11D43),
    (0x11D46, 0x11D46), (0x11D47, 0x11D47), (0x11D60, 0x11D65), (0x11D67, 0x11D68),
    (0x11D6A, 0x11D89), (0x11D8A, 0x11D8E), (0x11D90, 0x11D91), (0x11D93, 0x11D94),
    (0x11D95, 0x11D95), (0x11D96, 0x11D96), (0x11D98, 0x11D98), (0x11DB0, 0x11DD8),
    (0x11DD9, 0x11DD9), (0x11DDA, 0x11DDB), (0x11EE0, 0x11EF2), (0x11EF3, 0x11EF4),
    (0x11EF5, 0x11EF6), (0x11F00, 0x11F01), (0x11F02, 0x11F02), (0x11F03, 0x11F03),
    (0x11F04, 0x11F10), (0x11F12, 0x11F33), (0x11F34, 0x11F35), (0x11F36, 0x11F3A),
    (0x11F3E, 0x11F3F), (0x11F40, 0x11F40), (0x11FB0, 0x11FB0), (0x12000, 0x12399),
    (0x12400, 0x1246E), (0x12480, 0x12543), (0x12F90, 0x12FF0), (0x13000, 0x1342F),
    (0x13441, 0x13446), (0x13460, 0x143FA), (0x14400, 0x14646), (0x16100, 0x1611D),
    (0x1611E, 0x16129), (0x1612A, 0x1612C), (0x1612D, 0x1612E), (0x16800, 0x16A38),
    (0x16A40, 0x16A5E), (0x16A70, 0x16ABE), (0x16AD0, 0x16AED), (0x16B00, 0x16B2F),
    (0x16B40, 0x16B43), (0x16B63, 0x16B77), (0x16B7D, 0x16B8F), (0x16D40, 0x16D42),
    (0x16D43, 0x16D6A), (0x16D6B, 0x16D6C), (0x16E40, 0x16E7F), (0x16EA0, 0x16EB8),
    (0x16EBB, 0x16ED3), (0x16F00, 0x16F4A), (0x16F4F, 0x16F4F), (0x16F50, 0x16F50),
    (0x16F51, 0x16F87), (0x16F8F, 0x16F92), (0x16F93, 0x16F9F), (0x16FE0, 0x16FE1),
    (0x16FE3, 0x16FE3), (0x16FF0, 0x16FF1), (0x16FF2, 0x16FF3), (0x16FF4, 0x16FF6),
    (0x17000, 0x18CD5), (0x18CFF, 0x18D1E), (0x18D80, 0x18DF2), (0x1AFF0, 0x1AFF3),
    (0x1AFF5, 0x1AFFB), (0x1AFFD, 0x1AFFE), (0x1B000, 0x1B122), (0x1B132, 0x1B132),
    (0x1B150, 0x1B152), (0x1B155, 0x1B155), (0x1B164, 0x1B167), (0x1B170, 0x1B2FB),
    (0x1BC00, 0x1BC6A), (0x1BC70, 0x1BC7C), (0x1BC80, 0x1BC88), (0x1BC90, 0x1BC99),
    (0x1BC9E, 0x1BC9E), (0x1D400, 0x1D454), (0x1D456, 0x1D49C), (0x1D49E, 0x1D49F),
    (0x1D4A2, 0x1D4A2), (0x1D4A5, 0x1D4A6), (0x1D4A9, 0x1D4AC), (0x1D4AE, 0x1D4B9),
    (0x1D4BB, 0x1D4BB), (0x1D4BD, 0x1D4C3), (0x1D4C5, 0x1D505), (0x1D507, 0x1D50A),
    (0x1D50D, 0x1D514), (0x1D516, 0x1D51C), (0x1D51E, 0x1D539), (0x1D53B, 0x1D53E),
    (0x1D540, 0x1D544), (0x1D546, 0x1D546), (0x1D54A, 0x1D550), (0x1D552, 0x1D6A5),
    (0x1D6A8, 0x1D6C0), (0x1D6C2, 0x1D6DA), (0x1D6DC, 0x1D6FA), (0x1D6FC, 0x1D714),
    (0x1D716, 0x1D734), (0x1D736, 0x1D74E), (0x1D750, 0x1D76E), (0x1D770, 0x1D788),
    (0x1D78A, 0x1D7A8), (0x1D7AA, 0x1D7C2), (0x1D7C4, 0x1D7CB), (0x1DF00, 0x1DF09),
    (0x1DF0A, 0x1DF0A), (0x1DF0B, 0x1DF1E), (0x1DF25, 0x1DF2A), (0x1E000, 0x1E006),
    (0x1E008, 0x1E018), (0x1E01B, 0x1E021), (0x1E023, 0x1E024), (0x1E026, 0x1E02A),
    (0x1E030, 0x1E06D), (0x1E08F, 0x1E08F), (0x1E100, 0x1E12C), (0x1E137, 0x1E13D),
    (0x1E14E, 0x1E14E), (0x1E290, 0x1E2AD), (0x1E2C0, 0x1E2EB), (0x1E4D0, 0x1E4EA),
    (0x1E4EB, 0x1E4EB), (0x1E5D0, 0x1E5ED), (0x1E5F0, 0x1E5F0), (0x1E6C0, 0x1E6DE),
    (0x1E6E0, 0x1E6E2), (0x1E6E3, 0x1E6E3), (0x1E6E4, 0x1E6E5), (0x1E6E6, 0x1E6E6),
    (0x1E6E7, 0x1E6ED), (0x1E6EE, 0x1E6EF), (0x1E6F0, 0x1E6F4), (0x1E6F5, 0x1E6F5),
    (0x1E6FE, 0x1E6FE), (0x1E6FF, 0x1E6FF), (0x1E7E0, 0x1E7E6), (0x1E7E8, 0x1E7EB),
    (0x1E7ED, 0x1E7EE), (0x1E7F0, 0x1E7FE), (0x1E800, 0x1E8C4), (0x1E900, 0x1E943),
    (0x1E947, 0x1E947), (0x1E94B, 0x1E94B), (0x1EE00, 0x1EE03), (0x1EE05, 0x1EE1F),
    (0x1EE21, 0x1EE22), (0x1EE24, 0x1EE24), (0x1EE27, 0x1EE27), (0x1EE29, 0x1EE32),
    (0x1EE34, 0x1EE37), (0x1EE39, 0x1EE39), (0x1EE3B, 0x1EE3B), (0x1EE42, 0x1EE42),
    (0x1EE47, 0x1EE47), (0x1EE49, 0x1EE49), (0x1EE4B, 0x1EE4B), (0x1EE4D, 0x1EE4F),
    (0x1EE51, 0x1EE52), (0x1EE54, 0x1EE54), (0x1EE57, 0x1EE57), (0x1EE59, 0x1EE59),
    (0x1EE5B, 0x1EE5B), (0x1EE5D, 0x1EE5D), (0x1EE5F, 0x1EE5F), (0x1EE61, 0x1EE62),
    (0x1EE64, 0x1EE64), (0x1EE67, 0x1EE6A), (0x1EE6C, 0x1EE72), (0x1EE74, 0x1EE77),
    (0x1EE79, 0x1EE7C), (0x1EE7E, 0x1EE7E), (0x1EE80, 0x1EE89), (0x1EE8B, 0x1EE9B),
    (0x1EEA1, 0x1EEA3), (0x1EEA5, 0x1EEA9), (0x1EEAB, 0x1EEBB), (0x1F130, 0x1F149),
    (0x1F150, 0x1F169), (0x1F170, 0x1F189), (0x20000, 0x2A6DF), (0x2A700, 0x2B81D),
    (0x2B820, 0x2CEAD), (0x2CEB0, 0x2EBE0), (0x2EBF0, 0x2EE5D), (0x2F800, 0x2FA1D),
    (0x30000, 0x3134A), (0x31350, 0x33479),
];

#[rustfmt::skip]
pub(super) static LOWERCASE: [(u32, u32); 692] = [
    (0x00061, 0x0007A), (0x000AA, 0x000AA), (0x000B5, 0x000B5), (0x000BA, 0x000BA),
    (0x000DF, 0x000F6), (0x000F8, 0x000FF), (0x00101, 0x00101), (0x00103, 0x00103),
    (0x00105, 0x00105), (0x00107, 0x00107), (0x00109, 0x00109), (0x0010B, 0x0010B),
    (0x0010D, 0x0010D), (0x0010F, 0x0010F), (0x00111, 0x00111), (0x00113, 0x00113),
    (0x00115, 0x00115), (0x00117, 0x00117), (0x00119, 0x00119), (0x0011B, 0x0011B),
    (0x0011D, 0x0011D), (0x0011F, 0x0011F), (0x00121, 0x00121), (0x00123, 0x00123),
    (0x00125, 0x00125), (0x00127, 0x00127), (0x00129, 0x00129), (0x0012B, 0x0012B),
    (0x0012D, 0x0012D), (0x0012F, 0x0012F), (0x00131, 0x00131), (0x00133, 0x00133),
    (0x00135, 0x00135), (0x00137, 0x00138), (0x0013A, 0x0013A), (0x0013C, 0x0013C),
    (0x0013E, 0x0013E), (0x00140, 0x00140), (0x00142, 0x00142), (0x00144, 0x00144),
    (0x00146, 0x00146), (0x00148, 0x00149), (0x0014B, 0x0014B), (0x0014D, 0x0014D),
    (0x0014F, 0x0014F), (0x00151, 0x00151), (0x00153, 0x00153), (0x00155, 0x00155),
    (0x00157, 0x00157), (0x00159, 0x00159), (0x0015B, 0x0015B), (0x0015D, 0x0015D),
    (0x0015F, 0x0015F), (0x00161, 0x00161), (0x00163, 0x00163), (0x00165, 0x00165),
    (0x00167, 0x00167), (0x00169, 0x00169), (0x0016B, 0x0016B), (0x0016D, 0x0016D),
    (0x0016F, 0x0016F), (0x00171, 0x00171), (0x00173, 0x00173), (0x00175, 0x00175),
    (0x00177, 0x00177), (0x0017A, 0x0017A), (0x0017C, 0x0017C), (0x0017E, 0x00180),
    (0x00183, 0x00183), (0x00185, 0x00185), (0x00188, 0x00188), (0x0018C, 0x0018D),
    (0x00192, 0x00192), (0x00195, 0x00195), (0x00199, 0x0019B), (0x0019E, 0x0019E),
    (0x001A1, 0x001A1), (0x001A3, 0x001A3), (0x001A5, 0x001A5), (0x001A8, 0x001A8),
    (0x001AA, 0x001AB), (0x001AD, 0x001AD), (0x001B0, 0x001B0), (0x001B4, 0x001B4),
    (0x001B6, 0x001B6), (0x001B9, 0x001BA), (0x001BD, 0x001BF), (0x001C6, 0x001C6),
    (0x001C9, 0x001C9), (0x001CC, 0x001CC), (0x001CE, 0x001CE), (0x001D0, 0x001D0),
    (0x001D2, 0x001D2), (0x001D4, 0x001D4), (0x001D6, 0x001D6), (0x001D8, 0x001D8),
    (0x001DA, 0x001DA), (0x001DC, 0x001DD), (0x001DF, 0x001DF), (0x001E1, 0x001E1),
    (0x001E3, 0x001E3), (0x001E5, 0x001E5), (0x001E7, 0x001E7), (0x001E9, 0x001E9),
    (0x001EB, 0x001EB), (0x001ED, 0x001ED), (0x001EF, 0x001F0), (0x001F3, 0x001F3),
    (0x001F5, 0x001F5), (0x001F9, 0x001F9), (0x001FB, 0x001FB), (0x001FD, 0x001FD),
    (0x001FF, 0x001FF), (0x00201, 0x00201), (0x00203, 0x00203), (0x00205, 0x00205),
    (0x00207, 0x00207), (0x00209, 0x00209), (0x0020B, 0x0020B), (0x0020D, 0x0020D),
    (0x0020F, 0x0020F), (0x00211, 0x00211), (0x00213, 0x00213), (0x00215, 0x00215),
    (0x00217, 0x00217), (0x00219, 0x00219), (0x0021B, 0x0021B), (0x0021D, 0x0021D),
    (0x0021F, 0x0021F), (0x00221, 0x00221), (0x00223, 0x00223), (0x00225, 0x00225),
    (0x00227, 0x00227), (0x00229, 0x00229), (0x0022B, 0x0022B), (0x0022D, 0x0022D),
    (0x0022F, 0x0022F), (0x00231, 0x00231), (0x00233, 0x00239), (0x0023C, 0x0023C),
    (0x0023F, 0x00240), (0x00242, 0x00242), (0x00247, 0x00247), (0x00249, 0x00249),
    (0x0024B, 0x0024B), (0x0024D, 0x0024D), (0x0024F, 0x00293), (0x00296, 0x002AF),
    (0x002B0, 0x002B8), (0x002C0, 0x002C1), (0x002E0, 0x002E4), (0x00345, 0x00345),
    (0x00371, 0x00371), (0x00373, 0x00373), (0x00377, 0x00377), (0x0037A, 0x0037A),
    (0x0037B, 0x0037D), (0x00390, 0x00390), (0x003AC, 0x003CE), (0x003D0, 0x003D1),
    (0x003D5, 0x003D7), (0x003D9, 0x003D9), (0x003DB, 0x003DB), (0x003DD, 0x003DD),
    (0x003DF, 0x003DF), (0x003E1, 0x003E1), (0x003E3, 0x003E3), (0x003E5, 0x003E5),
    (0x003E7, 0x003E7), (0x003E9, 0x003E9), (0x003EB, 0x003EB), (0x003ED, 0x003ED),
    (0x003EF, 0x003F3), (0x003F5, 0x003F5), (0x003F8, 0x003F8), (0x003FB, 0x003FC),
    (0x00430, 0x0045F), (0x00461, 0x00461), (0x00463, 0x00463), (0x00465, 0x00465),
    (0x00467, 0x00467), (0x00469, 0x00469), (0x0046B, 0x0046B), (0x0046D, 0x0046D),
    (0x0046F, 0x0046F), (0x00471, 0x00471), (0x00473, 0x00473), (0x00475, 0x00475),
    (0x00477, 0x00477), (0x00479, 0x00479), (0x0047B, 0x0047B), (0x0047D, 0x0047D),
    (0x0047F, 0x0047F), (0x00481, 0x00481), (0x0048B, 0x0048B), (0x0048D, 0x0048D),
    (0x0048F, 0x0048F), (0x00491, 0x00491), (0x00493, 0x00493), (0x00495, 0x00495),
    (0x00497, 0x00497), (0x00499, 0x00499), (0x0049B, 0x0049B), (0x0049D, 0x0049D),
    (0x0049F, 0x0049F), (0x004A1, 0x004A1), (0x004A3, 0x004A3), (0x004A5, 0x004A5),
    (0x004A7, 0x004A7), (0x004A9, 0x004A9), (0x004AB, 0x004AB), (0x004AD, 0x004AD),
    (0x004AF, 0x004AF), (0x004B1, 0x004B1), (0x004B3, 0x004B3), (0x004B5, 0x004B5),
    (0x004B7, 0x004B7), (0x004B9, 0x004B9), (0x004BB, 0x004BB), (0x004BD, 0x004BD),
    (0x004BF, 0x004BF), (0x004C2, 0x004C2), (0x004C4, 0x004C4), (0x004C6, 0x004C6),
    (0x004C8, 0x004C8), (0x004CA, 0x004CA), (0x004CC, 0x004CC), (0x004CE, 0x004CF),
    (0x004D1, 0x004D1), (0x004D3, 0x004D3), (0x004D5, 0x004D5), (0x004D7, 0x004D7),
    (0x004D9, 0x004D9), (0x004DB, 0x004DB), (0x004DD, 0x004DD), (0x004DF, 0x004DF),
    (0x004E1, 0x004E1), (0x004E3, 0x004E3), (0x004E5, 0x004E5), (0x004E7, 0x004E7),
    (0x004E9, 0x004E9), (0x004EB, 0x004EB), (0x004ED, 0x004ED), (0x004EF, 0x004EF),
    (0x004F1, 0x004F1), (0x004F3, 0x004F3), (0x004F5, 0x004F5), (0x004F7, 0x004F7),
    (0x004F9, 0x004F9), (0x004FB, 0x004FB), (0x004FD, 0x004FD), (0x004FF, 0x004FF),
    (0x00501, 0x00501), (0x00503, 0x00503), (0x00505, 0x00505), (0x00507, 0x00507),
    (0x00509, 0x00509), (0x0050B, 0x0050B), (0x0050D, 0x0050D), (0x0050F, 0x0050F),
    (0x00511, 0x00511), (0x00513, 0x00513), (0x00515, 0x00515), (0x00517, 0x00517),
    (0x00519, 0x00519), (0x0051B, 0x0051B), (0x0051D, 0x0051D), (0x0051F, 0x0051F),
    (0x00521, 0x00521), (0x00523, 0x00523), (0x00525, 0x00525), (0x00527, 0x00527),
    (0x00529, 0x00529), (0x0052B, 0x0052B), (0x0052D, 0x0052D), (0x0052F, 0x0052F),
    (0x00560, 0x00588), (0x010D0, 0x010FA), (0x010FC, 0x010FC), (0x010FD, 0x010FF),
    (0x013F8, 0x013FD), (0x01C80, 0x01C88), (0x01C8A, 0x01C8A), (0x01D00, 0x01D2B),
    (0x01D2C, 0x01D6A), (0x01D6B, 0x01D77), (0x01D78, 0x01D78), (0x01D79, 0x01D9A),
    (0x01D9B, 0x01DBF), (0x01E01, 0x01E01), (0x01E03, 0x01E03), (0x01E05, 0x01E05),
    (0x01E07, 0x01E07), (0x01E09, 0x01E09), (0x01E0B, 0x01E0B), (0x01E0D, 0x01E0D),
    (0x01E0F, 0x01E0F), (0x01E11, 0x01E11), (0x01E13, 0x01E13), (0x01E15, 0x01E15),
    (0x01E17, 0x01E17), (0x01E19, 0x01E19), (0x01E1B, 0x01E1B), (0x01E1D, 0x01E1D),
    (0x01E1F, 0x01E1F), (0x01E21, 0x01E21), (0x01E23, 0x01E23), (0x01E25, 0x01E25),
    (0x01E27, 0x01E27), (0x01E29, 0x01E29), (0x01E2B, 0x01E2B), (0x01E2D, 0x01E2D),
    (0x01E2F, 0x01E2F), (0x01E31, 0x01E31), (0x01E33, 0x01E33), (0x01E35, 0x01E35),
    (0x01E37, 0x01E37), (0x01E39, 0x01E39), (0x01E3B, 0x01E3B), (0x01E3D, 0x01E3D),
    (0x01E3F, 0x01E3F), (0x01E41, 0x01E41), (0x01E43, 0x01E43), (0x01E45, 0x01E45),
    (0x01E47, 0x01E47), (0x01E49, 0x01E49), (0x01E4B, 0x01E4B), (0x01E4D, 0x01E4D),
    (0x01E4F, 0x01E4F), (0x01E51, 0x01E51), (0x01E53, 0x01E53), (0x01E55, 0x01E55),
    (0x01E57, 0x01E57), (0x01E59, 0x01E59), (0x01E5B, 0x01E5B), (0x01E5D, 0x01E5D),
    (0x01E5F, 0x01E5F), (0x01E61, 0x01E61), (0x01E63, 0x01E63), (0x01E65, 0x01E65),
    (0x01E67, 0x01E67), (0x01E69, 0x01E69), (0x01E6B, 0x01E6B), (0x01E6D, 0x01E6D),
    (0x01E6F, 0x01E6F), (0x01E71, 0x01E71), (0x01E73, 0x01E73), (0x01E75, 0x01E75),
    (0x01E77, 0x01E77), (0x01E79, 0x01E79), (0x01E7B, 0x01E7B), (0x01E7D, 0x01E7D),
    (0x01E7F, 0x01E7F), (0x01E81, 0x01E81), (0x01E83, 0x01E83), (0x01E85, 0x01E85),
    (0x01E87, 0x01E87), (0x01E89, 0x01E89), (0x01E8B, 0x01E8B), (0x01E8D, 0x01E8D),
    (0x01E8F, 0x01E8F), (0x01E91, 0x01E91), (0x01E93, 0x01E93), (0x01E95, 0x01E9D),
    (0x01E9F, 0x01E9F), (0x01EA1, 0x01EA1), (0x01EA3, 0x01EA3), (0x01EA5, 0x01EA5),
    (0x01EA7, 0x01EA7), (0x01EA9, 0x01EA9), (0x01EAB, 0x01EAB), (0x01EAD, 0x01EAD),
    (0x01EAF, 0x01EAF), (0x01EB1, 0x01EB1), (0x01EB3, 0x01EB3), (0x01EB5, 0x01EB5),
    (0x01EB7, 0x01EB7), (0x01EB9, 0x01EB9), (0x01EBB, 0x01EBB), (0x01EBD, 0x01EBD),
    (0x01EBF, 0x01EBF), (0x01EC1, 0x01EC1), (0x01EC3, 0x01EC3), (0x01EC5, 0x01EC5),
    (0x01EC7, 0x01EC7), (0x01EC9, 0x01EC9), (0x01ECB, 0x01ECB), (0x01ECD, 0x01ECD),
    (0x01ECF, 0x01ECF), (0x01ED1, 0x01ED1), (0x01ED3, 0x01ED3), (0x01ED5, 0x01ED5),
    (0x01ED7, 0x01ED7), (0x01ED9, 0x01ED9), (0x01EDB, 0x01EDB), (0x01EDD, 0x01EDD),
    (0x01EDF, 0x01EDF), (0x01EE1, 0x01EE1), (0x01EE3, 0x01EE3), (0x01EE5, 0x01EE5),
    (0x01EE7, 0x01EE7), (0x01EE9, 0x01EE9), (0x01EEB, 0x01EEB), (0x01EED, 0x01EED),
    (0x01EEF, 0x01EEF), (0x01EF1, 0x01EF1), (0x01EF3, 0x01EF3), (0x01EF5, 0x01EF5),
    (0x01EF7, 0x01EF7), (0x01EF9, 0x01EF9), (0x01EFB, 0x01EFB), (0x01EFD, 0x01EFD),
    (0x01EFF, 0x01F07), (0x01F10, 0x01F15), (0x01F20, 0x01F27), (0x01F30, 0x01F37),
    (0x01F40, 0x01F45), (0x01F50, 0x01F57), (0x01F60, 0x01F67), (0x01F70, 0x01F7D),
    (0x01F80, 0x01F87), (0x01F90, 0x01F97), (0x01FA0, 0x01FA7), (0x01FB0, 0x01FB4),
    (0x01FB6, 0x01FB7), (0x01FBE, 0x01FBE), (0x01FC2, 0x01FC4), (0x01FC6, 0x01FC7),
    (0x01FD0, 0x01FD3), (0x01FD6, 0x01FD7), (0x01FE0, 0x01FE7), (0x01FF2, 0x01FF4),
    (0x01FF6, 0x01FF7), (0x02071, 0x02071), (0x0207F, 0x0207F), (0x02090, 0x0209C),
    (0x0210A, 0x0210A), (0x0210E, 0x0210F), (0x02113, 0x02113), (0x0212F, 0x0212F),
    (0x02134, 0x02134), (0x02139, 0x02139), (0x0213C, 0x0213D), (0x02146, 0x02149),
    (0x0214E, 0x0214E), (0x02170, 0x0217F), (0x02184, 0x02184), (0x024D0, 0x024E9),
    (0x02C30, 0x02C5F), (0x02C61, 0x02C61), (0x02C65, 0x02C66), (0x02C68, 0x02C68),
    (0x02C6A, 0x02C6A), (0x02C6C, 0x02C6C), (0x02C71, 0x02C71), (0x02C73, 0x02C74),
    (0x02C76, 0x02C7B), (0x02C7C, 0x02C7D), (0x02C81, 0x02C81), (0x02C83, 0x02C83),
    (0x02C85, 0x02C85), (0x02C87, 0x02C87), (0x02C89, 0x02C89), (0x02C8B, 0x02C8B),
    (0x02C8D, 0x02C8D), (0x02C8F, 0x02C8F), (0x02C91, 0x02C91), (0x02C93, 0x02C93),
    (0x02C95, 0x02C95), (0x02C97, 0x02C97), (0x02C99, 0x02C99), (0x02C9B, 0x02C9B),
    (0x02C9D, 0x02C9D), (0x02C9F, 0x02C9F), (0x02CA1, 0x02CA1), (0x02CA3, 0x02CA3),
    (0x02CA5, 0x02CA5), (0x02CA7, 0x02CA7), (0x02CA9, 0x02CA9), (0x02CAB, 0x02CAB),
    (0x02CAD, 0x02CAD), (0x02CAF, 0x02CAF), (0x02CB1, 0x02CB1), (0x02CB3, 0x02CB3),
    (0x02CB5, 0x02CB5), (0x02CB7, 0x02CB7), (0x02CB9, 0x02CB9), (0x02CBB, 0x02CBB),
    (0x02CBD, 0x02CBD), (0x02CBF, 0x02CBF), (0x02CC1, 0x02CC1), (0x02CC3, 0x02CC3),
    (0x02CC5, 0x02CC5), (0x02CC7, 0x02CC7), (0x02CC9, 0x02CC9), (0x02CCB, 0x02CCB),
    (0x02CCD, 0x02CCD), (0x02CCF, 0x02CCF), (0x02CD1, 0x02CD1), (0x02CD3, 0x02CD3),
    (0x02CD5, 0x02CD5), (0x02CD7, 0x02CD7), (0x02CD9, 0x02CD9), (0x02CDB, 0x02CDB),
    (0x02CDD, 0x02CDD), (0x02CDF, 0x02CDF), (0x02CE1, 0x02CE1), (0x02CE3, 0x02CE4),
    (0x02CEC, 0x02CEC), (0x02CEE, 0x02CEE), (0x02CF3, 0x02CF3), (0x02D00, 0x02D25),
    (0x02D27, 0x02D27), (0x02D2D, 0x02D2D), (0x0A641, 0x0A641), (0x0A643, 0x0A643),
    (0x0A645, 0x0A645), (0x0A647, 0x0A647), (0x0A649, 0x0A649), (0x0A64B, 0x0A64B),
    (0x0A64D, 0x0A64D), (0x0A64F, 0x0A64F), (0x0A651, 0x0A651), (0x0A653, 0x0A653),
    (0x0A655, 0x0A655), (0x0A657, 0x0A657), (0x0A659, 0x0A659), (0x0A65B, 0x0A65B),
    (0x0A65D, 0x0A65D), (0x0A65F, 0x0A65F), (0x0A661, 0x0A661), (0x0A663, 0x0A663),
    (0x0A665, 0x0A665), (0x0A667, 0x0A667), (0x0A669, 0x0A669), (0x0A66B, 0x0A66B),
    (0x0A66D, 0x0A66D), (0x0A681, 0x0A681), (0x0A683, 0x0A683), (0x0A685, 0x0A685),
    (0x0A687, 0x0A687), (0x0A689, 0x0A689), (0x0A68B, 0x0A68B), (0x0A68D, 0x0A68D),
    (0x0A68F, 0x0A68F), (0x0A691, 0x0A691), (0x0A693, 0x0A693), (0x0A695, 0x0A695),
    (0x0A697, 0x0A697), (0x0A699, 0x0A699), (0x0A69B, 0x0A69B), (0x0A69C, 0x0A69D),
    (0x0A723, 0x0A723), (0x0A725, 0x0A725), (0x0A727, 0x0A727), (0x0A729, 0x0A729),
    (0x0A72B, 0x0A72B), (0x0A72D, 0x0A72D), (0x0A72F, 0x0A731), (0x0A733, 0x0A733),
    (0x0A735, 0x0A735), (0x0A737, 0x0A737), (0x0A739, 0x0A739), (0x0A73B, 0x0A73B),
    (0x0A73D, 0x0A73D), (0x0A73F, 0x0A73F), (0x0A741, 0x0A741), (0x0A743, 0x0A743),
    (0x0A745, 0x0A745), (0x0A747, 0x0A747), (0x0A749, 0x0A749), (0x0A74B, 0x0A74B),
    (0x0A74D, 0x0A74D), (0x0A74F, 0x0A74F), (0x0A751, 0x0A751), (0x0A753, 0x0A753),
    (0x0A755, 0x0A755), (0x0A757, 0x0A757), (0x0A759, 0x0A759), (0x0A75B, 0x0A75B),
    (0x0A75D, 0x0A75D), (0x0A75F, 0x0A75F), (0x0A761, 0x0A761), (0x0A763, 0x0A763),
    (0x0A765, 0x0A765), (0x0A767, 0x0A767), (0x0A769, 0x0A769), (0x0A76B, 0x0A76B),
    (0x0A76D, 0x0A76D), (0x0A76F, 0x0A76F), (0x0A770, 0x0A770), (0x0A771, 0x0A778),
    (0x0A77A, 0x0A77A), (0x0A77C, 0x0A77C), (0x0A77F, 0x0A77F), (0x0A781, 0x0A781),
    (0x0A783, 0x0A783), (0x0A785, 0x0A785), (0x0A787, 0x0A787), (0x0A78C, 0x0A78C),
    (0x0A78E, 0x0A78E), (0x0A791, 0x0A791), (0x0A793, 0x0A795), (0x0A797, 0x0A797),
    (0x0A799, 0x0A799), (0x0A79B, 0x0A79B), (0x0A79D, 0x0A79D), (0x0A79F, 0x0A79F),
    (0x0A7A1, 0x0A7A1), (0x0A7A3, 0x0A7A3), (0x0A7A5, 0x0A7A5), (0x0A7A7, 0x0A7A7),
    (0x0A7A9, 0x0A7A9), (0x0A7AF, 0x0A7AF), (0x0A7B5, 0x0A7B5), (0x0A7B7, 0x0A7B7),
    (0x0A7B9, 0x0A7B9), (0x0A7BB, 0x0A7BB), (0x0A7BD, 0x0A7BD), (0x0A7BF, 0x0A7BF),
    (0x0A7C1, 0x0A7C1), (0x0A7C3, 0x0A7C3), (0x0A7C8, 0x0A7C8), (0x0A7CA, 0x0A7CA),
    (0x0A7CD, 0x0A7CD), (0x0A7CF, 0x0A7CF), (0x0A7D1, 0x0A7D1), (0x0A7D3, 0x0A7D3),
    (0x0A7D5, 0x0A7D5), (0x0A7D7, 0x0A7D7), (0x0A7D9, 0x0A7D9), (0x0A7DB, 0x0A7DB),
    (0x0A7F1, 0x0A7F4), (0x0A7F6, 0x0A7F6), (0x0A7F8, 0x0A7F9), (0x0A7FA, 0x0A7FA),
    (0x0AB30, 0x0AB5A), (0x0AB5C, 0x0AB5F), (0x0AB60, 0x0AB68), (0x0AB69, 0x0AB69),
    (0x0AB70, 0x0ABBF), (0x0FB00, 0x0FB06), (0x0FB13, 0x0FB17), (0x0FF41, 0x0FF5A),
    (0x10428, 0x1044F), (0x104D8, 0x104FB), (0x10597, 0x105A1), (0x105A3, 0x105B1),
    (0x105B3, 0x105B9), (0x105BB, 0x105BC), (0x10780, 0x10780), (0x10783, 0x10785),
    (0x10787, 0x107B0), (0x107B2, 0x107BA), (0x10CC0, 0x10CF2), (0x10D70, 0x10D85),
    (0x118C0, 0x118DF), (0x16E60, 0x16E7F), (0x16EBB, 0x16ED3), (0x1D41A, 0x1D433),
    (0x1D44E, 0x1D454), (0x1D456, 0x1D467), (0x1D482, 0x1D49B), (0x1D4B6, 0x1D4B9),
    (0x1D4BB, 0x1D4BB), (0x1D4BD, 0x1D4C3), (0x1D4C5, 0x1D4CF), (0x1D4EA, 0x1D503),
    (0x1D51E, 0x1D537), (0x1D552, 0x1D56B), (0x1D586, 0x1D59F), (0x1D5BA, 0x1D5D3),
    (0x1D5EE, 0x1D607), (0x1D622, 0x1D63B), (0x1D656, 0x1D66F), (0x1D68A, 0x1D6A5),
    (0x1D6C2, 0x1D6DA), (0x1D6DC, 0x1D6E1), (0x1D6FC, 0x1D714), (0x1D716, 0x1D71B),
    (0x1D736, 0x1D74E), (0x1D750, 0x1D755), (0x1D770, 0x1D788), (0x1D78A, 0x1D78F),
    (0x1D7AA, 0x1D7C2), (0x1D7C4, 0x1D7C9), (0x1D7CB, 0x1D7CB), (0x1DF00, 0x1DF09),
    (0x1DF0B, 0x1DF1E), (0x1DF25, 0x1DF2A), (0x1E030, 0x1E06D), (0x1E922, 0x1E943),
];

#[rustfmt::skip]
pub(super) static UPPERCASE: [(u32, u32); 660] = [
    (0x00041, 0x0005A), (0x000C0, 0x000D6), (0x000D8, 0x000DE), (0x00100, 0x00100),
    (0x00102, 0x00102), (0x00104, 0x00104), (0x00106, 0x00106), (0x00108, 0x00108),
    (0x0010A, 0x0010A), (0x0010C, 0x0010C), (0x0010E, 0x0010E), (0x00110, 0x00110),
    (0x00112, 0x00112), (0x00114, 0x00114), (0x00116, 0x00116), (0x00118, 0x00118),
    (0x0011A, 0x0011A), (0x0011C, 0x0011C), (0x0011E, 0x0011E), (0x00120, 0x00120),
    (0x00122, 0x00122), (0x00124, 0x00124), (0x00126, 0x00126), (0x00128, 0x00128),
    (0x0012A, 0x0012A), (0x0012C, 0x0012C), (0x0012E, 0x0012E), (0x00130, 0x00130),
    (0x00132, 0x00132), (0x00134, 0x00134), (0x00136, 0x00136), (0x00139, 0x00139),
    (0x0013B, 0x0013B), (0x0013D, 0x0013D), (0x0013F, 0x0013F), (0x00141, 0x00141),
    (0x00143, 0x00143), (0x00145, 0x00145), (0x00147, 0x00147), (0x0014A, 0x0014A),
    (0x0014C, 0x0014C), (0x0014E, 0x0014E), (0x00150, 0x00150), (0x00152, 0x00152),
    (0x00154, 0x00154), (0x00156, 0x00156), (0x00158, 0x00158), (0x0015A, 0x0015A),
    (0x0015C, 0x0015C), (0x0015E, 0x0015E), (0x00160, 0x00160), (0x00162, 0x00162),
    (0x00164, 0x00164), (0x00166, 0x00166), (0x00168, 0x00168), (0x0016A, 0x0016A),
    (0x0016C, 0x0016C), (0x0016E, 0x0016E), (0x00170, 0x00170), (0x00172, 0x00172),
    (0x00174, 0x00174), (0x00176, 0x00176), (0x00178, 0x00179), (0x0017B, 0x0017B),
    (0x0017D, 0x0017D), (0x00181, 0x00182), (0x00184, 0x00184), (0x00186, 0x00187),
    (0x00189, 0x0018B), (0x0018E, 0x00191), (0x00193, 0x00194), (0x00196, 0x00198),
    (0x0019C, 0x0019D), (0x0019F, 0x001A0), (0x001A2, 0x001A2), (0x001A4, 0x001A4),
    (0x001A6, 0x001A7), (0x001A9, 0x001A9), (0x001AC, 0x001AC), (0x001AE, 0x001AF),
    (0x001B1, 0x001B3), (0x001B5, 0x001B5), (0x001B7, 0x001B8), (0x001BC, 0x001BC),
    (0x001C4, 0x001C4), (0x001C7, 0x001C7), (0x001CA, 0x001CA), (0x001CD, 0x001CD),
    (0x001CF, 0x001CF), (0x001D1, 0x001D1), (0x001D3, 0x001D3), (0x001D5, 0x001D5),
    (0x001D7, 0x001D7), (0x001D9, 0x001D9), (0x001DB, 0x001DB), (0x001DE, 0x001DE),
    (0x001E0, 0x001E0), (0x001E2, 0x001E2), (0x001E4, 0x001E4), (0x001E6, 0x001E6),
    (0x001E8, 0x001E8), (0x001EA, 0x001EA), (0x001EC, 0x001EC), (0x001EE, 0x001EE),
    (0x001F1, 0x001F1), (0x001F4, 0x001F4), (0x001F6, 0x001F8), (0x001FA, 0x001FA),
    (0x001FC, 0x001FC), (0x001FE, 0x001FE), (0x00200, 0x00200), (0x00202, 0x00202),
    (0x00204, 0x00204), (0x00206, 0x00206), (0x00208, 0x00208), (0x0020A, 0x0020A),
    (0x0020C, 0x0020C), (0x0020E, 0x0020E), (0x00210, 0x00210), (0x00212, 0x00212),
    (0x00214, 0x00214), (0x00216, 0x00216), (0x00218, 0x00218), (0x0021A, 0x0021A),
    (0x0021C, 0x0021C), (0x0021E, 0x0021E), (0x00220, 0x00220), (0x00222, 0x00222),
    (0x00224, 0x00224), (0x00226, 0x00226), (0x00228, 0x00228), (0x0022A, 0x0022A),
    (0x0022C, 0x0022C), (0x0022E, 0x0022E), (0x00230, 0x00230), (0x00232, 0x00232),
    (0x0023A, 0x0023B), (0x0023D, 0x0023E), (0x00241, 0x00241), (0x00243, 0x00246),
    (0x00248, 0x00248), (0x0024A, 0x0024A), (0x0024C, 0x0024C), (0x0024E, 0x0024E),
    (0x00370, 0x00370), (0x00372, 0x00372), (0x00376, 0x00376), (0x0037F, 0x0037F),
    (0x00386, 0x00386), (0x00388, 0x0038A), (0x0038C, 0x0038C), (0x0038E, 0x0038F),
    (0x00391, 0x003A1), (0x003A3, 0x003AB), (0x003CF, 0x003CF), (0x003D2, 0x003D4),
    (0x003D8, 0x003D8), (0x003DA, 0x003DA), (0x003DC, 0x003DC), (0x003DE, 0x003DE),
    (0x003E0, 0x003E0), (0x003E2, 0x003E2), (0x003E4, 0x003E4), (0x003E6, 0x003E6),
    (0x003E8, 0x003E8), (0x003EA, 0x003EA), (0x003EC, 0x003EC), (0x003EE, 0x003EE),
    (0x003F4, 0x003F4), (0x003F7, 0x003F7), (0x003F9, 0x003FA), (0x003FD, 0x0042F),
    (0x00460, 0x00460), (0x00462, 0x00462), (0x00464, 0x00464), (0x00466, 0x00466),
    (0x00468, 0x00468), (0x0046A, 0x0046A), (0x0046C, 0x0046C), (0x0046E, 0x0046E),
    (0x00470, 0x00470), (0x00472, 0x00472), (0x00474, 0x00474), (0x00476, 0x00476),
    (0x00478, 0x00478), (0x0047A, 0x0047A), (0x0047C, 0x0047C), (0x0047E, 0x0047E),
    (0x00480, 0x00480), (0x0048A, 0x0048A), (0x0048C, 0x0048C), (0x0048E, 0x0048E),
    (0x00490, 0x00490), (0x00492, 0x00492), (0x00494, 0x00494), (0x00496, 0x00496),
    (0x00498, 0x00498), (0x0049A, 0x0049A), (0x0049C, 0x0049C), (0x0049E, 0x0049E),
    (0x004A0, 0x004A0), (0x004A2, 0x004A2), (0x004A4, 0x004A4), (0x004A6, 0x004A6),
    (0x004A8, 0x004A8), (0x004AA, 0x004AA), (0x004AC, 0x004AC), (0x004AE, 0x004AE),
    (0x004B0, 0x004B0), (0x004B2, 0x004B2), (0x004B4, 0x004B4), (0x004B6, 0x004B6),
    (0x004B8, 0x004B8), (0x004BA, 0x004BA), (0x004BC, 0x004BC), (0x004BE, 0x004BE),
    (0x004C0, 0x004C1), (0x004C3, 0x004C3), (0x004C5, 0x004C5), (0x004C7, 0x004C7),
    (0x004C9, 0x004C9), (0x004CB, 0x004CB), (0x004CD, 0x004CD), (0x004D0, 0x004D0),
    (0x004D2, 0x004D2), (0x004D4, 0x004D4), (0x004D6, 0x004D6), (0x004D8, 0x004D8),
    (0x004DA, 0x004DA), (0x004DC, 0x004DC), (0x004DE, 0x004DE), (0x004E0, 0x004E0),
    (0x004E2, 0x004E2), (0x004E4, 0x004E4), (0x004E6, 0x004E6), (0x004E8, 0x004E8),
    (0x004EA, 0x004EA), (0x004EC, 0x004EC), (0x004EE, 0x004EE), (0x004F0, 0x004F0),
    (0x004F2, 0x004F2), (0x004F4, 0x004F4), (0x004F6, 0x004F6), (0x004F8, 0x004F8),
    (0x004FA, 0x004FA), (0x004FC, 0x004FC), (0x004FE, 0x004FE), (0x00500, 0x00500),
    (0x00502, 0x00502), (0x00504, 0x00504), (0x00506, 0x00506), (0x00508, 0x00508),
    (0x0050A, 0x0050A), (0x0050C, 0x0050C), (0x0050E, 0x0050E), (0x00510, 0x00510),
    (0x00512, 0x00512), (0x00514, 0x00514), (0x00516, 0x00516), (0x00518, 0x00518),
    (0x0051A, 0x0051A), (0x0051C, 0x0051C), (0x0051E, 0x0051E), (0x00520, 0x00520),
    (0x00522, 0x00522), (0x00524, 0x00524), (0x00526, 0x00526), (0x00528, 0x00528),
    (0x0052A, 0x0052A), (0x0052C, 0x0052C), (0x0052E, 0x0052E), (0x00531, 0x00556),
    (0x010A0, 0x010C5), (0x010C7, 0x010C7), (0x010CD, 0x010CD), (0x013A0, 0x013F5),
    (0x01C89, 0x01C89), (0x01C90, 0x01CBA), (0x01CBD, 0x01CBF), (0x01E00, 0x01E00),
    (0x01E02, 0x01E02), (0x01E04, 0x01E04), (0x01E06, 0x01E06), (0x01E08, 0x01E08),
    (0x01E0A, 0x01E0A), (0x01E0C, 0x01E0C), (0x01E0E, 0x01E0E), (0x01E10, 0x01E10),
    (0x01E12, 0x01E12), (0x01E14, 0x01E14), (0x01E16, 0x01E16), (0x01E18, 0x01E18),
    (0x01E1A, 0x01E1A), (0x01E1C, 0x01E1C), (0x01E1E, 0x01E1E), (0x01E20, 0x01E20),
    (0x01E22, 0x01E22), (0x01E24, 0x01E24), (0x01E26, 0x01E26), (0x01E28, 0x01E28),
    (0x01E2A, 0x01E2A), (0x01E2C, 0x01E2C), (0x01E2E, 0x01E2E), (0x01E30, 0x01E30),
    (0x01E32, 0x01E32), (0x01E34, 0x01E34), (0x01E36, 0x01E36), (0x01E38, 0x01E38),
    (0x01E3A, 0x01E3A), (0x01E3C, 0x01E3C), (0x01E3E, 0x01E3E), (0x01E40, 0x01E40),
    (0x01E42, 0x01E42), (0x01E44, 0x01E44), (0x01E46, 0x01E46), (0x01E48, 0x01E48),
    (0x01E4A, 0x01E4A), (0x01E4C, 0x01E4C), (0x01E4E, 0x01E4E), (0x01E50, 0x01E50),
    (0x01E52, 0x01E52), (0x01E54, 0x01E54), (0x01E56, 0x01E56), (0x01E58, 0x01E58),
    (0x01E5A, 0x01E5A), (0x01E5C, 0x01E5C), (0x01E5E, 0x01E5E), (0x01E60, 0x01E60),
    (0x01E62, 0x01E62), (0x01E64, 0x01E64), (0x01E66, 0x01E66), (0x01E68, 0x01E68),
    (0x01E6A, 0x01E6A), (0x01E6C, 0x01E6C), (0x01E6E, 0x01E6E), (0x01E70, 0x01E70),
    (0x01E72, 0x01E72), (0x01E74, 0x01E74), (0x01E76, 0x01E76), (0x01E78, 0x01E78),
    (0x01E7A, 0x01E7A), (0x01E7C, 0x01E7C), (0x01E7E, 0x01E7E), (0x01E80, 0x01E80),
    (0x01E82, 0x01E82), (0x01E84, 0x01E84), (0x01E86, 0x01E86), (0x01E88, 0x01E88),
    (0x01E8A, 0x01E8A), (0x01E8C, 0x01E8C), (0x01E8E, 0x01E8E), (0x01E90, 0x01E90),
    (0x01E92, 0x01E92), (0x01E94, 0x01E94), (0x01E9E, 0x01E9E), (0x01EA0, 0x01EA0),
    (0x01EA2, 0x01EA2), (0x01EA4, 0x01EA4), (0x01EA6, 0x01EA6), (0x01EA8, 0x01EA8),
    (0x01EAA, 0x01EAA), (0x01EAC, 0x01EAC), (0x01EAE, 0x01EAE), (0x01EB0, 0x01EB0),
    (0x01EB2, 0x01EB2), (0x01EB4, 0x01EB4), (0x01EB6, 0x01EB6), (0x01EB8, 0x01EB8),
    (0x01EBA, 0x01EBA), (0x01EBC, 0x01EBC), (0x01EBE, 0x01EBE), (0x01EC0, 0x01EC0),
    (0x01EC2, 0x01EC2), (0x01EC4, 0x01EC4), (0x01EC6, 0x01EC6), (0x01EC8, 0x01EC8),
    (0x01ECA, 0x01ECA), (0x01ECC, 0x01ECC), (0x01ECE, 0x01ECE), (0x01ED0, 0x01ED0),
    (0x01ED2, 0x01ED2), (0x01ED4, 0x01ED4), (0x01ED6, 0x01ED6), (0x01ED8, 0x01ED8),
    (0x01EDA, 0x01EDA), (0x01EDC, 0x01EDC), (0x01EDE, 0x01EDE), (0x01EE0, 0x01EE0),
    (0x01EE2, 0x01EE2), (0x01EE4, 0x01EE4), (0x01EE6, 0x01EE6), (0x01EE8, 0x01EE8),
    (0x01EEA, 0x01EEA), (0x01EEC, 0x01EEC), (0x01EEE, 0x01EEE), (0x01EF0, 0x01EF0),
    (0x01EF2, 0x01EF2), (0x01EF4, 0x01EF4), (0x01EF6, 0x01EF6), (0x01EF8, 0x01EF8),
    (0x01EFA, 0x01EFA), (0x01EFC, 0x01EFC), (0x01EFE, 0x01EFE), (0x01F08, 0x01F0F),
    (0x01F18, 0x01F1D), (0x01F28, 0x01F2F), (0x01F38, 0x01F3F), (0x01F48, 0x01F4D),
    (0x01F59, 0x01F59), (0x01F5B, 0x01F5B), (0x01F5D, 0x01F5D), (0x01F5F, 0x01F5F),
    (0x01F68, 0x01F6F), (0x01FB8, 0x01FBB), (0x01FC8, 0x01FCB), (0x01FD8, 0x01FDB),
    (0x01FE8, 0x01FEC), (0x01FF8, 0x01FFB), (0x02102, 0x02102), (0x02107, 0x02107),
    (0x0210B, 0x0210D), (0x02110, 0x02112), (0x02115, 0x02115), (0x02119, 0x0211D),
    (0x02124, 0x02124), (0x02126, 0x02126), (0x02128, 0x02128), (0x0212A, 0x0212D),
    (0x02130, 0x02133), (0x0213E, 0x0213F), (0x02145, 0x02145), (0x02160, 0x0216F),
    (0x02183, 0x02183), (0x024B6, 0x024CF), (0x02C00, 0x02C2F), (0x02C60, 0x02C60),
    (0x02C62, 0x02C64), (0x02C67, 0x02C67), (0x02C69, 0x02C69), (0x02C6B, 0x02C6B),
    (0x02C6D, 0x02C70), (0x02C72, 0x02C72), (0x02C75, 0x02C75), (0x02C7E, 0x02C80),
    (0x02C82, 0x02C82), (0x02C84, 0x02C84), (0x02C86, 0x02C86), (0x02C88, 0x02C88),
    (0x02C8A, 0x02C8A), (0x02C8C, 0x02C8C), (0x02C8E, 0x02C8E), (0x02C90, 0x02C90),
    (0x02C92, 0x02C92), (0x02C94, 0x02C94), (0x02C96, 0x02C96), (0x02C98, 0x02C98),
    (0x02C9A, 0x02C9A), (0x02C9C, 0x02C9C), (0x02C9E, 0x02C9E), (0x02CA0, 0x02CA0),
    (0x02CA2, 0x02CA2), (0x02CA4, 0x02CA4), (0x02CA6, 0x02CA6), (0x02CA8, 0x02CA8),
    (0x02CAA, 0x02CAA), (0x02CAC, 0x02CAC), (0x02CAE, 0x02CAE), (0x02CB0, 0x02CB0),
    (0x02CB2, 0x02CB2), (0x02CB4, 0x02CB4), (0x02CB6, 0x02CB6), (0x02CB8, 0x02CB8),
    (0x02CBA, 0x02CBA), (0x02CBC, 0x02CBC), (0x02CBE, 0x02CBE), (0x02CC0, 0x02CC0),
    (0x02CC2, 0x02CC2), (0x02CC4, 0x02CC4), (0x02CC6, 0x02CC6), (0x02CC8, 0x02CC8),
    (0x02CCA, 0x02CCA), (0x02CCC, 0x02CCC), (0x02CCE, 0x02CCE), (0x02CD0, 0x02CD0),
    (0x02CD2, 0x02CD2), (0x02CD4, 0x02CD4), (0x02CD6, 0x02CD6), (0x02CD8, 0x02CD8),
    (0x02CDA, 0x02CDA), (0x02CDC, 0x02CDC), (0x02CDE, 0x02CDE), (0x02CE0, 0x02CE0),
    (0x02CE2, 0x02CE2), (0x02CEB, 0x02CEB), (0x02CED, 0x02CED), (0x02CF2, 0x02CF2),
    (0x0A640, 0x0A640), (0x0A642, 0x0A642), (0x0A644, 0x0A644), (0x0A646, 0x0A646),
    (0x0A648, 0x0A648), (0x0A64A, 0x0A64A), (0x0A64C, 0x0A64C), (0x0A64E, 0x0A64E),
    (0x0A650, 0x0A650), (0x0A652, 0x0A652), (0x0A654, 0x0A654), (0x0A656, 0x0A656),
    (0x0A658, 0x0A658), (0x0A65A, 0x0A65A), (0x0A65C, 0x0A65C), (0x0A65E, 0x0A65E),
    (0x0A660, 0x0A660), (0x0A662, 0x0A662), (0x0A664, 0x0A664), (0x0A666, 0x0A666),
    (0x0A668, 0x0A668), (0x0A66A, 0x0A66A), (0x0A66C, 0x0A66C), (0x0A680, 0x0A680),
    (0x0A682, 0x0A682), (0x0A684, 0x0A684), (0x0A686, 0x0A686), (0x0A688, 0x0A688),
    (0x0A68A, 0x0A68A), (0x0A68C, 0x0A68C), (0x0A68E, 0x0A68E), (0x0A690, 0x0A690),
    (0x0A692, 0x0A692), (0x0A694, 0x0A694), (0x0A696, 0x0A696), (0x0A698, 0x0A698),
    (0x0A69A, 0x0A69A), (0x0A722, 0x0A722), (0x0A724, 0x0A724), (0x0A726, 0x0A726),
    (0x0A728, 0x0A728), (0x0A72A, 0x0A72A), (0x0A72C, 0x0A72C), (0x0A72E, 0x0A72E),
    (0x0A732, 0x0A732), (0x0A734, 0x0A734), (0x0A736, 0x0A736), (0x0A738, 0x0A738),
    (0x0A73A, 0x0A73A), (0x0A73C, 0x0A73C), (0x0A73E, 0x0A73E), (0x0A740, 0x0A740),
    (0x0A742, 0x0A742), (0x0A744, 0x0A744), (0x0A746, 0x0A746), (0x0A748, 0x0A748),
    (0x0A74A, 0x0A74A), (0x0A74C, 0x0A74C), (0x0A74E, 0x0A74E), (0x0A750, 0x0A750),
    (0x0A752, 0x0A752), (0x0A754, 0x0A754), (0x0A756, 0x0A756), (0x0A758, 0x0A758),
    (0x0A75A, 0x0A75A), (0x0A75C, 0x0A75C), (0x0A75E, 0x0A75E), (0x0A760, 0x0A760),
    (0x0A762, 0x0A762), (0x0A764, 0x0A764), (0x0A766, 0x0A766), (0x0A768, 0x0A768),
    (0x0A76A, 0x0A76A), (0x0A76C, 0x0A76C), (0x0A76E, 0x0A76E), (0x0A779, 0x0A779),
    (0x0A77B, 0x0A77B), (0x0A77D, 0x0A77E), (0x0A780, 0x0A780), (0x0A782, 0x0A782),
    (0x0A784, 0x0A784), (0x0A786, 0x0A786), (0x0A78B, 0x0A78B), (0x0A78D, 0x0A78D),
    (0x0A790, 0x0A790), (0x0A792, 0x0A792), (0x0A796, 0x0A796), (0x0A798, 0x0A798),
    (0x0A79A, 0x0A79A), (0x0A79C, 0x0A79C), (0x0A79E, 0x0A79E), (0x0A7A0, 0x0A7A0),
    (0x0A7A2, 0x0A7A2), (0x0A7A4, 0x0A7A4), (0x0A7A6, 0x0A7A6), (0x0A7A8, 0x0A7A8),
    (0x0A7AA, 0x0A7AE), (0x0A7B0, 0x0A7B4), (0x0A7B6, 0x0A7B6), (0x0A7B8, 0x0A7B8),
    (0x0A7BA, 0x0A7BA), (0x0A7BC, 0x0A7BC), (0x0A7BE, 0x0A7BE), (0x0A7C0, 0x0A7C0),
    (0x0A7C2, 0x0A7C2), (0x0A7C4, 0x0A7C7), (0x0A7C9, 0x0A7C9), (0x0A7CB, 0x0A7CC),
    (0x0A7CE, 0x0A7CE), (0x0A7D0, 0x0A7D0), (0x0A7D2, 0x0A7D2), (0x0A7D4, 0x0A7D4),
    (0x0A7D6, 0x0A7D6), (0x0A7D8, 0x0A7D8), (0x0A7DA, 0x0A7DA), (0x0A7DC, 0x0A7DC),
    (0x0A7F5, 0x0A7F5), (0x0FF21, 0x0FF3A), (0x10400, 0x10427), (0x104B0, 0x104D3),
    (0x10570, 0x1057A), (0x1057C, 0x1058A), (0x1058C, 0x10592), (0x10594, 0x10595),
    (0x10C80, 0x10CB2), (0x10D50, 0x10D65), (0x118A0, 0x118BF), (0x16E40, 0x16E5F),
    (0x16EA0, 0x16EB8), (0x1D400, 0x1D419), (0x1D434, 0x1D44D), (0x1D468, 0x1D481),
    (0x1D49C, 0x1D49C), (0x1D49E, 0x1D49F), (0x1D4A2, 0x1D4A2), (0x1D4A5, 0x1D4A6),
    (0x1D4A9, 0x1D4AC), (0x1D4AE, 0x1D4B5), (0x1D4D0, 0x1D4E9), (0x1D504, 0x1D505),
    (0x1D507, 0x1D50A), (0x1D50D, 0x1D514), (0x1D516, 0x1D51C), (0x1D538, 0x1D539),
    (0x1D53B, 0x1D53E), (0x1D540, 0x1D544), (0x1D546, 0x1D546), (0x1D54A, 0x1D550),
    (0x1D56C, 0x1D585), (0x1D5A0, 0x1D5B9), (0x1D5D4, 0x1D5ED), (0x1D608, 0x1D621),
    (0x1D63C, 0x1D655), (0x1D670, 0x1D689), (0x1D6A8, 0x1D6C0), (0x1D6E2, 0x1D6FA),
    (0x1D71C, 0x1D734), (0x1D756, 0x1D76E), (0x1D790, 0x1D7A8), (0x1D7CA, 0x1D7CA),
    (0x1E900, 0x1E921), (0x1F130, 0x1F149), (0x1F150, 0x1F169), (0x1F170, 0x1F189),
];

#[rustfmt::skip]
pub(super) static CASE_IGNORABLE: [(u32, u32); 518] = [
    (0x00027, 0x00027), (0x0002E, 0x0002E), (0x0003A, 0x0003A), (0x0005E, 0x0005E),
    (0x00060, 0x00060), (0x000A8, 0x000A8), (0x000AD, 0x000AD), (0x000AF, 0x000AF),
    (0x000B4, 0x000B4), (0x000B7, 0x000B7), (0x000B8, 0x000B8), (0x002B0, 0x002C1),
    (0x002C2, 0x002C5), (0x002C6, 0x002D1), (0x002D2, 0x002DF), (0x002E0, 0x002E4),
    (0x002E5, 0x002EB), (0x002EC, 0x002EC), (0x002ED, 0x002ED), (0x002EE, 0x002EE),
    (0x002EF, 0x002FF), (0x00300, 0x0036F), (0x00374, 0x00374), (0x00375, 0x00375),
    (0x0037A, 0x0037A), (0x00384, 0x00385), (0x00387, 0x00387), (0x00483, 0x00487),
    (0x00488, 0x00489), (0x00559, 0x00559), (0x0055F, 0x0055F), (0x00591, 0x005BD),
    (0x005BF, 0x005BF), (0x005C1, 0x005C2), (0x005C4, 0x005C5), (0x005C7, 0x005C7),
    (0x005F4, 0x005F4), (0x00600, 0x00605), (0x00610, 0x0061A), (0x0061C, 0x0061C),
    (0x00640, 0x00640), (0x0064B, 0x0065F), (0x00670, 0x00670), (0x006D6, 0x006DC),
    (0x006DD, 0x006DD), (0x006DF, 0x006E4), (0x006E5, 0x006E6), (0x006E7, 0x006E8),
    (0x006EA, 0x006ED), (0x0070F, 0x0070F), (0x00711, 0x00711), (0x00730, 0x0074A),
    (0x007A6, 0x007B0), (0x007EB, 0x007F3), (0x007F4, 0x007F5), (0x007FA, 0x007FA),
    (0x007FD, 0x007FD), (0x00816, 0x00819), (0x0081A, 0x0081A), (0x0081B, 0x00823),
    (0x00824, 0x00824), (0x00825, 0x00827), (0x00828, 0x00828), (0x00829, 0x0082D),
    (0x00859, 0x0085B), (0x00888, 0x00888), (0x00890, 0x00891), (0x00897, 0x0089F),
    (0x008C9, 0x008C9), (0x008CA, 0x008E1), (0x008E2, 0x008E2), (0x008E3, 0x00902),
    (0x0093A, 0x0093A), (0x0093C, 0x0093C), (0x00941, 0x00948), (0x0094D, 0x0094D),
    (0x00951, 0x00957), (0x00962, 0x00963), (0x00971, 0x00971), (0x00981, 0x00981),
    (0x009BC, 0x009BC), (0x009C1, 0x009C4), (0x009CD, 0x009CD), (0x009E2, 0x009E3),
    (0x009FE, 0x009FE), (0x00A01, 0x00A02), (0x00A3C, 0x00A3C), (0x00A41, 0x00A42),
    (0x00A47, 0x00A48), (0x00A4B, 0x00A4D), (0x00A51, 0x00A51), (0x00A70, 0x00A71),
    (0x00A75, 0x00A75), (0x00A81, 0x00A82), (0x00ABC, 0x00ABC), (0x00AC1, 0x00AC5),
    (0x00AC7, 0x00AC8), (0x00ACD, 0x00ACD), (0x00AE2, 0x00AE3), (0x00AFA, 0x00AFF),
    (0x00B01, 0x00B01), (0x00B3C, 0x00B3C), (0x00B3F, 0x00B3F), (0x00B41, 0x00B44),
    (0x00B4D, 0x00B4D), (0x00B55, 0x00B56), (0x00B62, 0x00B63), (0x00B82, 0x00B82),
    (0x00BC0, 0x00BC0), (0x00BCD, 0x00BCD), (0x00C00, 0x00C00), (0x00C04, 0x00C04),
    (0x00C3C, 0x00C3C), (0x00C3E, 0x00C40), (0x00C46, 0x00C48), (0x00C4A, 0x00C4D),
    (0x00C55, 0x00C56), (0x00C62, 0x00C63), (0x00C81, 0x00C81), (0x00CBC, 0x00CBC),
    (0x00CBF, 0x00CBF), (0x00CC6, 0x00CC6), (0x00CCC, 0x00CCD), (0x00CE2, 0x00CE3),
    (0x00D00, 0x00D01), (0x00D3B, 0x00D3C), (0x00D41, 0x00D44), (0x00D4D, 0x00D4D),
    (0x00D62, 0x00D63), (0x00D81, 0x00D81), (0x00DCA, 0x00DCA), (0x00DD2, 0x00DD4),
    (0x00DD6, 0x00DD6), (0x00E31, 0x00E31), (0x00E34, 0x00E3A), (0x00E46, 0x00E46),
    (0x00E47, 0x00E4E), (0x00EB1, 0x00EB1), (0x00EB4, 0x00EBC), (0x00EC6, 0x00EC6),
    (0x00EC8, 0x00ECE), (0x00F18, 0x00F19), (0x00F35, 0x00F35), (0x00F37, 0x00F37),
    (0x00F39, 0x00F39), (0x00F71, 0x00F7E), (0x00F80, 0x00F84), (0x00F86, 0x00F87),
    (0x00F8D, 0x00F97), (0x00F99, 0x00FBC), (0x00FC6, 0x00FC6), (0x0102D, 0x01030),
    (0x01032, 0x01037), (0x01039, 0x0103A), (0x0103D, 0x0103E), (0x01058, 0x01059),
    (0x0105E, 0x01060), (0x01071, 0x01074), (0x01082, 0x01082), (0x01085, 0x01086),
    (0x0108D, 0x0108D), (0x0109D, 0x0109D), (0x010FC, 0x010FC), (0x0135D, 0x0135F),
    (0x01712, 0x01714), (0x01732, 0x01733), (0x01752, 0x01753), (0x01772, 0x01773),
    (0x017B4, 0x017B5), (0x017B7, 0x017BD), (0x017C6, 0x017C6), (0x017C9, 0x017D3),
    (0x017D7, 0x017D7), (0x017DD, 0x017DD), (0x0180B, 0x0180D), (0x0180E, 0x0180E),
    (0x0180F, 0x0180F), (0x01843, 0x01843), (0x01885, 0x01886), (0x018A9, 0x018A9),
    (0x01920, 0x01922), (0x01927, 0x01928), (0x01932, 0x01932), (0x01939, 0x0193B),
    (0x01A17, 0x01A18), (0x01A1B, 0x01A1B), (0x01A56, 0x01A56), (0x01A58, 0x01A5E),
    (0x01A60, 0x01A60), (0x01A62, 0x01A62), (0x01A65, 0x01A6C), (0x01A73, 0x01A7C),
    (0x01A7F, 0x01A7F), (0x01AA7, 0x01AA7), (0x01AB0, 0x01ABD), (0x01ABE, 0x01ABE),
    (0x01ABF, 0x01ADD), (0x01AE0, 0x01AEB), (0x01B00, 0x01B03), (0x01B34, 0x01B34),
    (0x01B36, 0x01B3A), (0x01B3C, 0x01B3C), (0x01B42, 0x01B42), (0x01B6B, 0x01B73),
    (0x01B80, 0x01B81), (0x01BA2, 0x01BA5), (0x01BA8, 0x01BA9), (0x01BAB, 0x01BAD),
    (0x01BE6, 0x01BE6), (0x01BE8, 0x01BE9), (0x01BED, 0x01BED), (0x01BEF, 0x01BF1),
    (0x01C2C, 0x01C33), (0x01C36, 0x01C37), (0x01C78, 0x01C7D), (0x01CD0, 0x01CD2),
    (0x01CD4, 0x01CE0), (0x01CE2, 0x01CE8), (0x01CED, 0x01CED), (0x01CF4, 0x01CF4),
    (0x01CF8, 0x01CF9), (0x01D2C, 0x01D6A), (0x01D78, 0x01D78), (0x01D9B, 0x01DBF),
    (0x01DC0, 0x01DFF), (0x01FBD, 0x01FBD), (0x01FBF, 0x01FC1), (0x01FCD, 0x01FCF),
    (0x01FDD, 0x01FDF), (0x01FED, 0x01FEF), (0x01FFD, 0x01FFE), (0x0200B, 0x0200F),
    (0x02018, 0x02018), (0x02019, 0x02019), (0x02024, 0x02024), (0x02027, 0x02027),
    (0x0202A, 0x0202E), (0x02060, 0x02064), (0x02066, 0x0206F), (0x02071, 0x02071),
    (0x0207F, 0x0207F), (0x02090, 0x0209C), (0x020D0, 0x020DC), (0x020DD, 0x020E0),
    (0x020E1, 0x020E1), (0x020E2, 0x020E4), (0x020E5, 0x020F0), (0x02C7C, 0x02C7D),
    (0x02CEF, 0x02CF1), (0x02D6F, 0x02D6F), (0x02D7F, 0x02D7F), (0x02DE0, 0x02DFF),
    (0x02E2F, 0x02E2F), (0x03005, 0x03005), (0x0302A, 0x0302D), (0x03031, 0x03035),
    (0x0303B, 0x0303B), (0x03099, 0x0309A), (0x0309B, 0x0309C), (0x0309D, 0x0309E),
    (0x030FC, 0x030FE), (0x0A015, 0x0A015), (0x0A4F8, 0x0A4FD), (0x0A60C, 0x0A60C),
    (0x0A66F, 0x0A66F), (0x0A670, 0x0A672), (0x0A674, 0x0A67D), (0x0A67F, 0x0A67F),
    (0x0A69C, 0x0A69D), (0x0A69E, 0x0A69F), (0x0A6F0, 0x0A6F1), (0x0A700, 0x0A716),
    (0x0A717, 0x0A71F), (0x0A720, 0x0A721), (0x0A770, 0x0A770), (0x0A788, 0x0A788),
    (0x0A789, 0x0A78A), (0x0A7F1, 0x0A7F4), (0x0A7F8, 0x0A7F9), (0x0A802, 0x0A802),
    (0x0A806, 0x0A806), (0x0A80B, 0x0A80B), (0x0A825, 0x0A826), (0x0A82C, 0x0A82C),
    (0x0A8C4, 0x0A8C5), (0x0A8E0, 0x0A8F1), (0x0A8FF, 0x0A8FF), (0x0A926, 0x0A92D),
    (0x0A947, 0x0A951), (0x0A980, 0x0A982), (0x0A9B3, 0x0A9B3), (0x0A9B6, 0x0A9B9),
    (0x0A9BC, 0x0A9BD), (0x0A9CF, 0x0A9CF), (0x0A9E5, 0x0A9E5), (0x0A9E6, 0x0A9E6),
    (0x0AA29, 0x0AA2E), (0x0AA31, 0x0AA32), (0x0AA35, 0x0AA36), (0x0AA43, 0x0AA43),
    (0x0AA4C, 0x0AA4C), (0x0AA70, 0x0AA70), (0x0AA7C, 0x0AA7C), (0x0AAB0, 0x0AAB0),
    (0x0AAB2, 0x0AAB4), (0x0AAB7, 0x0AAB8), (0x0AABE, 0x0AABF), (0x0AAC1, 0x0AAC1),
    (0x0AADD, 0x0AADD), (0x0AAEC, 0x0AAED), (0x0AAF3, 0x0AAF4), (0x0AAF6, 0x0AAF6),
    (0x0AB5B, 0x0AB5B), (0x0AB5C, 0x0AB5F), (0x0AB69, 0x0AB69), (0x0AB6A, 0x0AB6B),
    (0x0ABE5, 0x0ABE5), (0x0ABE8, 0x0ABE8), (0x0ABED, 0x0ABED), (0x0FB1E, 0x0FB1E),
    (0x0FBB2, 0x0FBC2), (0x0FE00, 0x0FE0F), (0x0FE13, 0x0FE13), (0x0FE20, 0x0FE2F),
    (0x0FE52, 0x0FE52), (0x0FE55, 0x0FE55), (0x0FEFF, 0x0FEFF), (0x0FF07, 0x0FF07),
    (0x0FF0E, 0x0FF0E), (0x0FF1A, 0x0FF1A), (0x0FF3E, 0x0FF3E), (0x0FF40, 0x0FF40),
    (0x0FF70, 0x0FF70), (0x0FF9E, 0x0FF9F), (0x0FFE3, 0x0FFE3), (0x0FFF9, 0x0FFFB),
    (0x101FD, 0x101FD), (0x102E0, 0x102E0), (0x10376, 0x1037A), (0x10780, 0x10785),
    (0x10787, 0x107B0), (0x107B2, 0x107BA), (0x10A01, 0x10A03), (0x10A05, 0x10A06),
    (0x10A0C, 0x10A0F), (0x10A38, 0x10A3A), (0x10A3F, 0x10A3F), (0x10AE5, 0x10AE6),
    (0x10D24, 0x10D27), (0x10D4E, 0x10D4E), (0x10D69, 0x10D6D), (0x10D6F, 0x10D6F),
    (0x10EAB, 0x10EAC), (0x10EC5, 0x10EC5), (0x10EFA, 0x10EFF), (0x10F46, 0x10F50),
    (0x10F82, 0x10F85), (0x11001, 0x11001), (0x11038, 0x11046), (0x11070, 0x11070),
    (0x11073, 0x11074), (0x1107F, 0x11081), (0x110B3, 0x110B6), (0x110B9, 0x110BA),
    (0x110BD, 0x110BD), (0x110C2, 0x110C2), (0x110CD, 0x110CD), (0x11100, 0x11102),
    (0x11127, 0x1112B), (0x1112D, 0x11134), (0x11173, 0x11173), (0x11180, 0x11181),
    (0x111B6, 0x111BE), (0x111C9, 0x111CC), (0x111CF, 0x111CF), (0x1122F, 0x11231),
    (0x11234, 0x11234), (0x11236, 0x11237), (0x1123E, 0x1123E), (0x11241, 0x11241),
    (0x112DF, 0x112DF), (0x112E3, 0x112EA), (0x11300, 0x11301), (0x1133B, 0x1133C),
    (0x11340, 0x11340), (0x11366, 0x1136C), (0x11370, 0x11374), (0x113BB, 0x113C0),
    (0x113CE, 0x113CE), (0x113D0, 0x113D0), (0x113D2, 0x113D2), (0x113E1, 0x113E2),
    (0x11438, 0x1143F), (0x11442, 0x11444), (0x11446, 0x11446), (0x1145E, 0x1145E),
    (0x114B3, 0x114B8), (0x114BA, 0x114BA), (0x114BF, 0x114C0), (0x114C2, 0x114C3),
    (0x115B2, 0x115B5), (0x115BC, 0x115BD), (0x115BF, 0x115C0), (0x115DC, 0x115DD),
    (0x11633, 0x1163A), (0x1163D, 0x1163D), (0x1163F, 0x11640), (0x116AB, 0x116AB),
    (0x116AD, 0x116AD), (0x116B0, 0x116B5), (0x116B7, 0x116B7), (0x1171D, 0x1171D),
    (0x1171F, 0x1171F), (0x11722, 0x11725), (0x11727, 0x1172B), (0x1182F, 0x11837),
    (0x11839, 0x1183A), (0x1193B, 0x1193C), (0x1193E, 0x1193E), (0x11943, 0x11943),
    (0x119D4, 0x119D7), (0x119DA, 0x119DB), (0x119E0, 0x119E0), (0x11A01, 0x11A0A),
    (0x11A33, 0x11A38), (0x11A3B, 0x11A3E), (0x11A47, 0x11A47), (0x11A51, 0x11A56),
    (0x11A59, 0x11A5B), (0x11A8A, 0x11A96), (0x11A98, 0x11A99), (0x11B60, 0x11B60),
    (0x11B62, 0x11B64), (0x11B66, 0x11B66), (0x11C30, 0x11C36), (0x11C38, 0x11C3D),
    (0x11C3F, 0x11C3F), (0x11C92, 0x11CA7), (0x11CAA, 0x11CB0), (0x11CB2, 0x11CB3),
    (0x11CB5, 0x11CB6), (0x11D31, 0x11D36), (0x11D3A, 0x11D3A), (0x11D3C, 0x11D3D),
    (0x11D3F, 0x11D45), (0x11D47, 0x11D47), (0x11D90, 0x11D91), (0x11D95, 0x11D95),
    (0x11D97, 0x11D97), (0x11DD9, 0x11DD9), (0x11EF3, 0x11EF4), (0x11F00, 0x11F01),
    (0x11F36, 0x11F3A), (0x11F40, 0x11F40), (0x11F42, 0x11F42), (0x11F5A, 0x11F5A),
    (0x13430, 0x1343F), (0x13440, 0x13440), (0x13447, 0x13455), (0x1611E, 0x16129),
    (0x1612D, 0x1612F), (0x16AF0, 0x16AF4), (0x16B30, 0x16B36), (0x16B40, 0x16B43),
    (0x16D40, 0x16D42), (0x16D6B, 0x16D6C), (0x16F4F, 0x16F4F), (0x16F8F, 0x16F92),
    (0x16F93, 0x16F9F), (0x16FE0, 0x16FE1), (0x16FE3, 0x16FE3), (0x16FE4, 0x16FE4),
    (0x16FF2, 0x16FF3), (0x1AFF0, 0x1AFF3), (0x1AFF5, 0x1AFFB), (0x1AFFD, 0x1AFFE),
    (0x1BC9D, 0x1BC9E), (0x1BCA0, 0x1BCA3), (0x1CF00, 0x1CF2D), (0x1CF30, 0x1CF46),
    (0x1D167, 0x1D169), (0x1D173, 0x1D17A), (0x1D17B, 0x1D182), (0x1D185, 0x1D18B),
    (0x1D1AA, 0x1D1AD), (0x1D242, 0x1D244), (0x1DA00, 0x1DA36), (0x1DA3B, 0x1DA6C),
    (0x1DA75, 0x1DA75), (0x1DA84, 0x1DA84), (0x1DA9B, 0x1DA9F), (0x1DAA1, 0x1DAAF),
    (0x1E000, 0x1E006), (0x1E008, 0x1E018), (0x1E01B, 0x1E021), (0x1E023, 0x1E024),
    (0x1E026, 0x1E02A), (0x1E030, 0x1E06D), (0x1E08F, 0x1E08F), (0x1E130, 0x1E136),
    (0x1E137, 0x1E13D), (0x1E2AE, 0x1E2AE), (0x1E2EC, 0x1E2EF), (0x1E4EB, 0x1E4EB),
    (0x1E4EC, 0x1E4EF), (0x1E5EE, 0x1E5EF), (0x1E6E3, 0x1E6E3), (0x1E6E6, 0x1E6E6),
    (0x1E6EE, 0x1E6EF), (0x1E6F5, 0x1E6F5), (0x1E6FF, 0x1E6FF), (0x1E8D0, 0x1E8D6),
    (0x1E944, 0x1E94A), (0x1E94B, 0x1E94B), (0x1F3FB, 0x1F3FF), (0xE0001, 0xE0001),
    (0xE0020, 0xE007F), (0xE0100, 0xE01EF),
];
